[0.303s] DEBUG:colcon:Command line arguments: ['/usr/bin/colcon', 'build']
[0.303s] DEBUG:colcon:Parsed command line arguments: Namespace(log_base=None, log_level=None, verb_name='build', build_base='build', install_base='install', merge_install=False, symlink_install=False, test_result_base=None, continue_on_error=False, executor='parallel', parallel_workers=6, event_handlers=None, ignore_user_meta=False, metas=['./colcon.meta'], base_paths=['.'], packages_ignore=None, packages_ignore_regex=None, paths=None, packages_up_to=None, packages_up_to_regex=None, packages_above=None, packages_above_and_dependencies=None, packages_above_depth=None, packages_select_by_dep=None, packages_skip_by_dep=None, packages_skip_up_to=None, packages_select_build_failed=False, packages_skip_build_finished=False, packages_select_test_failures=False, packages_skip_test_passed=False, packages_select=None, packages_skip=None, packages_select_regex=None, packages_skip_regex=None, packages_start=None, packages_end=None, allow_overriding=[], cmake_args=None, cmake_target=None, cmake_target_skip_unavailable=False, cmake_clean_cache=False, cmake_clean_first=False, cmake_force_configure=False, ament_cmake_args=None, catkin_cmake_args=None, catkin_skip_building_tests=False, mixin_files=None, mixin=None, verb_parser=<colcon_mixin.mixin.mixin_argument.MixinArgumentDecorator object at 0xffff85cc7730>, verb_extension=<colcon_core.verb.build.BuildVerb object at 0xffff85cc70a0>, main=<bound method BuildVerb.main of <colcon_core.verb.build.BuildVerb object at 0xffff85cc70a0>>, mixin_verb=('build',))
[0.771s] Level 1:colcon.colcon_core.package_discovery:discover_packages(colcon_meta) check parameters
[0.772s] Level 1:colcon.colcon_core.package_discovery:discover_packages(recursive) check parameters
[0.772s] Level 1:colcon.colcon_core.package_discovery:discover_packages(ignore) check parameters
[0.772s] Level 1:colcon.colcon_core.package_discovery:discover_packages(path) check parameters
[0.772s] Level 1:colcon.colcon_core.package_discovery:discover_packages(colcon_meta) discover
[0.772s] Level 1:colcon.colcon_core.package_discovery:discover_packages(recursive) discover
[0.772s] INFO:colcon.colcon_core.package_discovery:Crawling recursively for packages in '/home/sdc6/f1tenth_ws'
[0.772s] Level 1:colcon.colcon_core.package_identification:_identify(.) by extensions ['ignore', 'ignore_ament_install']
[0.772s] Level 1:colcon.colcon_core.package_identification:_identify(.) by extension 'ignore'
[0.773s] Level 1:colcon.colcon_core.package_identification:_identify(.) by extension 'ignore_ament_install'
[0.773s] Level 1:colcon.colcon_core.package_identification:_identify(.) by extensions ['colcon_pkg']
[0.773s] Level 1:colcon.colcon_core.package_identification:_identify(.) by extension 'colcon_pkg'
[0.773s] Level 1:colcon.colcon_core.package_identification:_identify(.) by extensions ['colcon_meta']
[0.773s] Level 1:colcon.colcon_core.package_identification:_identify(.) by extension 'colcon_meta'
[0.773s] Level 1:colcon.colcon_core.package_identification:_identify(.) by extensions ['ros']
[0.773s] Level 1:colcon.colcon_core.package_identification:_identify(.) by extension 'ros'
[0.795s] Level 1:colcon.colcon_core.package_identification:_identify(.) by extensions ['cmake', 'python']
[0.795s] Level 1:colcon.colcon_core.package_identification:_identify(.) by extension 'cmake'
[0.795s] Level 1:colcon.colcon_core.package_identification:_identify(.) by extension 'python'
[0.796s] Level 1:colcon.colcon_core.package_identification:_identify(.) by extensions ['python_setup_py']
[0.796s] Level 1:colcon.colcon_core.package_identification:_identify(.) by extension 'python_setup_py'
[0.796s] Level 1:colcon.colcon_core.package_identification:_identify(build) by extensions ['ignore', 'ignore_ament_install']
[0.796s] Level 1:colcon.colcon_core.package_identification:_identify(build) by extension 'ignore'
[0.796s] Level 1:colcon.colcon_core.package_identification:_identify(build) ignored
[0.797s] Level 1:colcon.colcon_core.package_identification:_identify(install) by extensions ['ignore', 'ignore_ament_install']
[0.797s] Level 1:colcon.colcon_core.package_identification:_identify(install) by extension 'ignore'
[0.797s] Level 1:colcon.colcon_core.package_identification:_identify(install) ignored
[0.797s] Level 1:colcon.colcon_core.package_identification:_identify(log) by extensions ['ignore', 'ignore_ament_install']
[0.797s] Level 1:colcon.colcon_core.package_identification:_identify(log) by extension 'ignore'
[0.797s] Level 1:colcon.colcon_core.package_identification:_identify(log) ignored
[0.798s] Level 1:colcon.colcon_core.package_identification:_identify(src) by extensions ['ignore', 'ignore_ament_install']
[0.798s] Level 1:colcon.colcon_core.package_identification:_identify(src) by extension 'ignore'
[0.798s] Level 1:colcon.colcon_core.package_identification:_identify(src) by extension 'ignore_ament_install'
[0.798s] Level 1:colcon.colcon_core.package_identification:_identify(src) by extensions ['colcon_pkg']
[0.798s] Level 1:colcon.colcon_core.package_identification:_identify(src) by extension 'colcon_pkg'
[0.798s] Level 1:colcon.colcon_core.package_identification:_identify(src) by extensions ['colcon_meta']
[0.798s] Level 1:colcon.colcon_core.package_identification:_identify(src) by extension 'colcon_meta'
[0.798s] Level 1:colcon.colcon_core.package_identification:_identify(src) by extensions ['ros']
[0.798s] Level 1:colcon.colcon_core.package_identification:_identify(src) by extension 'ros'
[0.799s] Level 1:colcon.colcon_core.package_identification:_identify(src) by extensions ['cmake', 'python']
[0.799s] Level 1:colcon.colcon_core.package_identification:_identify(src) by extension 'cmake'
[0.799s] Level 1:colcon.colcon_core.package_identification:_identify(src) by extension 'python'
[0.799s] Level 1:colcon.colcon_core.package_identification:_identify(src) by extensions ['python_setup_py']
[0.799s] Level 1:colcon.colcon_core.package_identification:_identify(src) by extension 'python_setup_py'
[0.799s] Level 1:colcon.colcon_core.package_identification:_identify(src/f1tenth_mpc) by extensions ['ignore', 'ignore_ament_install']
[0.799s] Level 1:colcon.colcon_core.package_identification:_identify(src/f1tenth_mpc) by extension 'ignore'
[0.799s] Level 1:colcon.colcon_core.package_identification:_identify(src/f1tenth_mpc) by extension 'ignore_ament_install'
[0.800s] Level 1:colcon.colcon_core.package_identification:_identify(src/f1tenth_mpc) by extensions ['colcon_pkg']
[0.800s] Level 1:colcon.colcon_core.package_identification:_identify(src/f1tenth_mpc) by extension 'colcon_pkg'
[0.800s] Level 1:colcon.colcon_core.package_identification:_identify(src/f1tenth_mpc) by extensions ['colcon_meta']
[0.800s] Level 1:colcon.colcon_core.package_identification:_identify(src/f1tenth_mpc) by extension 'colcon_meta'
[0.800s] Level 1:colcon.colcon_core.package_identification:_identify(src/f1tenth_mpc) by extensions ['ros']
[0.800s] Level 1:colcon.colcon_core.package_identification:_identify(src/f1tenth_mpc) by extension 'ros'
[0.808s] DEBUG:colcon.colcon_core.package_identification:Package 'src/f1tenth_mpc' with type 'ros.ament_python' and name 'kinematic_mpc'
[0.809s] Level 1:colcon.colcon_core.package_identification:_identify(src/f1tenth_mppi) by extensions ['ignore', 'ignore_ament_install']
[0.809s] Level 1:colcon.colcon_core.package_identification:_identify(src/f1tenth_mppi) by extension 'ignore'
[0.809s] Level 1:colcon.colcon_core.package_identification:_identify(src/f1tenth_mppi) by extension 'ignore_ament_install'
[0.809s] Level 1:colcon.colcon_core.package_identification:_identify(src/f1tenth_mppi) by extensions ['colcon_pkg']
[0.809s] Level 1:colcon.colcon_core.package_identification:_identify(src/f1tenth_mppi) by extension 'colcon_pkg'
[0.810s] Level 1:colcon.colcon_core.package_identification:_identify(src/f1tenth_mppi) by extensions ['colcon_meta']
[0.810s] Level 1:colcon.colcon_core.package_identification:_identify(src/f1tenth_mppi) by extension 'colcon_meta'
[0.810s] Level 1:colcon.colcon_core.package_identification:_identify(src/f1tenth_mppi) by extensions ['ros']
[0.810s] Level 1:colcon.colcon_core.package_identification:_identify(src/f1tenth_mppi) by extension 'ros'
[0.812s] DEBUG:colcon.colcon_core.package_identification:Package 'src/f1tenth_mppi' with type 'ros.ament_cmake' and name 'f1tenth_mppi'
[0.813s] Level 1:colcon.colcon_core.package_identification:_identify(src/f1tenth_system) by extensions ['ignore', 'ignore_ament_install']
[0.813s] Level 1:colcon.colcon_core.package_identification:_identify(src/f1tenth_system) by extension 'ignore'
[0.813s] Level 1:colcon.colcon_core.package_identification:_identify(src/f1tenth_system) by extension 'ignore_ament_install'
[0.813s] Level 1:colcon.colcon_core.package_identification:_identify(src/f1tenth_system) by extensions ['colcon_pkg']
[0.813s] Level 1:colcon.colcon_core.package_identification:_identify(src/f1tenth_system) by extension 'colcon_pkg'
[0.813s] Level 1:colcon.colcon_core.package_identification:_identify(src/f1tenth_system) by extensions ['colcon_meta']
[0.813s] Level 1:colcon.colcon_core.package_identification:_identify(src/f1tenth_system) by extension 'colcon_meta'
[0.814s] Level 1:colcon.colcon_core.package_identification:_identify(src/f1tenth_system) by extensions ['ros']
[0.814s] Level 1:colcon.colcon_core.package_identification:_identify(src/f1tenth_system) by extension 'ros'
[0.814s] Level 1:colcon.colcon_core.package_identification:_identify(src/f1tenth_system) by extensions ['cmake', 'python']
[0.814s] Level 1:colcon.colcon_core.package_identification:_identify(src/f1tenth_system) by extension 'cmake'
[0.814s] Level 1:colcon.colcon_core.package_identification:_identify(src/f1tenth_system) by extension 'python'
[0.814s] Level 1:colcon.colcon_core.package_identification:_identify(src/f1tenth_system) by extensions ['python_setup_py']
[0.814s] Level 1:colcon.colcon_core.package_identification:_identify(src/f1tenth_system) by extension 'python_setup_py'
[0.814s] Level 1:colcon.colcon_core.package_identification:_identify(src/f1tenth_system/ackermann_mux) by extensions ['ignore', 'ignore_ament_install']
[0.815s] Level 1:colcon.colcon_core.package_identification:_identify(src/f1tenth_system/ackermann_mux) by extension 'ignore'
[0.815s] Level 1:colcon.colcon_core.package_identification:_identify(src/f1tenth_system/ackermann_mux) by extension 'ignore_ament_install'
[0.815s] Level 1:colcon.colcon_core.package_identification:_identify(src/f1tenth_system/ackermann_mux) by extensions ['colcon_pkg']
[0.815s] Level 1:colcon.colcon_core.package_identification:_identify(src/f1tenth_system/ackermann_mux) by extension 'colcon_pkg'
[0.815s] Level 1:colcon.colcon_core.package_identification:_identify(src/f1tenth_system/ackermann_mux) by extensions ['colcon_meta']
[0.815s] Level 1:colcon.colcon_core.package_identification:_identify(src/f1tenth_system/ackermann_mux) by extension 'colcon_meta'
[0.815s] Level 1:colcon.colcon_core.package_identification:_identify(src/f1tenth_system/ackermann_mux) by extensions ['ros']
[0.815s] Level 1:colcon.colcon_core.package_identification:_identify(src/f1tenth_system/ackermann_mux) by extension 'ros'
[0.846s] DEBUG:colcon.colcon_core.package_identification:Package 'src/f1tenth_system/ackermann_mux' with type 'ros.ament_cmake' and name 'ackermann_mux'
[0.846s] Level 1:colcon.colcon_core.package_identification:_identify(src/f1tenth_system/f1tenth_stack) by extensions ['ignore', 'ignore_ament_install']
[0.846s] Level 1:colcon.colcon_core.package_identification:_identify(src/f1tenth_system/f1tenth_stack) by extension 'ignore'
[0.846s] Level 1:colcon.colcon_core.package_identification:_identify(src/f1tenth_system/f1tenth_stack) by extension 'ignore_ament_install'
[0.847s] Level 1:colcon.colcon_core.package_identification:_identify(src/f1tenth_system/f1tenth_stack) by extensions ['colcon_pkg']
[0.847s] Level 1:colcon.colcon_core.package_identification:_identify(src/f1tenth_system/f1tenth_stack) by extension 'colcon_pkg'
[0.847s] Level 1:colcon.colcon_core.package_identification:_identify(src/f1tenth_system/f1tenth_stack) by extensions ['colcon_meta']
[0.847s] Level 1:colcon.colcon_core.package_identification:_identify(src/f1tenth_system/f1tenth_stack) by extension 'colcon_meta'
[0.847s] Level 1:colcon.colcon_core.package_identification:_identify(src/f1tenth_system/f1tenth_stack) by extensions ['ros']
[0.847s] Level 1:colcon.colcon_core.package_identification:_identify(src/f1tenth_system/f1tenth_stack) by extension 'ros'
[0.852s] DEBUG:colcon.colcon_core.package_identification:Package 'src/f1tenth_system/f1tenth_stack' with type 'ros.ament_python' and name 'f1tenth_stack'
[0.852s] Level 1:colcon.colcon_core.package_identification:_identify(src/f1tenth_system/scripts) by extensions ['ignore', 'ignore_ament_install']
[0.853s] Level 1:colcon.colcon_core.package_identification:_identify(src/f1tenth_system/scripts) by extension 'ignore'
[0.853s] Level 1:colcon.colcon_core.package_identification:_identify(src/f1tenth_system/scripts) by extension 'ignore_ament_install'
[0.853s] Level 1:colcon.colcon_core.package_identification:_identify(src/f1tenth_system/scripts) by extensions ['colcon_pkg']
[0.853s] Level 1:colcon.colcon_core.package_identification:_identify(src/f1tenth_system/scripts) by extension 'colcon_pkg'
[0.853s] Level 1:colcon.colcon_core.package_identification:_identify(src/f1tenth_system/scripts) by extensions ['colcon_meta']
[0.853s] Level 1:colcon.colcon_core.package_identification:_identify(src/f1tenth_system/scripts) by extension 'colcon_meta'
[0.853s] Level 1:colcon.colcon_core.package_identification:_identify(src/f1tenth_system/scripts) by extensions ['ros']
[0.853s] Level 1:colcon.colcon_core.package_identification:_identify(src/f1tenth_system/scripts) by extension 'ros'
[0.854s] Level 1:colcon.colcon_core.package_identification:_identify(src/f1tenth_system/scripts) by extensions ['cmake', 'python']
[0.854s] Level 1:colcon.colcon_core.package_identification:_identify(src/f1tenth_system/scripts) by extension 'cmake'
[0.854s] Level 1:colcon.colcon_core.package_identification:_identify(src/f1tenth_system/scripts) by extension 'python'
[0.854s] Level 1:colcon.colcon_core.package_identification:_identify(src/f1tenth_system/scripts) by extensions ['python_setup_py']
[0.854s] Level 1:colcon.colcon_core.package_identification:_identify(src/f1tenth_system/scripts) by extension 'python_setup_py'
[0.854s] Level 1:colcon.colcon_core.package_identification:_identify(src/f1tenth_system/teleop_tools) by extensions ['ignore', 'ignore_ament_install']
[0.854s] Level 1:colcon.colcon_core.package_identification:_identify(src/f1tenth_system/teleop_tools) by extension 'ignore'
[0.854s] Level 1:colcon.colcon_core.package_identification:_identify(src/f1tenth_system/teleop_tools) by extension 'ignore_ament_install'
[0.855s] Level 1:colcon.colcon_core.package_identification:_identify(src/f1tenth_system/teleop_tools) by extensions ['colcon_pkg']
[0.855s] Level 1:colcon.colcon_core.package_identification:_identify(src/f1tenth_system/teleop_tools) by extension 'colcon_pkg'
[0.855s] Level 1:colcon.colcon_core.package_identification:_identify(src/f1tenth_system/teleop_tools) by extensions ['colcon_meta']
[0.855s] Level 1:colcon.colcon_core.package_identification:_identify(src/f1tenth_system/teleop_tools) by extension 'colcon_meta'
[0.855s] Level 1:colcon.colcon_core.package_identification:_identify(src/f1tenth_system/teleop_tools) by extensions ['ros']
[0.855s] Level 1:colcon.colcon_core.package_identification:_identify(src/f1tenth_system/teleop_tools) by extension 'ros'
[0.855s] Level 1:colcon.colcon_core.package_identification:_identify(src/f1tenth_system/teleop_tools) by extensions ['cmake', 'python']
[0.855s] Level 1:colcon.colcon_core.package_identification:_identify(src/f1tenth_system/teleop_tools) by extension 'cmake'
[0.855s] Level 1:colcon.colcon_core.package_identification:_identify(src/f1tenth_system/teleop_tools) by extension 'python'
[0.855s] Level 1:colcon.colcon_core.package_identification:_identify(src/f1tenth_system/teleop_tools) by extensions ['python_setup_py']
[0.855s] Level 1:colcon.colcon_core.package_identification:_identify(src/f1tenth_system/teleop_tools) by extension 'python_setup_py'
[0.856s] Level 1:colcon.colcon_core.package_identification:_identify(src/f1tenth_system/teleop_tools/joy_teleop) by extensions ['ignore', 'ignore_ament_install']
[0.856s] Level 1:colcon.colcon_core.package_identification:_identify(src/f1tenth_system/teleop_tools/joy_teleop) by extension 'ignore'
[0.856s] Level 1:colcon.colcon_core.package_identification:_identify(src/f1tenth_system/teleop_tools/joy_teleop) by extension 'ignore_ament_install'
[0.856s] Level 1:colcon.colcon_core.package_identification:_identify(src/f1tenth_system/teleop_tools/joy_teleop) by extensions ['colcon_pkg']
[0.856s] Level 1:colcon.colcon_core.package_identification:_identify(src/f1tenth_system/teleop_tools/joy_teleop) by extension 'colcon_pkg'
[0.856s] Level 1:colcon.colcon_core.package_identification:_identify(src/f1tenth_system/teleop_tools/joy_teleop) by extensions ['colcon_meta']
[0.856s] Level 1:colcon.colcon_core.package_identification:_identify(src/f1tenth_system/teleop_tools/joy_teleop) by extension 'colcon_meta'
[0.856s] Level 1:colcon.colcon_core.package_identification:_identify(src/f1tenth_system/teleop_tools/joy_teleop) by extensions ['ros']
[0.857s] Level 1:colcon.colcon_core.package_identification:_identify(src/f1tenth_system/teleop_tools/joy_teleop) by extension 'ros'
[0.858s] DEBUG:colcon.colcon_core.package_identification:Package 'src/f1tenth_system/teleop_tools/joy_teleop' with type 'ros.ament_python' and name 'joy_teleop'
[0.858s] Level 1:colcon.colcon_core.package_identification:_identify(src/f1tenth_system/teleop_tools/key_teleop) by extensions ['ignore', 'ignore_ament_install']
[0.859s] Level 1:colcon.colcon_core.package_identification:_identify(src/f1tenth_system/teleop_tools/key_teleop) by extension 'ignore'
[0.859s] Level 1:colcon.colcon_core.package_identification:_identify(src/f1tenth_system/teleop_tools/key_teleop) by extension 'ignore_ament_install'
[0.859s] Level 1:colcon.colcon_core.package_identification:_identify(src/f1tenth_system/teleop_tools/key_teleop) by extensions ['colcon_pkg']
[0.859s] Level 1:colcon.colcon_core.package_identification:_identify(src/f1tenth_system/teleop_tools/key_teleop) by extension 'colcon_pkg'
[0.859s] Level 1:colcon.colcon_core.package_identification:_identify(src/f1tenth_system/teleop_tools/key_teleop) by extensions ['colcon_meta']
[0.859s] Level 1:colcon.colcon_core.package_identification:_identify(src/f1tenth_system/teleop_tools/key_teleop) by extension 'colcon_meta'
[0.859s] Level 1:colcon.colcon_core.package_identification:_identify(src/f1tenth_system/teleop_tools/key_teleop) by extensions ['ros']
[0.859s] Level 1:colcon.colcon_core.package_identification:_identify(src/f1tenth_system/teleop_tools/key_teleop) by extension 'ros'
[0.861s] DEBUG:colcon.colcon_core.package_identification:Package 'src/f1tenth_system/teleop_tools/key_teleop' with type 'ros.ament_python' and name 'key_teleop'
[0.861s] Level 1:colcon.colcon_core.package_identification:_identify(src/f1tenth_system/teleop_tools/mouse_teleop) by extensions ['ignore', 'ignore_ament_install']
[0.861s] Level 1:colcon.colcon_core.package_identification:_identify(src/f1tenth_system/teleop_tools/mouse_teleop) by extension 'ignore'
[0.861s] Level 1:colcon.colcon_core.package_identification:_identify(src/f1tenth_system/teleop_tools/mouse_teleop) by extension 'ignore_ament_install'
[0.861s] Level 1:colcon.colcon_core.package_identification:_identify(src/f1tenth_system/teleop_tools/mouse_teleop) by extensions ['colcon_pkg']
[0.862s] Level 1:colcon.colcon_core.package_identification:_identify(src/f1tenth_system/teleop_tools/mouse_teleop) by extension 'colcon_pkg'
[0.862s] Level 1:colcon.colcon_core.package_identification:_identify(src/f1tenth_system/teleop_tools/mouse_teleop) by extensions ['colcon_meta']
[0.862s] Level 1:colcon.colcon_core.package_identification:_identify(src/f1tenth_system/teleop_tools/mouse_teleop) by extension 'colcon_meta'
[0.862s] Level 1:colcon.colcon_core.package_identification:_identify(src/f1tenth_system/teleop_tools/mouse_teleop) by extensions ['ros']
[0.862s] Level 1:colcon.colcon_core.package_identification:_identify(src/f1tenth_system/teleop_tools/mouse_teleop) by extension 'ros'
[0.863s] DEBUG:colcon.colcon_core.package_identification:Package 'src/f1tenth_system/teleop_tools/mouse_teleop' with type 'ros.ament_python' and name 'mouse_teleop'
[0.864s] Level 1:colcon.colcon_core.package_identification:_identify(src/f1tenth_system/teleop_tools/teleop_tools) by extensions ['ignore', 'ignore_ament_install']
[0.864s] Level 1:colcon.colcon_core.package_identification:_identify(src/f1tenth_system/teleop_tools/teleop_tools) by extension 'ignore'
[0.864s] Level 1:colcon.colcon_core.package_identification:_identify(src/f1tenth_system/teleop_tools/teleop_tools) by extension 'ignore_ament_install'
[0.864s] Level 1:colcon.colcon_core.package_identification:_identify(src/f1tenth_system/teleop_tools/teleop_tools) by extensions ['colcon_pkg']
[0.864s] Level 1:colcon.colcon_core.package_identification:_identify(src/f1tenth_system/teleop_tools/teleop_tools) by extension 'colcon_pkg'
[0.864s] Level 1:colcon.colcon_core.package_identification:_identify(src/f1tenth_system/teleop_tools/teleop_tools) by extensions ['colcon_meta']
[0.864s] Level 1:colcon.colcon_core.package_identification:_identify(src/f1tenth_system/teleop_tools/teleop_tools) by extension 'colcon_meta'
[0.865s] Level 1:colcon.colcon_core.package_identification:_identify(src/f1tenth_system/teleop_tools/teleop_tools) by extensions ['ros']
[0.865s] Level 1:colcon.colcon_core.package_identification:_identify(src/f1tenth_system/teleop_tools/teleop_tools) by extension 'ros'
[0.866s] DEBUG:colcon.colcon_core.package_identification:Package 'src/f1tenth_system/teleop_tools/teleop_tools' with type 'ros.ament_cmake' and name 'teleop_tools'
[0.866s] Level 1:colcon.colcon_core.package_identification:_identify(src/f1tenth_system/teleop_tools/teleop_tools_msgs) by extensions ['ignore', 'ignore_ament_install']
[0.866s] Level 1:colcon.colcon_core.package_identification:_identify(src/f1tenth_system/teleop_tools/teleop_tools_msgs) by extension 'ignore'
[0.866s] Level 1:colcon.colcon_core.package_identification:_identify(src/f1tenth_system/teleop_tools/teleop_tools_msgs) by extension 'ignore_ament_install'
[0.866s] Level 1:colcon.colcon_core.package_identification:_identify(src/f1tenth_system/teleop_tools/teleop_tools_msgs) by extensions ['colcon_pkg']
[0.866s] Level 1:colcon.colcon_core.package_identification:_identify(src/f1tenth_system/teleop_tools/teleop_tools_msgs) by extension 'colcon_pkg'
[0.867s] Level 1:colcon.colcon_core.package_identification:_identify(src/f1tenth_system/teleop_tools/teleop_tools_msgs) by extensions ['colcon_meta']
[0.867s] Level 1:colcon.colcon_core.package_identification:_identify(src/f1tenth_system/teleop_tools/teleop_tools_msgs) by extension 'colcon_meta'
[0.867s] Level 1:colcon.colcon_core.package_identification:_identify(src/f1tenth_system/teleop_tools/teleop_tools_msgs) by extensions ['ros']
[0.867s] Level 1:colcon.colcon_core.package_identification:_identify(src/f1tenth_system/teleop_tools/teleop_tools_msgs) by extension 'ros'
[0.868s] DEBUG:colcon.colcon_core.package_identification:Package 'src/f1tenth_system/teleop_tools/teleop_tools_msgs' with type 'ros.ament_cmake' and name 'teleop_tools_msgs'
[0.868s] Level 1:colcon.colcon_core.package_identification:_identify(src/f1tenth_system/vesc) by extensions ['ignore', 'ignore_ament_install']
[0.868s] Level 1:colcon.colcon_core.package_identification:_identify(src/f1tenth_system/vesc) by extension 'ignore'
[0.869s] Level 1:colcon.colcon_core.package_identification:_identify(src/f1tenth_system/vesc) by extension 'ignore_ament_install'
[0.869s] Level 1:colcon.colcon_core.package_identification:_identify(src/f1tenth_system/vesc) by extensions ['colcon_pkg']
[0.869s] Level 1:colcon.colcon_core.package_identification:_identify(src/f1tenth_system/vesc) by extension 'colcon_pkg'
[0.869s] Level 1:colcon.colcon_core.package_identification:_identify(src/f1tenth_system/vesc) by extensions ['colcon_meta']
[0.869s] Level 1:colcon.colcon_core.package_identification:_identify(src/f1tenth_system/vesc) by extension 'colcon_meta'
[0.869s] Level 1:colcon.colcon_core.package_identification:_identify(src/f1tenth_system/vesc) by extensions ['ros']
[0.869s] Level 1:colcon.colcon_core.package_identification:_identify(src/f1tenth_system/vesc) by extension 'ros'
[0.869s] Level 1:colcon.colcon_core.package_identification:_identify(src/f1tenth_system/vesc) by extensions ['cmake', 'python']
[0.869s] Level 1:colcon.colcon_core.package_identification:_identify(src/f1tenth_system/vesc) by extension 'cmake'
[0.869s] Level 1:colcon.colcon_core.package_identification:_identify(src/f1tenth_system/vesc) by extension 'python'
[0.870s] Level 1:colcon.colcon_core.package_identification:_identify(src/f1tenth_system/vesc) by extensions ['python_setup_py']
[0.870s] Level 1:colcon.colcon_core.package_identification:_identify(src/f1tenth_system/vesc) by extension 'python_setup_py'
[0.870s] Level 1:colcon.colcon_core.package_identification:_identify(src/f1tenth_system/vesc/vesc) by extensions ['ignore', 'ignore_ament_install']
[0.870s] Level 1:colcon.colcon_core.package_identification:_identify(src/f1tenth_system/vesc/vesc) by extension 'ignore'
[0.870s] Level 1:colcon.colcon_core.package_identification:_identify(src/f1tenth_system/vesc/vesc) by extension 'ignore_ament_install'
[0.870s] Level 1:colcon.colcon_core.package_identification:_identify(src/f1tenth_system/vesc/vesc) by extensions ['colcon_pkg']
[0.870s] Level 1:colcon.colcon_core.package_identification:_identify(src/f1tenth_system/vesc/vesc) by extension 'colcon_pkg'
[0.870s] Level 1:colcon.colcon_core.package_identification:_identify(src/f1tenth_system/vesc/vesc) by extensions ['colcon_meta']
[0.871s] Level 1:colcon.colcon_core.package_identification:_identify(src/f1tenth_system/vesc/vesc) by extension 'colcon_meta'
[0.871s] Level 1:colcon.colcon_core.package_identification:_identify(src/f1tenth_system/vesc/vesc) by extensions ['ros']
[0.871s] Level 1:colcon.colcon_core.package_identification:_identify(src/f1tenth_system/vesc/vesc) by extension 'ros'
[0.872s] DEBUG:colcon.colcon_core.package_identification:Package 'src/f1tenth_system/vesc/vesc' with type 'ros.ament_cmake' and name 'vesc'
[0.872s] Level 1:colcon.colcon_core.package_identification:_identify(src/f1tenth_system/vesc/vesc_ackermann) by extensions ['ignore', 'ignore_ament_install']
[0.872s] Level 1:colcon.colcon_core.package_identification:_identify(src/f1tenth_system/vesc/vesc_ackermann) by extension 'ignore'
[0.873s] Level 1:colcon.colcon_core.package_identification:_identify(src/f1tenth_system/vesc/vesc_ackermann) by extension 'ignore_ament_install'
[0.873s] Level 1:colcon.colcon_core.package_identification:_identify(src/f1tenth_system/vesc/vesc_ackermann) by extensions ['colcon_pkg']
[0.873s] Level 1:colcon.colcon_core.package_identification:_identify(src/f1tenth_system/vesc/vesc_ackermann) by extension 'colcon_pkg'
[0.873s] Level 1:colcon.colcon_core.package_identification:_identify(src/f1tenth_system/vesc/vesc_ackermann) by extensions ['colcon_meta']
[0.873s] Level 1:colcon.colcon_core.package_identification:_identify(src/f1tenth_system/vesc/vesc_ackermann) by extension 'colcon_meta'
[0.873s] Level 1:colcon.colcon_core.package_identification:_identify(src/f1tenth_system/vesc/vesc_ackermann) by extensions ['ros']
[0.873s] Level 1:colcon.colcon_core.package_identification:_identify(src/f1tenth_system/vesc/vesc_ackermann) by extension 'ros'
[0.875s] DEBUG:colcon.colcon_core.package_identification:Package 'src/f1tenth_system/vesc/vesc_ackermann' with type 'ros.ament_cmake' and name 'vesc_ackermann'
[0.876s] Level 1:colcon.colcon_core.package_identification:_identify(src/f1tenth_system/vesc/vesc_driver) by extensions ['ignore', 'ignore_ament_install']
[0.876s] Level 1:colcon.colcon_core.package_identification:_identify(src/f1tenth_system/vesc/vesc_driver) by extension 'ignore'
[0.876s] Level 1:colcon.colcon_core.package_identification:_identify(src/f1tenth_system/vesc/vesc_driver) by extension 'ignore_ament_install'
[0.876s] Level 1:colcon.colcon_core.package_identification:_identify(src/f1tenth_system/vesc/vesc_driver) by extensions ['colcon_pkg']
[0.876s] Level 1:colcon.colcon_core.package_identification:_identify(src/f1tenth_system/vesc/vesc_driver) by extension 'colcon_pkg'
[0.876s] Level 1:colcon.colcon_core.package_identification:_identify(src/f1tenth_system/vesc/vesc_driver) by extensions ['colcon_meta']
[0.877s] Level 1:colcon.colcon_core.package_identification:_identify(src/f1tenth_system/vesc/vesc_driver) by extension 'colcon_meta'
[0.877s] Level 1:colcon.colcon_core.package_identification:_identify(src/f1tenth_system/vesc/vesc_driver) by extensions ['ros']
[0.877s] Level 1:colcon.colcon_core.package_identification:_identify(src/f1tenth_system/vesc/vesc_driver) by extension 'ros'
[0.879s] DEBUG:colcon.colcon_core.package_identification:Package 'src/f1tenth_system/vesc/vesc_driver' with type 'ros.ament_cmake' and name 'vesc_driver'
[0.879s] Level 1:colcon.colcon_core.package_identification:_identify(src/f1tenth_system/vesc/vesc_msgs) by extensions ['ignore', 'ignore_ament_install']
[0.879s] Level 1:colcon.colcon_core.package_identification:_identify(src/f1tenth_system/vesc/vesc_msgs) by extension 'ignore'
[0.879s] Level 1:colcon.colcon_core.package_identification:_identify(src/f1tenth_system/vesc/vesc_msgs) by extension 'ignore_ament_install'
[0.879s] Level 1:colcon.colcon_core.package_identification:_identify(src/f1tenth_system/vesc/vesc_msgs) by extensions ['colcon_pkg']
[0.879s] Level 1:colcon.colcon_core.package_identification:_identify(src/f1tenth_system/vesc/vesc_msgs) by extension 'colcon_pkg'
[0.880s] Level 1:colcon.colcon_core.package_identification:_identify(src/f1tenth_system/vesc/vesc_msgs) by extensions ['colcon_meta']
[0.880s] Level 1:colcon.colcon_core.package_identification:_identify(src/f1tenth_system/vesc/vesc_msgs) by extension 'colcon_meta'
[0.880s] Level 1:colcon.colcon_core.package_identification:_identify(src/f1tenth_system/vesc/vesc_msgs) by extensions ['ros']
[0.880s] Level 1:colcon.colcon_core.package_identification:_identify(src/f1tenth_system/vesc/vesc_msgs) by extension 'ros'
[0.881s] DEBUG:colcon.colcon_core.package_identification:Package 'src/f1tenth_system/vesc/vesc_msgs' with type 'ros.ament_cmake' and name 'vesc_msgs'
[0.882s] Level 1:colcon.colcon_core.package_discovery:discover_packages(recursive) using defaults
[0.882s] Level 1:colcon.colcon_core.package_discovery:discover_packages(ignore) discover
[0.882s] Level 1:colcon.colcon_core.package_discovery:discover_packages(ignore) using defaults
[0.882s] Level 1:colcon.colcon_core.package_discovery:discover_packages(path) discover
[0.882s] Level 1:colcon.colcon_core.package_discovery:discover_packages(path) using defaults
[0.935s] Level 1:colcon.colcon_core.package_discovery:discover_packages(prefix_path) check parameters
[0.935s] Level 1:colcon.colcon_core.package_discovery:discover_packages(prefix_path) discover
[0.941s] DEBUG:colcon.colcon_installed_package_information.package_discovery:Found 13 installed packages in /home/sdc6/f1tenth_ws/install
[0.944s] DEBUG:colcon.colcon_installed_package_information.package_discovery:Found 308 installed packages in /opt/ros/humble
[0.948s] Level 1:colcon.colcon_core.package_discovery:discover_packages(prefix_path) using defaults
[1.027s] Level 5:colcon.colcon_core.verb:set package 'ackermann_mux' build argument 'cmake_args' from command line to 'None'
[1.027s] Level 5:colcon.colcon_core.verb:set package 'ackermann_mux' build argument 'cmake_target' from command line to 'None'
[1.027s] Level 5:colcon.colcon_core.verb:set package 'ackermann_mux' build argument 'cmake_target_skip_unavailable' from command line to 'False'
[1.027s] Level 5:colcon.colcon_core.verb:set package 'ackermann_mux' build argument 'cmake_clean_cache' from command line to 'False'
[1.027s] Level 5:colcon.colcon_core.verb:set package 'ackermann_mux' build argument 'cmake_clean_first' from command line to 'False'
[1.027s] Level 5:colcon.colcon_core.verb:set package 'ackermann_mux' build argument 'cmake_force_configure' from command line to 'False'
[1.027s] Level 5:colcon.colcon_core.verb:set package 'ackermann_mux' build argument 'ament_cmake_args' from command line to 'None'
[1.027s] Level 5:colcon.colcon_core.verb:set package 'ackermann_mux' build argument 'catkin_cmake_args' from command line to 'None'
[1.027s] Level 5:colcon.colcon_core.verb:set package 'ackermann_mux' build argument 'catkin_skip_building_tests' from command line to 'False'
[1.028s] DEBUG:colcon.colcon_core.verb:Building package 'ackermann_mux' with the following arguments: {'ament_cmake_args': None, 'build_base': '/home/sdc6/f1tenth_ws/build/ackermann_mux', 'catkin_cmake_args': None, 'catkin_skip_building_tests': False, 'cmake_args': None, 'cmake_clean_cache': False, 'cmake_clean_first': False, 'cmake_force_configure': False, 'cmake_target': None, 'cmake_target_skip_unavailable': False, 'install_base': '/home/sdc6/f1tenth_ws/install/ackermann_mux', 'merge_install': False, 'path': '/home/sdc6/f1tenth_ws/src/f1tenth_system/ackermann_mux', 'symlink_install': False, 'test_result_base': None}
[1.028s] Level 5:colcon.colcon_core.verb:set package 'f1tenth_mppi' build argument 'cmake_args' from command line to 'None'
[1.028s] Level 5:colcon.colcon_core.verb:set package 'f1tenth_mppi' build argument 'cmake_target' from command line to 'None'
[1.029s] Level 5:colcon.colcon_core.verb:set package 'f1tenth_mppi' build argument 'cmake_target_skip_unavailable' from command line to 'False'
[1.029s] Level 5:colcon.colcon_core.verb:set package 'f1tenth_mppi' build argument 'cmake_clean_cache' from command line to 'False'
[1.029s] Level 5:colcon.colcon_core.verb:set package 'f1tenth_mppi' build argument 'cmake_clean_first' from command line to 'False'
[1.029s] Level 5:colcon.colcon_core.verb:set package 'f1tenth_mppi' build argument 'cmake_force_configure' from command line to 'False'
[1.029s] Level 5:colcon.colcon_core.verb:set package 'f1tenth_mppi' build argument 'ament_cmake_args' from command line to 'None'
[1.029s] Level 5:colcon.colcon_core.verb:set package 'f1tenth_mppi' build argument 'catkin_cmake_args' from command line to 'None'
[1.029s] Level 5:colcon.colcon_core.verb:set package 'f1tenth_mppi' build argument 'catkin_skip_building_tests' from command line to 'False'
[1.029s] DEBUG:colcon.colcon_core.verb:Building package 'f1tenth_mppi' with the following arguments: {'ament_cmake_args': None, 'build_base': '/home/sdc6/f1tenth_ws/build/f1tenth_mppi', 'catkin_cmake_args': None, 'catkin_skip_building_tests': False, 'cmake_args': None, 'cmake_clean_cache': False, 'cmake_clean_first': False, 'cmake_force_configure': False, 'cmake_target': None, 'cmake_target_skip_unavailable': False, 'install_base': '/home/sdc6/f1tenth_ws/install/f1tenth_mppi', 'merge_install': False, 'path': '/home/sdc6/f1tenth_ws/src/f1tenth_mppi', 'symlink_install': False, 'test_result_base': None}
[1.030s] Level 5:colcon.colcon_core.verb:set package 'key_teleop' build argument 'cmake_args' from command line to 'None'
[1.030s] Level 5:colcon.colcon_core.verb:set package 'key_teleop' build argument 'cmake_target' from command line to 'None'
[1.030s] Level 5:colcon.colcon_core.verb:set package 'key_teleop' build argument 'cmake_target_skip_unavailable' from command line to 'False'
[1.030s] Level 5:colcon.colcon_core.verb:set package 'key_teleop' build argument 'cmake_clean_cache' from command line to 'False'
[1.030s] Level 5:colcon.colcon_core.verb:set package 'key_teleop' build argument 'cmake_clean_first' from command line to 'False'
[1.030s] Level 5:colcon.colcon_core.verb:set package 'key_teleop' build argument 'cmake_force_configure' from command line to 'False'
[1.030s] Level 5:colcon.colcon_core.verb:set package 'key_teleop' build argument 'ament_cmake_args' from command line to 'None'
[1.030s] Level 5:colcon.colcon_core.verb:set package 'key_teleop' build argument 'catkin_cmake_args' from command line to 'None'
[1.030s] Level 5:colcon.colcon_core.verb:set package 'key_teleop' build argument 'catkin_skip_building_tests' from command line to 'False'
[1.030s] DEBUG:colcon.colcon_core.verb:Building package 'key_teleop' with the following arguments: {'ament_cmake_args': None, 'build_base': '/home/sdc6/f1tenth_ws/build/key_teleop', 'catkin_cmake_args': None, 'catkin_skip_building_tests': False, 'cmake_args': None, 'cmake_clean_cache': False, 'cmake_clean_first': False, 'cmake_force_configure': False, 'cmake_target': None, 'cmake_target_skip_unavailable': False, 'install_base': '/home/sdc6/f1tenth_ws/install/key_teleop', 'merge_install': False, 'path': '/home/sdc6/f1tenth_ws/src/f1tenth_system/teleop_tools/key_teleop', 'symlink_install': False, 'test_result_base': None}
[1.031s] Level 5:colcon.colcon_core.verb:set package 'kinematic_mpc' build argument 'cmake_args' from command line to 'None'
[1.031s] Level 5:colcon.colcon_core.verb:set package 'kinematic_mpc' build argument 'cmake_target' from command line to 'None'
[1.031s] Level 5:colcon.colcon_core.verb:set package 'kinematic_mpc' build argument 'cmake_target_skip_unavailable' from command line to 'False'
[1.031s] Level 5:colcon.colcon_core.verb:set package 'kinematic_mpc' build argument 'cmake_clean_cache' from command line to 'False'
[1.031s] Level 5:colcon.colcon_core.verb:set package 'kinematic_mpc' build argument 'cmake_clean_first' from command line to 'False'
[1.031s] Level 5:colcon.colcon_core.verb:set package 'kinematic_mpc' build argument 'cmake_force_configure' from command line to 'False'
[1.031s] Level 5:colcon.colcon_core.verb:set package 'kinematic_mpc' build argument 'ament_cmake_args' from command line to 'None'
[1.031s] Level 5:colcon.colcon_core.verb:set package 'kinematic_mpc' build argument 'catkin_cmake_args' from command line to 'None'
[1.031s] Level 5:colcon.colcon_core.verb:set package 'kinematic_mpc' build argument 'catkin_skip_building_tests' from command line to 'False'
[1.031s] DEBUG:colcon.colcon_core.verb:Building package 'kinematic_mpc' with the following arguments: {'ament_cmake_args': None, 'build_base': '/home/sdc6/f1tenth_ws/build/kinematic_mpc', 'catkin_cmake_args': None, 'catkin_skip_building_tests': False, 'cmake_args': None, 'cmake_clean_cache': False, 'cmake_clean_first': False, 'cmake_force_configure': False, 'cmake_target': None, 'cmake_target_skip_unavailable': False, 'install_base': '/home/sdc6/f1tenth_ws/install/kinematic_mpc', 'merge_install': False, 'path': '/home/sdc6/f1tenth_ws/src/f1tenth_mpc', 'symlink_install': False, 'test_result_base': None}
[1.032s] Level 5:colcon.colcon_core.verb:set package 'mouse_teleop' build argument 'cmake_args' from command line to 'None'
[1.032s] Level 5:colcon.colcon_core.verb:set package 'mouse_teleop' build argument 'cmake_target' from command line to 'None'
[1.032s] Level 5:colcon.colcon_core.verb:set package 'mouse_teleop' build argument 'cmake_target_skip_unavailable' from command line to 'False'
[1.032s] Level 5:colcon.colcon_core.verb:set package 'mouse_teleop' build argument 'cmake_clean_cache' from command line to 'False'
[1.032s] Level 5:colcon.colcon_core.verb:set package 'mouse_teleop' build argument 'cmake_clean_first' from command line to 'False'
[1.032s] Level 5:colcon.colcon_core.verb:set package 'mouse_teleop' build argument 'cmake_force_configure' from command line to 'False'
[1.032s] Level 5:colcon.colcon_core.verb:set package 'mouse_teleop' build argument 'ament_cmake_args' from command line to 'None'
[1.032s] Level 5:colcon.colcon_core.verb:set package 'mouse_teleop' build argument 'catkin_cmake_args' from command line to 'None'
[1.032s] Level 5:colcon.colcon_core.verb:set package 'mouse_teleop' build argument 'catkin_skip_building_tests' from command line to 'False'
[1.032s] DEBUG:colcon.colcon_core.verb:Building package 'mouse_teleop' with the following arguments: {'ament_cmake_args': None, 'build_base': '/home/sdc6/f1tenth_ws/build/mouse_teleop', 'catkin_cmake_args': None, 'catkin_skip_building_tests': False, 'cmake_args': None, 'cmake_clean_cache': False, 'cmake_clean_first': False, 'cmake_force_configure': False, 'cmake_target': None, 'cmake_target_skip_unavailable': False, 'install_base': '/home/sdc6/f1tenth_ws/install/mouse_teleop', 'merge_install': False, 'path': '/home/sdc6/f1tenth_ws/src/f1tenth_system/teleop_tools/mouse_teleop', 'symlink_install': False, 'test_result_base': None}
[1.033s] Level 5:colcon.colcon_core.verb:set package 'teleop_tools_msgs' build argument 'cmake_args' from command line to 'None'
[1.033s] Level 5:colcon.colcon_core.verb:set package 'teleop_tools_msgs' build argument 'cmake_target' from command line to 'None'
[1.033s] Level 5:colcon.colcon_core.verb:set package 'teleop_tools_msgs' build argument 'cmake_target_skip_unavailable' from command line to 'False'
[1.033s] Level 5:colcon.colcon_core.verb:set package 'teleop_tools_msgs' build argument 'cmake_clean_cache' from command line to 'False'
[1.033s] Level 5:colcon.colcon_core.verb:set package 'teleop_tools_msgs' build argument 'cmake_clean_first' from command line to 'False'
[1.033s] Level 5:colcon.colcon_core.verb:set package 'teleop_tools_msgs' build argument 'cmake_force_configure' from command line to 'False'
[1.033s] Level 5:colcon.colcon_core.verb:set package 'teleop_tools_msgs' build argument 'ament_cmake_args' from command line to 'None'
[1.033s] Level 5:colcon.colcon_core.verb:set package 'teleop_tools_msgs' build argument 'catkin_cmake_args' from command line to 'None'
[1.033s] Level 5:colcon.colcon_core.verb:set package 'teleop_tools_msgs' build argument 'catkin_skip_building_tests' from command line to 'False'
[1.033s] DEBUG:colcon.colcon_core.verb:Building package 'teleop_tools_msgs' with the following arguments: {'ament_cmake_args': None, 'build_base': '/home/sdc6/f1tenth_ws/build/teleop_tools_msgs', 'catkin_cmake_args': None, 'catkin_skip_building_tests': False, 'cmake_args': None, 'cmake_clean_cache': False, 'cmake_clean_first': False, 'cmake_force_configure': False, 'cmake_target': None, 'cmake_target_skip_unavailable': False, 'install_base': '/home/sdc6/f1tenth_ws/install/teleop_tools_msgs', 'merge_install': False, 'path': '/home/sdc6/f1tenth_ws/src/f1tenth_system/teleop_tools/teleop_tools_msgs', 'symlink_install': False, 'test_result_base': None}
[1.034s] Level 5:colcon.colcon_core.verb:set package 'vesc_msgs' build argument 'cmake_args' from command line to 'None'
[1.034s] Level 5:colcon.colcon_core.verb:set package 'vesc_msgs' build argument 'cmake_target' from command line to 'None'
[1.034s] Level 5:colcon.colcon_core.verb:set package 'vesc_msgs' build argument 'cmake_target_skip_unavailable' from command line to 'False'
[1.034s] Level 5:colcon.colcon_core.verb:set package 'vesc_msgs' build argument 'cmake_clean_cache' from command line to 'False'
[1.034s] Level 5:colcon.colcon_core.verb:set package 'vesc_msgs' build argument 'cmake_clean_first' from command line to 'False'
[1.034s] Level 5:colcon.colcon_core.verb:set package 'vesc_msgs' build argument 'cmake_force_configure' from command line to 'False'
[1.034s] Level 5:colcon.colcon_core.verb:set package 'vesc_msgs' build argument 'ament_cmake_args' from command line to 'None'
[1.034s] Level 5:colcon.colcon_core.verb:set package 'vesc_msgs' build argument 'catkin_cmake_args' from command line to 'None'
[1.034s] Level 5:colcon.colcon_core.verb:set package 'vesc_msgs' build argument 'catkin_skip_building_tests' from command line to 'False'
[1.034s] DEBUG:colcon.colcon_core.verb:Building package 'vesc_msgs' with the following arguments: {'ament_cmake_args': None, 'build_base': '/home/sdc6/f1tenth_ws/build/vesc_msgs', 'catkin_cmake_args': None, 'catkin_skip_building_tests': False, 'cmake_args': None, 'cmake_clean_cache': False, 'cmake_clean_first': False, 'cmake_force_configure': False, 'cmake_target': None, 'cmake_target_skip_unavailable': False, 'install_base': '/home/sdc6/f1tenth_ws/install/vesc_msgs', 'merge_install': False, 'path': '/home/sdc6/f1tenth_ws/src/f1tenth_system/vesc/vesc_msgs', 'symlink_install': False, 'test_result_base': None}
[1.035s] Level 5:colcon.colcon_core.verb:set package 'joy_teleop' build argument 'cmake_args' from command line to 'None'
[1.035s] Level 5:colcon.colcon_core.verb:set package 'joy_teleop' build argument 'cmake_target' from command line to 'None'
[1.035s] Level 5:colcon.colcon_core.verb:set package 'joy_teleop' build argument 'cmake_target_skip_unavailable' from command line to 'False'
[1.035s] Level 5:colcon.colcon_core.verb:set package 'joy_teleop' build argument 'cmake_clean_cache' from command line to 'False'
[1.035s] Level 5:colcon.colcon_core.verb:set package 'joy_teleop' build argument 'cmake_clean_first' from command line to 'False'
[1.035s] Level 5:colcon.colcon_core.verb:set package 'joy_teleop' build argument 'cmake_force_configure' from command line to 'False'
[1.035s] Level 5:colcon.colcon_core.verb:set package 'joy_teleop' build argument 'ament_cmake_args' from command line to 'None'
[1.035s] Level 5:colcon.colcon_core.verb:set package 'joy_teleop' build argument 'catkin_cmake_args' from command line to 'None'
[1.035s] Level 5:colcon.colcon_core.verb:set package 'joy_teleop' build argument 'catkin_skip_building_tests' from command line to 'False'
[1.035s] DEBUG:colcon.colcon_core.verb:Building package 'joy_teleop' with the following arguments: {'ament_cmake_args': None, 'build_base': '/home/sdc6/f1tenth_ws/build/joy_teleop', 'catkin_cmake_args': None, 'catkin_skip_building_tests': False, 'cmake_args': None, 'cmake_clean_cache': False, 'cmake_clean_first': False, 'cmake_force_configure': False, 'cmake_target': None, 'cmake_target_skip_unavailable': False, 'install_base': '/home/sdc6/f1tenth_ws/install/joy_teleop', 'merge_install': False, 'path': '/home/sdc6/f1tenth_ws/src/f1tenth_system/teleop_tools/joy_teleop', 'symlink_install': False, 'test_result_base': None}
[1.036s] Level 5:colcon.colcon_core.verb:set package 'vesc_ackermann' build argument 'cmake_args' from command line to 'None'
[1.036s] Level 5:colcon.colcon_core.verb:set package 'vesc_ackermann' build argument 'cmake_target' from command line to 'None'
[1.036s] Level 5:colcon.colcon_core.verb:set package 'vesc_ackermann' build argument 'cmake_target_skip_unavailable' from command line to 'False'
[1.036s] Level 5:colcon.colcon_core.verb:set package 'vesc_ackermann' build argument 'cmake_clean_cache' from command line to 'False'
[1.036s] Level 5:colcon.colcon_core.verb:set package 'vesc_ackermann' build argument 'cmake_clean_first' from command line to 'False'
[1.036s] Level 5:colcon.colcon_core.verb:set package 'vesc_ackermann' build argument 'cmake_force_configure' from command line to 'False'
[1.036s] Level 5:colcon.colcon_core.verb:set package 'vesc_ackermann' build argument 'ament_cmake_args' from command line to 'None'
[1.036s] Level 5:colcon.colcon_core.verb:set package 'vesc_ackermann' build argument 'catkin_cmake_args' from command line to 'None'
[1.036s] Level 5:colcon.colcon_core.verb:set package 'vesc_ackermann' build argument 'catkin_skip_building_tests' from command line to 'False'
[1.036s] DEBUG:colcon.colcon_core.verb:Building package 'vesc_ackermann' with the following arguments: {'ament_cmake_args': None, 'build_base': '/home/sdc6/f1tenth_ws/build/vesc_ackermann', 'catkin_cmake_args': None, 'catkin_skip_building_tests': False, 'cmake_args': None, 'cmake_clean_cache': False, 'cmake_clean_first': False, 'cmake_force_configure': False, 'cmake_target': None, 'cmake_target_skip_unavailable': False, 'install_base': '/home/sdc6/f1tenth_ws/install/vesc_ackermann', 'merge_install': False, 'path': '/home/sdc6/f1tenth_ws/src/f1tenth_system/vesc/vesc_ackermann', 'symlink_install': False, 'test_result_base': None}
[1.037s] Level 5:colcon.colcon_core.verb:set package 'vesc_driver' build argument 'cmake_args' from command line to 'None'
[1.037s] Level 5:colcon.colcon_core.verb:set package 'vesc_driver' build argument 'cmake_target' from command line to 'None'
[1.037s] Level 5:colcon.colcon_core.verb:set package 'vesc_driver' build argument 'cmake_target_skip_unavailable' from command line to 'False'
[1.037s] Level 5:colcon.colcon_core.verb:set package 'vesc_driver' build argument 'cmake_clean_cache' from command line to 'False'
[1.037s] Level 5:colcon.colcon_core.verb:set package 'vesc_driver' build argument 'cmake_clean_first' from command line to 'False'
[1.037s] Level 5:colcon.colcon_core.verb:set package 'vesc_driver' build argument 'cmake_force_configure' from command line to 'False'
[1.037s] Level 5:colcon.colcon_core.verb:set package 'vesc_driver' build argument 'ament_cmake_args' from command line to 'None'
[1.037s] Level 5:colcon.colcon_core.verb:set package 'vesc_driver' build argument 'catkin_cmake_args' from command line to 'None'
[1.037s] Level 5:colcon.colcon_core.verb:set package 'vesc_driver' build argument 'catkin_skip_building_tests' from command line to 'False'
[1.037s] DEBUG:colcon.colcon_core.verb:Building package 'vesc_driver' with the following arguments: {'ament_cmake_args': None, 'build_base': '/home/sdc6/f1tenth_ws/build/vesc_driver', 'catkin_cmake_args': None, 'catkin_skip_building_tests': False, 'cmake_args': None, 'cmake_clean_cache': False, 'cmake_clean_first': False, 'cmake_force_configure': False, 'cmake_target': None, 'cmake_target_skip_unavailable': False, 'install_base': '/home/sdc6/f1tenth_ws/install/vesc_driver', 'merge_install': False, 'path': '/home/sdc6/f1tenth_ws/src/f1tenth_system/vesc/vesc_driver', 'symlink_install': False, 'test_result_base': None}
[1.038s] Level 5:colcon.colcon_core.verb:set package 'teleop_tools' build argument 'cmake_args' from command line to 'None'
[1.038s] Level 5:colcon.colcon_core.verb:set package 'teleop_tools' build argument 'cmake_target' from command line to 'None'
[1.038s] Level 5:colcon.colcon_core.verb:set package 'teleop_tools' build argument 'cmake_target_skip_unavailable' from command line to 'False'
[1.038s] Level 5:colcon.colcon_core.verb:set package 'teleop_tools' build argument 'cmake_clean_cache' from command line to 'False'
[1.038s] Level 5:colcon.colcon_core.verb:set package 'teleop_tools' build argument 'cmake_clean_first' from command line to 'False'
[1.038s] Level 5:colcon.colcon_core.verb:set package 'teleop_tools' build argument 'cmake_force_configure' from command line to 'False'
[1.038s] Level 5:colcon.colcon_core.verb:set package 'teleop_tools' build argument 'ament_cmake_args' from command line to 'None'
[1.038s] Level 5:colcon.colcon_core.verb:set package 'teleop_tools' build argument 'catkin_cmake_args' from command line to 'None'
[1.038s] Level 5:colcon.colcon_core.verb:set package 'teleop_tools' build argument 'catkin_skip_building_tests' from command line to 'False'
[1.038s] DEBUG:colcon.colcon_core.verb:Building package 'teleop_tools' with the following arguments: {'ament_cmake_args': None, 'build_base': '/home/sdc6/f1tenth_ws/build/teleop_tools', 'catkin_cmake_args': None, 'catkin_skip_building_tests': False, 'cmake_args': None, 'cmake_clean_cache': False, 'cmake_clean_first': False, 'cmake_force_configure': False, 'cmake_target': None, 'cmake_target_skip_unavailable': False, 'install_base': '/home/sdc6/f1tenth_ws/install/teleop_tools', 'merge_install': False, 'path': '/home/sdc6/f1tenth_ws/src/f1tenth_system/teleop_tools/teleop_tools', 'symlink_install': False, 'test_result_base': None}
[1.039s] Level 5:colcon.colcon_core.verb:set package 'vesc' build argument 'cmake_args' from command line to 'None'
[1.039s] Level 5:colcon.colcon_core.verb:set package 'vesc' build argument 'cmake_target' from command line to 'None'
[1.039s] Level 5:colcon.colcon_core.verb:set package 'vesc' build argument 'cmake_target_skip_unavailable' from command line to 'False'
[1.039s] Level 5:colcon.colcon_core.verb:set package 'vesc' build argument 'cmake_clean_cache' from command line to 'False'
[1.039s] Level 5:colcon.colcon_core.verb:set package 'vesc' build argument 'cmake_clean_first' from command line to 'False'
[1.039s] Level 5:colcon.colcon_core.verb:set package 'vesc' build argument 'cmake_force_configure' from command line to 'False'
[1.039s] Level 5:colcon.colcon_core.verb:set package 'vesc' build argument 'ament_cmake_args' from command line to 'None'
[1.039s] Level 5:colcon.colcon_core.verb:set package 'vesc' build argument 'catkin_cmake_args' from command line to 'None'
[1.039s] Level 5:colcon.colcon_core.verb:set package 'vesc' build argument 'catkin_skip_building_tests' from command line to 'False'
[1.039s] DEBUG:colcon.colcon_core.verb:Building package 'vesc' with the following arguments: {'ament_cmake_args': None, 'build_base': '/home/sdc6/f1tenth_ws/build/vesc', 'catkin_cmake_args': None, 'catkin_skip_building_tests': False, 'cmake_args': None, 'cmake_clean_cache': False, 'cmake_clean_first': False, 'cmake_force_configure': False, 'cmake_target': None, 'cmake_target_skip_unavailable': False, 'install_base': '/home/sdc6/f1tenth_ws/install/vesc', 'merge_install': False, 'path': '/home/sdc6/f1tenth_ws/src/f1tenth_system/vesc/vesc', 'symlink_install': False, 'test_result_base': None}
[1.040s] Level 5:colcon.colcon_core.verb:set package 'f1tenth_stack' build argument 'cmake_args' from command line to 'None'
[1.040s] Level 5:colcon.colcon_core.verb:set package 'f1tenth_stack' build argument 'cmake_target' from command line to 'None'
[1.040s] Level 5:colcon.colcon_core.verb:set package 'f1tenth_stack' build argument 'cmake_target_skip_unavailable' from command line to 'False'
[1.040s] Level 5:colcon.colcon_core.verb:set package 'f1tenth_stack' build argument 'cmake_clean_cache' from command line to 'False'
[1.040s] Level 5:colcon.colcon_core.verb:set package 'f1tenth_stack' build argument 'cmake_clean_first' from command line to 'False'
[1.040s] Level 5:colcon.colcon_core.verb:set package 'f1tenth_stack' build argument 'cmake_force_configure' from command line to 'False'
[1.040s] Level 5:colcon.colcon_core.verb:set package 'f1tenth_stack' build argument 'ament_cmake_args' from command line to 'None'
[1.040s] Level 5:colcon.colcon_core.verb:set package 'f1tenth_stack' build argument 'catkin_cmake_args' from command line to 'None'
[1.040s] Level 5:colcon.colcon_core.verb:set package 'f1tenth_stack' build argument 'catkin_skip_building_tests' from command line to 'False'
[1.040s] DEBUG:colcon.colcon_core.verb:Building package 'f1tenth_stack' with the following arguments: {'ament_cmake_args': None, 'build_base': '/home/sdc6/f1tenth_ws/build/f1tenth_stack', 'catkin_cmake_args': None, 'catkin_skip_building_tests': False, 'cmake_args': None, 'cmake_clean_cache': False, 'cmake_clean_first': False, 'cmake_force_configure': False, 'cmake_target': None, 'cmake_target_skip_unavailable': False, 'install_base': '/home/sdc6/f1tenth_ws/install/f1tenth_stack', 'merge_install': False, 'path': '/home/sdc6/f1tenth_ws/src/f1tenth_system/f1tenth_stack', 'symlink_install': False, 'test_result_base': None}
[1.041s] INFO:colcon.colcon_core.executor:Executing jobs using 'parallel' executor
[1.043s] DEBUG:colcon.colcon_parallel_executor.executor.parallel:run_until_complete
[1.043s] INFO:colcon.colcon_ros.task.ament_cmake.build:Building ROS package in '/home/sdc6/f1tenth_ws/src/f1tenth_system/vesc/vesc_msgs' with build type 'ament_cmake'
[1.044s] INFO:colcon.colcon_cmake.task.cmake.build:Building CMake package in '/home/sdc6/f1tenth_ws/src/f1tenth_system/vesc/vesc_msgs'
[1.052s] INFO:colcon.colcon_core.plugin_system:Skipping extension 'colcon_core.shell.bat': Not used on non-Windows systems
[1.052s] INFO:colcon.colcon_core.shell:Skip shell extension 'powershell' for command environment: Not usable outside of PowerShell
[1.052s] DEBUG:colcon.colcon_core.shell:Skip shell extension 'dsv' for command environment
[1.060s] INFO:colcon.colcon_ros.task.ament_cmake.build:Building ROS package in '/home/sdc6/f1tenth_ws/src/f1tenth_system/teleop_tools/teleop_tools_msgs' with build type 'ament_cmake'
[1.061s] INFO:colcon.colcon_cmake.task.cmake.build:Building CMake package in '/home/sdc6/f1tenth_ws/src/f1tenth_system/teleop_tools/teleop_tools_msgs'
[1.061s] INFO:colcon.colcon_core.shell:Skip shell extension 'powershell' for command environment: Not usable outside of PowerShell
[1.061s] DEBUG:colcon.colcon_core.shell:Skip shell extension 'dsv' for command environment
[1.069s] INFO:colcon.colcon_ros.task.ament_cmake.build:Building ROS package in '/home/sdc6/f1tenth_ws/src/f1tenth_system/ackermann_mux' with build type 'ament_cmake'
[1.069s] INFO:colcon.colcon_cmake.task.cmake.build:Building CMake package in '/home/sdc6/f1tenth_ws/src/f1tenth_system/ackermann_mux'
[1.070s] INFO:colcon.colcon_core.shell:Skip shell extension 'powershell' for command environment: Not usable outside of PowerShell
[1.070s] DEBUG:colcon.colcon_core.shell:Skip shell extension 'dsv' for command environment
[1.077s] INFO:colcon.colcon_ros.task.ament_python.build:Building ROS package in '/home/sdc6/f1tenth_ws/src/f1tenth_system/teleop_tools/key_teleop' with build type 'ament_python'
[1.077s] Level 1:colcon.colcon_core.shell:create_environment_hook('key_teleop', 'ament_prefix_path')
[1.078s] INFO:colcon.colcon_core.shell:Creating environment hook '/home/sdc6/f1tenth_ws/install/key_teleop/share/key_teleop/hook/ament_prefix_path.ps1'
[1.080s] INFO:colcon.colcon_core.shell:Creating environment descriptor '/home/sdc6/f1tenth_ws/install/key_teleop/share/key_teleop/hook/ament_prefix_path.dsv'
[1.081s] INFO:colcon.colcon_core.shell:Creating environment hook '/home/sdc6/f1tenth_ws/install/key_teleop/share/key_teleop/hook/ament_prefix_path.sh'
[1.083s] INFO:colcon.colcon_core.shell:Skip shell extension 'powershell' for command environment: Not usable outside of PowerShell
[1.083s] DEBUG:colcon.colcon_core.shell:Skip shell extension 'dsv' for command environment
[1.092s] INFO:colcon.colcon_ros.task.ament_cmake.build:Building ROS package in '/home/sdc6/f1tenth_ws/src/f1tenth_mppi' with build type 'ament_cmake'
[1.092s] INFO:colcon.colcon_cmake.task.cmake.build:Building CMake package in '/home/sdc6/f1tenth_ws/src/f1tenth_mppi'
[1.093s] INFO:colcon.colcon_core.shell:Skip shell extension 'powershell' for command environment: Not usable outside of PowerShell
[1.093s] DEBUG:colcon.colcon_core.shell:Skip shell extension 'dsv' for command environment
[1.103s] INFO:colcon.colcon_ros.task.ament_python.build:Building ROS package in '/home/sdc6/f1tenth_ws/src/f1tenth_mpc' with build type 'ament_python'
[1.103s] Level 1:colcon.colcon_core.shell:create_environment_hook('kinematic_mpc', 'ament_prefix_path')
[1.104s] INFO:colcon.colcon_core.shell:Creating environment hook '/home/sdc6/f1tenth_ws/install/kinematic_mpc/share/kinematic_mpc/hook/ament_prefix_path.ps1'
[1.105s] INFO:colcon.colcon_core.shell:Creating environment descriptor '/home/sdc6/f1tenth_ws/install/kinematic_mpc/share/kinematic_mpc/hook/ament_prefix_path.dsv'
[1.106s] INFO:colcon.colcon_core.shell:Creating environment hook '/home/sdc6/f1tenth_ws/install/kinematic_mpc/share/kinematic_mpc/hook/ament_prefix_path.sh'
[1.107s] INFO:colcon.colcon_core.shell:Skip shell extension 'powershell' for command environment: Not usable outside of PowerShell
[1.107s] DEBUG:colcon.colcon_core.shell:Skip shell extension 'dsv' for command environment
[1.122s] DEBUG:colcon.colcon_core.event_handler.log_command:Invoking command in '/home/sdc6/f1tenth_ws/build/vesc_msgs': CMAKE_PREFIX_PATH=${CMAKE_PREFIX_PATH}:/home/sdc6/f1tenth_ws/install/f1tenth_stack:/home/sdc6/f1tenth_ws/install/joy_teleop:/home/sdc6/f1tenth_ws/install/mouse_teleop:/home/sdc6/f1tenth_ws/install/kinematic_mpc:/home/sdc6/f1tenth_ws/install/key_teleop:/opt/ros/humble PS1=(test_env) \[\e]0;\u@\h: \w\a\]${debian_chroot:+($debian_chroot)}\[\033[01;32m\]\u@\h\[\033[00m\]:\[\033[01;34m\]\w\[\033[00m\]\$ VIRTUAL_ENV_PROMPT=(test_env) /usr/bin/cmake --build /home/sdc6/f1tenth_ws/build/vesc_msgs -- -j6 -l6
[1.131s] DEBUG:colcon.colcon_core.event_handler.log_command:Invoking command in '/home/sdc6/f1tenth_ws/build/teleop_tools_msgs': CMAKE_PREFIX_PATH=${CMAKE_PREFIX_PATH}:/home/sdc6/f1tenth_ws/install/f1tenth_stack:/home/sdc6/f1tenth_ws/install/joy_teleop:/home/sdc6/f1tenth_ws/install/mouse_teleop:/home/sdc6/f1tenth_ws/install/kinematic_mpc:/home/sdc6/f1tenth_ws/install/key_teleop:/opt/ros/humble PS1=(test_env) \[\e]0;\u@\h: \w\a\]${debian_chroot:+($debian_chroot)}\[\033[01;32m\]\u@\h\[\033[00m\]:\[\033[01;34m\]\w\[\033[00m\]\$ VIRTUAL_ENV_PROMPT=(test_env) /usr/bin/cmake --build /home/sdc6/f1tenth_ws/build/teleop_tools_msgs -- -j6 -l6
[1.135s] DEBUG:colcon.colcon_core.event_handler.log_command:Invoking command in '/home/sdc6/f1tenth_ws/build/ackermann_mux': CMAKE_PREFIX_PATH=${CMAKE_PREFIX_PATH}:/home/sdc6/f1tenth_ws/install/f1tenth_stack:/home/sdc6/f1tenth_ws/install/joy_teleop:/home/sdc6/f1tenth_ws/install/mouse_teleop:/home/sdc6/f1tenth_ws/install/kinematic_mpc:/home/sdc6/f1tenth_ws/install/key_teleop:/opt/ros/humble PS1=(test_env) \[\e]0;\u@\h: \w\a\]${debian_chroot:+($debian_chroot)}\[\033[01;32m\]\u@\h\[\033[00m\]:\[\033[01;34m\]\w\[\033[00m\]\$ VIRTUAL_ENV_PROMPT=(test_env) /usr/bin/cmake --build /home/sdc6/f1tenth_ws/build/ackermann_mux -- -j6 -l6
[1.778s] INFO:colcon.colcon_core.task.python.build:Building Python package in '/home/sdc6/f1tenth_ws/src/f1tenth_system/teleop_tools/key_teleop'
[1.779s] INFO:colcon.colcon_core.shell:Skip shell extension 'powershell' for command environment: Not usable outside of PowerShell
[1.779s] DEBUG:colcon.colcon_core.shell:Skip shell extension 'dsv' for command environment
[1.801s] DEBUG:colcon.colcon_core.event_handler.log_command:Invoking command in '/home/sdc6/f1tenth_ws/build/f1tenth_mppi': CMAKE_PREFIX_PATH=${CMAKE_PREFIX_PATH}:/home/sdc6/f1tenth_ws/install/f1tenth_stack:/home/sdc6/f1tenth_ws/install/joy_teleop:/home/sdc6/f1tenth_ws/install/mouse_teleop:/home/sdc6/f1tenth_ws/install/kinematic_mpc:/home/sdc6/f1tenth_ws/install/key_teleop:/opt/ros/humble PS1=(test_env) \[\e]0;\u@\h: \w\a\]${debian_chroot:+($debian_chroot)}\[\033[01;32m\]\u@\h\[\033[00m\]:\[\033[01;34m\]\w\[\033[00m\]\$ VIRTUAL_ENV_PROMPT=(test_env) /usr/bin/cmake --build /home/sdc6/f1tenth_ws/build/f1tenth_mppi -- -j6 -l6
[2.500s] INFO:colcon.colcon_core.task.python.build:Building Python package in '/home/sdc6/f1tenth_ws/src/f1tenth_mpc'
[2.501s] INFO:colcon.colcon_core.shell:Skip shell extension 'powershell' for command environment: Not usable outside of PowerShell
[2.501s] DEBUG:colcon.colcon_core.shell:Skip shell extension 'dsv' for command environment
[3.108s] DEBUG:colcon.colcon_core.event_handler.log_command:Invoked command in '/home/sdc6/f1tenth_ws/build/f1tenth_mppi' returned '0': CMAKE_PREFIX_PATH=${CMAKE_PREFIX_PATH}:/home/sdc6/f1tenth_ws/install/f1tenth_stack:/home/sdc6/f1tenth_ws/install/joy_teleop:/home/sdc6/f1tenth_ws/install/mouse_teleop:/home/sdc6/f1tenth_ws/install/kinematic_mpc:/home/sdc6/f1tenth_ws/install/key_teleop:/opt/ros/humble PS1=(test_env) \[\e]0;\u@\h: \w\a\]${debian_chroot:+($debian_chroot)}\[\033[01;32m\]\u@\h\[\033[00m\]:\[\033[01;34m\]\w\[\033[00m\]\$ VIRTUAL_ENV_PROMPT=(test_env) /usr/bin/cmake --build /home/sdc6/f1tenth_ws/build/f1tenth_mppi -- -j6 -l6
[3.168s] DEBUG:colcon.colcon_core.event_handler.log_command:Invoking command in '/home/sdc6/f1tenth_ws/build/f1tenth_mppi': CMAKE_PREFIX_PATH=${CMAKE_PREFIX_PATH}:/home/sdc6/f1tenth_ws/install/f1tenth_stack:/home/sdc6/f1tenth_ws/install/joy_teleop:/home/sdc6/f1tenth_ws/install/mouse_teleop:/home/sdc6/f1tenth_ws/install/kinematic_mpc:/home/sdc6/f1tenth_ws/install/key_teleop:/opt/ros/humble PS1=(test_env) \[\e]0;\u@\h: \w\a\]${debian_chroot:+($debian_chroot)}\[\033[01;32m\]\u@\h\[\033[00m\]:\[\033[01;34m\]\w\[\033[00m\]\$ VIRTUAL_ENV_PROMPT=(test_env) /usr/bin/cmake --install /home/sdc6/f1tenth_ws/build/f1tenth_mppi
[3.317s] Level 1:colcon.colcon_core.environment:create_environment_scripts_only(f1tenth_mppi)
[3.319s] DEBUG:colcon.colcon_core.event_handler.log_command:Invoked command in '/home/sdc6/f1tenth_ws/build/f1tenth_mppi' returned '0': CMAKE_PREFIX_PATH=${CMAKE_PREFIX_PATH}:/home/sdc6/f1tenth_ws/install/f1tenth_stack:/home/sdc6/f1tenth_ws/install/joy_teleop:/home/sdc6/f1tenth_ws/install/mouse_teleop:/home/sdc6/f1tenth_ws/install/kinematic_mpc:/home/sdc6/f1tenth_ws/install/key_teleop:/opt/ros/humble PS1=(test_env) \[\e]0;\u@\h: \w\a\]${debian_chroot:+($debian_chroot)}\[\033[01;32m\]\u@\h\[\033[00m\]:\[\033[01;34m\]\w\[\033[00m\]\$ VIRTUAL_ENV_PROMPT=(test_env) /usr/bin/cmake --install /home/sdc6/f1tenth_ws/build/f1tenth_mppi
[3.328s] Level 1:colcon.colcon_core.environment:checking '/home/sdc6/f1tenth_ws/install/f1tenth_mppi' for CMake module files
[3.332s] Level 1:colcon.colcon_core.environment:checking '/home/sdc6/f1tenth_ws/install/f1tenth_mppi' for CMake config files
[3.333s] Level 1:colcon.colcon_core.shell:create_environment_hook('f1tenth_mppi', 'cmake_prefix_path')
[3.333s] INFO:colcon.colcon_core.shell:Creating environment hook '/home/sdc6/f1tenth_ws/install/f1tenth_mppi/share/f1tenth_mppi/hook/cmake_prefix_path.ps1'
[3.334s] INFO:colcon.colcon_core.shell:Creating environment descriptor '/home/sdc6/f1tenth_ws/install/f1tenth_mppi/share/f1tenth_mppi/hook/cmake_prefix_path.dsv'
[3.335s] INFO:colcon.colcon_core.shell:Creating environment hook '/home/sdc6/f1tenth_ws/install/f1tenth_mppi/share/f1tenth_mppi/hook/cmake_prefix_path.sh'
[3.337s] Level 1:colcon.colcon_core.environment:checking '/home/sdc6/f1tenth_ws/install/f1tenth_mppi/lib'
[3.337s] Level 1:colcon.colcon_core.environment:checking '/home/sdc6/f1tenth_ws/install/f1tenth_mppi/bin'
[3.337s] Level 1:colcon.colcon_core.environment:checking '/home/sdc6/f1tenth_ws/install/f1tenth_mppi/lib/pkgconfig/f1tenth_mppi.pc'
[3.338s] Level 1:colcon.colcon_core.environment:checking '/home/sdc6/f1tenth_ws/install/f1tenth_mppi/lib/python3.10/site-packages'
[3.338s] Level 1:colcon.colcon_core.shell:create_environment_hook('f1tenth_mppi', 'pythonpath')
[3.338s] INFO:colcon.colcon_core.shell:Creating environment hook '/home/sdc6/f1tenth_ws/install/f1tenth_mppi/share/f1tenth_mppi/hook/pythonpath.ps1'
[3.347s] INFO:colcon.colcon_core.shell:Creating environment descriptor '/home/sdc6/f1tenth_ws/install/f1tenth_mppi/share/f1tenth_mppi/hook/pythonpath.dsv'
[3.350s] INFO:colcon.colcon_core.shell:Creating environment hook '/home/sdc6/f1tenth_ws/install/f1tenth_mppi/share/f1tenth_mppi/hook/pythonpath.sh'
[3.355s] Level 1:colcon.colcon_core.environment:checking '/home/sdc6/f1tenth_ws/install/f1tenth_mppi/bin'
[3.356s] INFO:colcon.colcon_core.shell:Creating package script '/home/sdc6/f1tenth_ws/install/f1tenth_mppi/share/f1tenth_mppi/package.ps1'
[3.359s] INFO:colcon.colcon_core.shell:Creating package descriptor '/home/sdc6/f1tenth_ws/install/f1tenth_mppi/share/f1tenth_mppi/package.dsv'
[3.363s] INFO:colcon.colcon_core.shell:Creating package script '/home/sdc6/f1tenth_ws/install/f1tenth_mppi/share/f1tenth_mppi/package.sh'
[3.365s] INFO:colcon.colcon_core.shell:Creating package script '/home/sdc6/f1tenth_ws/install/f1tenth_mppi/share/f1tenth_mppi/package.bash'
[3.368s] INFO:colcon.colcon_core.shell:Creating package script '/home/sdc6/f1tenth_ws/install/f1tenth_mppi/share/f1tenth_mppi/package.zsh'
[3.372s] Level 1:colcon.colcon_core.environment:create_file_with_runtime_dependencies(/home/sdc6/f1tenth_ws/install/f1tenth_mppi/share/colcon-core/packages/f1tenth_mppi)
[3.375s] Level 1:colcon.colcon_core.environment:create_environment_scripts_only(f1tenth_mppi)
[3.376s] Level 1:colcon.colcon_core.environment:checking '/home/sdc6/f1tenth_ws/install/f1tenth_mppi' for CMake module files
[3.377s] Level 1:colcon.colcon_core.environment:checking '/home/sdc6/f1tenth_ws/install/f1tenth_mppi' for CMake config files
[3.378s] Level 1:colcon.colcon_core.shell:create_environment_hook('f1tenth_mppi', 'cmake_prefix_path')
[3.378s] INFO:colcon.colcon_core.shell:Creating environment hook '/home/sdc6/f1tenth_ws/install/f1tenth_mppi/share/f1tenth_mppi/hook/cmake_prefix_path.ps1'
[3.380s] INFO:colcon.colcon_core.shell:Creating environment descriptor '/home/sdc6/f1tenth_ws/install/f1tenth_mppi/share/f1tenth_mppi/hook/cmake_prefix_path.dsv'
[3.381s] INFO:colcon.colcon_core.shell:Creating environment hook '/home/sdc6/f1tenth_ws/install/f1tenth_mppi/share/f1tenth_mppi/hook/cmake_prefix_path.sh'
[3.383s] Level 1:colcon.colcon_core.environment:checking '/home/sdc6/f1tenth_ws/install/f1tenth_mppi/lib'
[3.383s] Level 1:colcon.colcon_core.environment:checking '/home/sdc6/f1tenth_ws/install/f1tenth_mppi/bin'
[3.383s] Level 1:colcon.colcon_core.environment:checking '/home/sdc6/f1tenth_ws/install/f1tenth_mppi/lib/pkgconfig/f1tenth_mppi.pc'
[3.384s] Level 1:colcon.colcon_core.environment:checking '/home/sdc6/f1tenth_ws/install/f1tenth_mppi/lib/python3.10/site-packages'
[3.384s] Level 1:colcon.colcon_core.shell:create_environment_hook('f1tenth_mppi', 'pythonpath')
[3.385s] INFO:colcon.colcon_core.shell:Creating environment hook '/home/sdc6/f1tenth_ws/install/f1tenth_mppi/share/f1tenth_mppi/hook/pythonpath.ps1'
[3.386s] INFO:colcon.colcon_core.shell:Creating environment descriptor '/home/sdc6/f1tenth_ws/install/f1tenth_mppi/share/f1tenth_mppi/hook/pythonpath.dsv'
[3.389s] INFO:colcon.colcon_core.shell:Creating environment hook '/home/sdc6/f1tenth_ws/install/f1tenth_mppi/share/f1tenth_mppi/hook/pythonpath.sh'
[3.391s] Level 1:colcon.colcon_core.environment:checking '/home/sdc6/f1tenth_ws/install/f1tenth_mppi/bin'
[3.392s] INFO:colcon.colcon_core.shell:Creating package script '/home/sdc6/f1tenth_ws/install/f1tenth_mppi/share/f1tenth_mppi/package.ps1'
[3.395s] INFO:colcon.colcon_core.shell:Creating package descriptor '/home/sdc6/f1tenth_ws/install/f1tenth_mppi/share/f1tenth_mppi/package.dsv'
[3.397s] INFO:colcon.colcon_core.shell:Creating package script '/home/sdc6/f1tenth_ws/install/f1tenth_mppi/share/f1tenth_mppi/package.sh'
[3.398s] INFO:colcon.colcon_core.shell:Creating package script '/home/sdc6/f1tenth_ws/install/f1tenth_mppi/share/f1tenth_mppi/package.bash'
[3.399s] INFO:colcon.colcon_core.shell:Creating package script '/home/sdc6/f1tenth_ws/install/f1tenth_mppi/share/f1tenth_mppi/package.zsh'
[3.401s] Level 1:colcon.colcon_core.environment:create_file_with_runtime_dependencies(/home/sdc6/f1tenth_ws/install/f1tenth_mppi/share/colcon-core/packages/f1tenth_mppi)
[3.406s] INFO:colcon.colcon_ros.task.ament_python.build:Building ROS package in '/home/sdc6/f1tenth_ws/src/f1tenth_system/teleop_tools/mouse_teleop' with build type 'ament_python'
[3.407s] Level 1:colcon.colcon_core.shell:create_environment_hook('mouse_teleop', 'ament_prefix_path')
[3.408s] INFO:colcon.colcon_core.shell:Creating environment hook '/home/sdc6/f1tenth_ws/install/mouse_teleop/share/mouse_teleop/hook/ament_prefix_path.ps1'
[3.414s] INFO:colcon.colcon_core.shell:Creating environment descriptor '/home/sdc6/f1tenth_ws/install/mouse_teleop/share/mouse_teleop/hook/ament_prefix_path.dsv'
[3.416s] INFO:colcon.colcon_core.shell:Creating environment hook '/home/sdc6/f1tenth_ws/install/mouse_teleop/share/mouse_teleop/hook/ament_prefix_path.sh'
[3.419s] INFO:colcon.colcon_core.shell:Skip shell extension 'powershell' for command environment: Not usable outside of PowerShell
[3.419s] DEBUG:colcon.colcon_core.shell:Skip shell extension 'dsv' for command environment
[4.267s] INFO:colcon.colcon_core.task.python.build:Building Python package in '/home/sdc6/f1tenth_ws/src/f1tenth_system/teleop_tools/mouse_teleop'
[4.268s] INFO:colcon.colcon_core.shell:Skip shell extension 'powershell' for command environment: Not usable outside of PowerShell
[4.268s] DEBUG:colcon.colcon_core.shell:Skip shell extension 'dsv' for command environment
[4.279s] DEBUG:colcon.colcon_core.task.python.build:Available setuptools commands: build_py, build_clib, clean, bdist_rpm, bdist_egg, install_scripts, saveopts, rotate, register, egg_info, dist_info, install_egg_info, build, sdist, setopt, bdist_dumb, bdist, easy_install, develop, install_data, upload, check, alias, test, install, build_scripts, build_ext, install_headers, upload_docs, symlink_data, bdist_wheel, install_lib
[4.285s] DEBUG:colcon.colcon_core.event_handler.log_command:Invoking command in '/home/sdc6/f1tenth_ws/src/f1tenth_system/teleop_tools/key_teleop': PS1=(test_env) \[\e]0;\u@\h: \w\a\]${debian_chroot:+($debian_chroot)}\[\033[01;32m\]\u@\h\[\033[00m\]:\[\033[01;34m\]\w\[\033[00m\]\$ PYTHONPATH=/home/sdc6/f1tenth_ws/build/key_teleop/prefix_override:/usr/lib/python3/dist-packages/colcon_core/task/python/colcon_distutils_commands:/home/sdc6/f1tenth_ws/install/key_teleop/lib/python3.10/site-packages:${PYTHONPATH} VIRTUAL_ENV_PROMPT=(test_env) /usr/bin/python3 -W ignore:setup.py install is deprecated -W ignore:easy_install command is deprecated setup.py egg_info --egg-base ../../../../build/key_teleop build --build-base /home/sdc6/f1tenth_ws/build/key_teleop/build install --record /home/sdc6/f1tenth_ws/build/key_teleop/install.log --install-scripts $base/lib/key_teleop --single-version-externally-managed install_data
[4.298s] DEBUG:colcon.colcon_core.task.python.build:Available setuptools commands: build_py, build_clib, clean, bdist_rpm, bdist_egg, install_scripts, saveopts, rotate, register, egg_info, dist_info, install_egg_info, build, sdist, setopt, bdist_dumb, bdist, easy_install, develop, install_data, upload, check, alias, test, install, build_scripts, build_ext, install_headers, upload_docs, symlink_data, bdist_wheel, install_lib
[4.307s] DEBUG:colcon.colcon_core.event_handler.log_command:Invoking command in '/home/sdc6/f1tenth_ws/src/f1tenth_mpc': PS1=(test_env) \[\e]0;\u@\h: \w\a\]${debian_chroot:+($debian_chroot)}\[\033[01;32m\]\u@\h\[\033[00m\]:\[\033[01;34m\]\w\[\033[00m\]\$ PYTHONPATH=/home/sdc6/f1tenth_ws/build/kinematic_mpc/prefix_override:/usr/lib/python3/dist-packages/colcon_core/task/python/colcon_distutils_commands:/home/sdc6/f1tenth_ws/install/kinematic_mpc/lib/python3.10/site-packages:${PYTHONPATH} VIRTUAL_ENV_PROMPT=(test_env) /usr/bin/python3 -W ignore:setup.py install is deprecated -W ignore:easy_install command is deprecated setup.py egg_info --egg-base ../../build/kinematic_mpc build --build-base /home/sdc6/f1tenth_ws/build/kinematic_mpc/build install --record /home/sdc6/f1tenth_ws/build/kinematic_mpc/install.log --install-scripts $base/lib/kinematic_mpc --single-version-externally-managed install_data
[5.347s] Level 1:colcon.colcon_core.environment:checking '/home/sdc6/f1tenth_ws/install/key_teleop' for CMake module files
[5.348s] Level 1:colcon.colcon_core.environment:checking '/home/sdc6/f1tenth_ws/install/key_teleop' for CMake config files
[5.349s] Level 1:colcon.colcon_core.environment:checking '/home/sdc6/f1tenth_ws/install/key_teleop/lib'
[5.350s] Level 1:colcon.colcon_core.environment:checking '/home/sdc6/f1tenth_ws/install/key_teleop/bin'
[5.350s] DEBUG:colcon.colcon_core.event_handler.log_command:Invoked command in '/home/sdc6/f1tenth_ws/src/f1tenth_system/teleop_tools/key_teleop' returned '0': PS1=(test_env) \[\e]0;\u@\h: \w\a\]${debian_chroot:+($debian_chroot)}\[\033[01;32m\]\u@\h\[\033[00m\]:\[\033[01;34m\]\w\[\033[00m\]\$ PYTHONPATH=/home/sdc6/f1tenth_ws/build/key_teleop/prefix_override:/usr/lib/python3/dist-packages/colcon_core/task/python/colcon_distutils_commands:/home/sdc6/f1tenth_ws/install/key_teleop/lib/python3.10/site-packages:${PYTHONPATH} VIRTUAL_ENV_PROMPT=(test_env) /usr/bin/python3 -W ignore:setup.py install is deprecated -W ignore:easy_install command is deprecated setup.py egg_info --egg-base ../../../../build/key_teleop build --build-base /home/sdc6/f1tenth_ws/build/key_teleop/build install --record /home/sdc6/f1tenth_ws/build/key_teleop/install.log --install-scripts $base/lib/key_teleop --single-version-externally-managed install_data
[5.351s] Level 1:colcon.colcon_core.environment:checking '/home/sdc6/f1tenth_ws/install/key_teleop/lib/pkgconfig/key_teleop.pc'
[5.352s] Level 1:colcon.colcon_core.environment:checking '/home/sdc6/f1tenth_ws/install/key_teleop/lib/python3.10/site-packages'
[5.352s] Level 1:colcon.colcon_core.shell:create_environment_hook('key_teleop', 'pythonpath')
[5.353s] INFO:colcon.colcon_core.shell:Creating environment hook '/home/sdc6/f1tenth_ws/install/key_teleop/share/key_teleop/hook/pythonpath.ps1'
[5.354s] INFO:colcon.colcon_core.shell:Creating environment descriptor '/home/sdc6/f1tenth_ws/install/key_teleop/share/key_teleop/hook/pythonpath.dsv'
[5.355s] INFO:colcon.colcon_core.shell:Creating environment hook '/home/sdc6/f1tenth_ws/install/key_teleop/share/key_teleop/hook/pythonpath.sh'
[5.357s] Level 1:colcon.colcon_core.environment:checking '/home/sdc6/f1tenth_ws/install/key_teleop/bin'
[5.358s] Level 1:colcon.colcon_core.environment:create_environment_scripts_only(key_teleop)
[5.358s] INFO:colcon.colcon_core.shell:Creating package script '/home/sdc6/f1tenth_ws/install/key_teleop/share/key_teleop/package.ps1'
[5.360s] INFO:colcon.colcon_core.shell:Creating package descriptor '/home/sdc6/f1tenth_ws/install/key_teleop/share/key_teleop/package.dsv'
[5.362s] INFO:colcon.colcon_core.shell:Creating package script '/home/sdc6/f1tenth_ws/install/key_teleop/share/key_teleop/package.sh'
[5.363s] INFO:colcon.colcon_core.shell:Creating package script '/home/sdc6/f1tenth_ws/install/key_teleop/share/key_teleop/package.bash'
[5.364s] INFO:colcon.colcon_core.shell:Creating package script '/home/sdc6/f1tenth_ws/install/key_teleop/share/key_teleop/package.zsh'
[5.365s] Level 1:colcon.colcon_core.environment:create_file_with_runtime_dependencies(/home/sdc6/f1tenth_ws/install/key_teleop/share/colcon-core/packages/key_teleop)
[5.470s] Level 1:colcon.colcon_core.environment:checking '/home/sdc6/f1tenth_ws/install/kinematic_mpc' for CMake module files
[5.471s] Level 1:colcon.colcon_core.environment:checking '/home/sdc6/f1tenth_ws/install/kinematic_mpc' for CMake config files
[5.473s] Level 1:colcon.colcon_core.environment:checking '/home/sdc6/f1tenth_ws/install/kinematic_mpc/lib'
[5.473s] Level 1:colcon.colcon_core.environment:checking '/home/sdc6/f1tenth_ws/install/kinematic_mpc/bin'
[5.473s] Level 1:colcon.colcon_core.environment:checking '/home/sdc6/f1tenth_ws/install/kinematic_mpc/lib/pkgconfig/kinematic_mpc.pc'
[5.473s] Level 1:colcon.colcon_core.environment:checking '/home/sdc6/f1tenth_ws/install/kinematic_mpc/lib/python3.10/site-packages'
[5.473s] Level 1:colcon.colcon_core.shell:create_environment_hook('kinematic_mpc', 'pythonpath')
[5.474s] INFO:colcon.colcon_core.shell:Creating environment hook '/home/sdc6/f1tenth_ws/install/kinematic_mpc/share/kinematic_mpc/hook/pythonpath.ps1'
[5.475s] DEBUG:colcon.colcon_core.event_handler.log_command:Invoked command in '/home/sdc6/f1tenth_ws/src/f1tenth_mpc' returned '0': PS1=(test_env) \[\e]0;\u@\h: \w\a\]${debian_chroot:+($debian_chroot)}\[\033[01;32m\]\u@\h\[\033[00m\]:\[\033[01;34m\]\w\[\033[00m\]\$ PYTHONPATH=/home/sdc6/f1tenth_ws/build/kinematic_mpc/prefix_override:/usr/lib/python3/dist-packages/colcon_core/task/python/colcon_distutils_commands:/home/sdc6/f1tenth_ws/install/kinematic_mpc/lib/python3.10/site-packages:${PYTHONPATH} VIRTUAL_ENV_PROMPT=(test_env) /usr/bin/python3 -W ignore:setup.py install is deprecated -W ignore:easy_install command is deprecated setup.py egg_info --egg-base ../../build/kinematic_mpc build --build-base /home/sdc6/f1tenth_ws/build/kinematic_mpc/build install --record /home/sdc6/f1tenth_ws/build/kinematic_mpc/install.log --install-scripts $base/lib/kinematic_mpc --single-version-externally-managed install_data
[5.477s] INFO:colcon.colcon_core.shell:Creating environment descriptor '/home/sdc6/f1tenth_ws/install/kinematic_mpc/share/kinematic_mpc/hook/pythonpath.dsv'
[5.478s] INFO:colcon.colcon_core.shell:Creating environment hook '/home/sdc6/f1tenth_ws/install/kinematic_mpc/share/kinematic_mpc/hook/pythonpath.sh'
[5.480s] Level 1:colcon.colcon_core.environment:checking '/home/sdc6/f1tenth_ws/install/kinematic_mpc/bin'
[5.480s] Level 1:colcon.colcon_core.environment:create_environment_scripts_only(kinematic_mpc)
[5.484s] INFO:colcon.colcon_core.shell:Creating package script '/home/sdc6/f1tenth_ws/install/kinematic_mpc/share/kinematic_mpc/package.ps1'
[5.487s] INFO:colcon.colcon_core.shell:Creating package descriptor '/home/sdc6/f1tenth_ws/install/kinematic_mpc/share/kinematic_mpc/package.dsv'
[5.489s] INFO:colcon.colcon_core.shell:Creating package script '/home/sdc6/f1tenth_ws/install/kinematic_mpc/share/kinematic_mpc/package.sh'
[5.490s] INFO:colcon.colcon_core.shell:Creating package script '/home/sdc6/f1tenth_ws/install/kinematic_mpc/share/kinematic_mpc/package.bash'
[5.491s] INFO:colcon.colcon_core.shell:Creating package script '/home/sdc6/f1tenth_ws/install/kinematic_mpc/share/kinematic_mpc/package.zsh'
[5.492s] Level 1:colcon.colcon_core.environment:create_file_with_runtime_dependencies(/home/sdc6/f1tenth_ws/install/kinematic_mpc/share/colcon-core/packages/kinematic_mpc)
[6.248s] DEBUG:colcon.colcon_core.task.python.build:Available setuptools commands: build_py, build_clib, clean, bdist_rpm, bdist_egg, install_scripts, saveopts, rotate, register, egg_info, dist_info, install_egg_info, build, sdist, setopt, bdist_dumb, bdist, easy_install, develop, install_data, upload, check, alias, test, install, build_scripts, build_ext, install_headers, upload_docs, symlink_data, bdist_wheel, install_lib
[6.269s] DEBUG:colcon.colcon_core.event_handler.log_command:Invoking command in '/home/sdc6/f1tenth_ws/src/f1tenth_system/teleop_tools/mouse_teleop': PS1=(test_env) \[\e]0;\u@\h: \w\a\]${debian_chroot:+($debian_chroot)}\[\033[01;32m\]\u@\h\[\033[00m\]:\[\033[01;34m\]\w\[\033[00m\]\$ PYTHONPATH=/home/sdc6/f1tenth_ws/build/mouse_teleop/prefix_override:/usr/lib/python3/dist-packages/colcon_core/task/python/colcon_distutils_commands:/home/sdc6/f1tenth_ws/install/mouse_teleop/lib/python3.10/site-packages:${PYTHONPATH} VIRTUAL_ENV_PROMPT=(test_env) /usr/bin/python3 -W ignore:setup.py install is deprecated -W ignore:easy_install command is deprecated setup.py egg_info --egg-base ../../../../build/mouse_teleop build --build-base /home/sdc6/f1tenth_ws/build/mouse_teleop/build install --record /home/sdc6/f1tenth_ws/build/mouse_teleop/install.log --install-scripts $base/lib/mouse_teleop --single-version-externally-managed install_data
[8.487s] Level 1:colcon.colcon_core.environment:checking '/home/sdc6/f1tenth_ws/install/mouse_teleop' for CMake module files
[8.488s] Level 1:colcon.colcon_core.environment:checking '/home/sdc6/f1tenth_ws/install/mouse_teleop' for CMake config files
[8.490s] Level 1:colcon.colcon_core.environment:checking '/home/sdc6/f1tenth_ws/install/mouse_teleop/lib'
[8.490s] Level 1:colcon.colcon_core.environment:checking '/home/sdc6/f1tenth_ws/install/mouse_teleop/bin'
[8.490s] Level 1:colcon.colcon_core.environment:checking '/home/sdc6/f1tenth_ws/install/mouse_teleop/lib/pkgconfig/mouse_teleop.pc'
[8.491s] Level 1:colcon.colcon_core.environment:checking '/home/sdc6/f1tenth_ws/install/mouse_teleop/lib/python3.10/site-packages'
[8.491s] DEBUG:colcon.colcon_core.event_handler.log_command:Invoked command in '/home/sdc6/f1tenth_ws/src/f1tenth_system/teleop_tools/mouse_teleop' returned '0': PS1=(test_env) \[\e]0;\u@\h: \w\a\]${debian_chroot:+($debian_chroot)}\[\033[01;32m\]\u@\h\[\033[00m\]:\[\033[01;34m\]\w\[\033[00m\]\$ PYTHONPATH=/home/sdc6/f1tenth_ws/build/mouse_teleop/prefix_override:/usr/lib/python3/dist-packages/colcon_core/task/python/colcon_distutils_commands:/home/sdc6/f1tenth_ws/install/mouse_teleop/lib/python3.10/site-packages:${PYTHONPATH} VIRTUAL_ENV_PROMPT=(test_env) /usr/bin/python3 -W ignore:setup.py install is deprecated -W ignore:easy_install command is deprecated setup.py egg_info --egg-base ../../../../build/mouse_teleop build --build-base /home/sdc6/f1tenth_ws/build/mouse_teleop/build install --record /home/sdc6/f1tenth_ws/build/mouse_teleop/install.log --install-scripts $base/lib/mouse_teleop --single-version-externally-managed install_data
[8.492s] Level 1:colcon.colcon_core.shell:create_environment_hook('mouse_teleop', 'pythonpath')
[8.492s] INFO:colcon.colcon_core.shell:Creating environment hook '/home/sdc6/f1tenth_ws/install/mouse_teleop/share/mouse_teleop/hook/pythonpath.ps1'
[8.494s] INFO:colcon.colcon_core.shell:Creating environment descriptor '/home/sdc6/f1tenth_ws/install/mouse_teleop/share/mouse_teleop/hook/pythonpath.dsv'
[8.499s] INFO:colcon.colcon_core.shell:Creating environment hook '/home/sdc6/f1tenth_ws/install/mouse_teleop/share/mouse_teleop/hook/pythonpath.sh'
[8.501s] Level 1:colcon.colcon_core.environment:checking '/home/sdc6/f1tenth_ws/install/mouse_teleop/bin'
[8.501s] Level 1:colcon.colcon_core.environment:create_environment_scripts_only(mouse_teleop)
[8.502s] INFO:colcon.colcon_core.shell:Creating package script '/home/sdc6/f1tenth_ws/install/mouse_teleop/share/mouse_teleop/package.ps1'
[8.526s] INFO:colcon.colcon_core.shell:Creating package descriptor '/home/sdc6/f1tenth_ws/install/mouse_teleop/share/mouse_teleop/package.dsv'
[8.531s] INFO:colcon.colcon_core.shell:Creating package script '/home/sdc6/f1tenth_ws/install/mouse_teleop/share/mouse_teleop/package.sh'
[8.533s] INFO:colcon.colcon_core.shell:Creating package script '/home/sdc6/f1tenth_ws/install/mouse_teleop/share/mouse_teleop/package.bash'
[8.533s] INFO:colcon.colcon_core.shell:Creating package script '/home/sdc6/f1tenth_ws/install/mouse_teleop/share/mouse_teleop/package.zsh'
[8.534s] Level 1:colcon.colcon_core.environment:create_file_with_runtime_dependencies(/home/sdc6/f1tenth_ws/install/mouse_teleop/share/colcon-core/packages/mouse_teleop)
[20.727s] DEBUG:colcon.colcon_core.event_handler.log_command:Invoked command in '/home/sdc6/f1tenth_ws/build/teleop_tools_msgs' returned '0': CMAKE_PREFIX_PATH=${CMAKE_PREFIX_PATH}:/home/sdc6/f1tenth_ws/install/f1tenth_stack:/home/sdc6/f1tenth_ws/install/joy_teleop:/home/sdc6/f1tenth_ws/install/mouse_teleop:/home/sdc6/f1tenth_ws/install/kinematic_mpc:/home/sdc6/f1tenth_ws/install/key_teleop:/opt/ros/humble PS1=(test_env) \[\e]0;\u@\h: \w\a\]${debian_chroot:+($debian_chroot)}\[\033[01;32m\]\u@\h\[\033[00m\]:\[\033[01;34m\]\w\[\033[00m\]\$ VIRTUAL_ENV_PROMPT=(test_env) /usr/bin/cmake --build /home/sdc6/f1tenth_ws/build/teleop_tools_msgs -- -j6 -l6
[20.733s] DEBUG:colcon.colcon_core.event_handler.log_command:Invoking command in '/home/sdc6/f1tenth_ws/build/teleop_tools_msgs': CMAKE_PREFIX_PATH=${CMAKE_PREFIX_PATH}:/home/sdc6/f1tenth_ws/install/f1tenth_stack:/home/sdc6/f1tenth_ws/install/joy_teleop:/home/sdc6/f1tenth_ws/install/mouse_teleop:/home/sdc6/f1tenth_ws/install/kinematic_mpc:/home/sdc6/f1tenth_ws/install/key_teleop:/opt/ros/humble PS1=(test_env) \[\e]0;\u@\h: \w\a\]${debian_chroot:+($debian_chroot)}\[\033[01;32m\]\u@\h\[\033[00m\]:\[\033[01;34m\]\w\[\033[00m\]\$ VIRTUAL_ENV_PROMPT=(test_env) /usr/bin/cmake --install /home/sdc6/f1tenth_ws/build/teleop_tools_msgs
[21.028s] Level 1:colcon.colcon_core.environment:create_environment_scripts_only(teleop_tools_msgs)
[21.029s] Level 1:colcon.colcon_core.environment:checking '/home/sdc6/f1tenth_ws/install/teleop_tools_msgs' for CMake module files
[21.031s] DEBUG:colcon.colcon_core.event_handler.log_command:Invoked command in '/home/sdc6/f1tenth_ws/build/teleop_tools_msgs' returned '0': CMAKE_PREFIX_PATH=${CMAKE_PREFIX_PATH}:/home/sdc6/f1tenth_ws/install/f1tenth_stack:/home/sdc6/f1tenth_ws/install/joy_teleop:/home/sdc6/f1tenth_ws/install/mouse_teleop:/home/sdc6/f1tenth_ws/install/kinematic_mpc:/home/sdc6/f1tenth_ws/install/key_teleop:/opt/ros/humble PS1=(test_env) \[\e]0;\u@\h: \w\a\]${debian_chroot:+($debian_chroot)}\[\033[01;32m\]\u@\h\[\033[00m\]:\[\033[01;34m\]\w\[\033[00m\]\$ VIRTUAL_ENV_PROMPT=(test_env) /usr/bin/cmake --install /home/sdc6/f1tenth_ws/build/teleop_tools_msgs
[21.031s] Level 1:colcon.colcon_core.environment:checking '/home/sdc6/f1tenth_ws/install/teleop_tools_msgs' for CMake config files
[21.033s] Level 1:colcon.colcon_core.shell:create_environment_hook('teleop_tools_msgs', 'cmake_prefix_path')
[21.034s] INFO:colcon.colcon_core.shell:Creating environment hook '/home/sdc6/f1tenth_ws/install/teleop_tools_msgs/share/teleop_tools_msgs/hook/cmake_prefix_path.ps1'
[21.036s] INFO:colcon.colcon_core.shell:Creating environment descriptor '/home/sdc6/f1tenth_ws/install/teleop_tools_msgs/share/teleop_tools_msgs/hook/cmake_prefix_path.dsv'
[21.037s] INFO:colcon.colcon_core.shell:Creating environment hook '/home/sdc6/f1tenth_ws/install/teleop_tools_msgs/share/teleop_tools_msgs/hook/cmake_prefix_path.sh'
[21.039s] Level 1:colcon.colcon_core.environment:checking '/home/sdc6/f1tenth_ws/install/teleop_tools_msgs/lib'
[21.039s] Level 1:colcon.colcon_core.shell:create_environment_hook('teleop_tools_msgs', 'ld_library_path_lib')
[21.040s] INFO:colcon.colcon_core.shell:Creating environment hook '/home/sdc6/f1tenth_ws/install/teleop_tools_msgs/share/teleop_tools_msgs/hook/ld_library_path_lib.ps1'
[21.042s] INFO:colcon.colcon_core.shell:Creating environment descriptor '/home/sdc6/f1tenth_ws/install/teleop_tools_msgs/share/teleop_tools_msgs/hook/ld_library_path_lib.dsv'
[21.043s] INFO:colcon.colcon_core.shell:Creating environment hook '/home/sdc6/f1tenth_ws/install/teleop_tools_msgs/share/teleop_tools_msgs/hook/ld_library_path_lib.sh'
[21.044s] Level 1:colcon.colcon_core.environment:checking '/home/sdc6/f1tenth_ws/install/teleop_tools_msgs/bin'
[21.045s] Level 1:colcon.colcon_core.environment:checking '/home/sdc6/f1tenth_ws/install/teleop_tools_msgs/lib/pkgconfig/teleop_tools_msgs.pc'
[21.047s] Level 1:colcon.colcon_core.environment:checking '/home/sdc6/f1tenth_ws/install/teleop_tools_msgs/lib/python3.10/site-packages'
[21.048s] Level 1:colcon.colcon_core.environment:checking '/home/sdc6/f1tenth_ws/install/teleop_tools_msgs/bin'
[21.050s] INFO:colcon.colcon_core.shell:Creating package script '/home/sdc6/f1tenth_ws/install/teleop_tools_msgs/share/teleop_tools_msgs/package.ps1'
[21.052s] INFO:colcon.colcon_core.shell:Creating package descriptor '/home/sdc6/f1tenth_ws/install/teleop_tools_msgs/share/teleop_tools_msgs/package.dsv'
[21.054s] INFO:colcon.colcon_core.shell:Creating package script '/home/sdc6/f1tenth_ws/install/teleop_tools_msgs/share/teleop_tools_msgs/package.sh'
[21.055s] INFO:colcon.colcon_core.shell:Creating package script '/home/sdc6/f1tenth_ws/install/teleop_tools_msgs/share/teleop_tools_msgs/package.bash'
[21.057s] INFO:colcon.colcon_core.shell:Creating package script '/home/sdc6/f1tenth_ws/install/teleop_tools_msgs/share/teleop_tools_msgs/package.zsh'
[21.058s] Level 1:colcon.colcon_core.environment:create_file_with_runtime_dependencies(/home/sdc6/f1tenth_ws/install/teleop_tools_msgs/share/colcon-core/packages/teleop_tools_msgs)
[21.061s] Level 1:colcon.colcon_core.environment:create_environment_scripts_only(teleop_tools_msgs)
[21.063s] Level 1:colcon.colcon_core.environment:checking '/home/sdc6/f1tenth_ws/install/teleop_tools_msgs' for CMake module files
[21.064s] Level 1:colcon.colcon_core.environment:checking '/home/sdc6/f1tenth_ws/install/teleop_tools_msgs' for CMake config files
[21.065s] Level 1:colcon.colcon_core.shell:create_environment_hook('teleop_tools_msgs', 'cmake_prefix_path')
[21.066s] INFO:colcon.colcon_core.shell:Creating environment hook '/home/sdc6/f1tenth_ws/install/teleop_tools_msgs/share/teleop_tools_msgs/hook/cmake_prefix_path.ps1'
[21.069s] INFO:colcon.colcon_core.shell:Creating environment descriptor '/home/sdc6/f1tenth_ws/install/teleop_tools_msgs/share/teleop_tools_msgs/hook/cmake_prefix_path.dsv'
[21.072s] INFO:colcon.colcon_core.shell:Creating environment hook '/home/sdc6/f1tenth_ws/install/teleop_tools_msgs/share/teleop_tools_msgs/hook/cmake_prefix_path.sh'
[21.073s] Level 1:colcon.colcon_core.environment:checking '/home/sdc6/f1tenth_ws/install/teleop_tools_msgs/lib'
[21.074s] Level 1:colcon.colcon_core.shell:create_environment_hook('teleop_tools_msgs', 'ld_library_path_lib')
[21.074s] INFO:colcon.colcon_core.shell:Creating environment hook '/home/sdc6/f1tenth_ws/install/teleop_tools_msgs/share/teleop_tools_msgs/hook/ld_library_path_lib.ps1'
[21.076s] INFO:colcon.colcon_core.shell:Creating environment descriptor '/home/sdc6/f1tenth_ws/install/teleop_tools_msgs/share/teleop_tools_msgs/hook/ld_library_path_lib.dsv'
[21.077s] INFO:colcon.colcon_core.shell:Creating environment hook '/home/sdc6/f1tenth_ws/install/teleop_tools_msgs/share/teleop_tools_msgs/hook/ld_library_path_lib.sh'
[21.078s] Level 1:colcon.colcon_core.environment:checking '/home/sdc6/f1tenth_ws/install/teleop_tools_msgs/bin'
[21.079s] Level 1:colcon.colcon_core.environment:checking '/home/sdc6/f1tenth_ws/install/teleop_tools_msgs/lib/pkgconfig/teleop_tools_msgs.pc'
[21.079s] Level 1:colcon.colcon_core.environment:checking '/home/sdc6/f1tenth_ws/install/teleop_tools_msgs/lib/python3.10/site-packages'
[21.080s] Level 1:colcon.colcon_core.environment:checking '/home/sdc6/f1tenth_ws/install/teleop_tools_msgs/bin'
[21.081s] INFO:colcon.colcon_core.shell:Creating package script '/home/sdc6/f1tenth_ws/install/teleop_tools_msgs/share/teleop_tools_msgs/package.ps1'
[21.088s] INFO:colcon.colcon_core.shell:Creating package descriptor '/home/sdc6/f1tenth_ws/install/teleop_tools_msgs/share/teleop_tools_msgs/package.dsv'
[21.092s] INFO:colcon.colcon_core.shell:Creating package script '/home/sdc6/f1tenth_ws/install/teleop_tools_msgs/share/teleop_tools_msgs/package.sh'
[21.095s] INFO:colcon.colcon_core.shell:Creating package script '/home/sdc6/f1tenth_ws/install/teleop_tools_msgs/share/teleop_tools_msgs/package.bash'
[21.096s] INFO:colcon.colcon_core.shell:Creating package script '/home/sdc6/f1tenth_ws/install/teleop_tools_msgs/share/teleop_tools_msgs/package.zsh'
[21.098s] Level 1:colcon.colcon_core.environment:create_file_with_runtime_dependencies(/home/sdc6/f1tenth_ws/install/teleop_tools_msgs/share/colcon-core/packages/teleop_tools_msgs)
[21.100s] INFO:colcon.colcon_ros.task.ament_python.build:Building ROS package in '/home/sdc6/f1tenth_ws/src/f1tenth_system/teleop_tools/joy_teleop' with build type 'ament_python'
[21.101s] Level 1:colcon.colcon_core.shell:create_environment_hook('joy_teleop', 'ament_prefix_path')
[21.102s] INFO:colcon.colcon_core.shell:Creating environment hook '/home/sdc6/f1tenth_ws/install/joy_teleop/share/joy_teleop/hook/ament_prefix_path.ps1'
[21.105s] INFO:colcon.colcon_core.shell:Creating environment descriptor '/home/sdc6/f1tenth_ws/install/joy_teleop/share/joy_teleop/hook/ament_prefix_path.dsv'
[21.108s] INFO:colcon.colcon_core.shell:Creating environment hook '/home/sdc6/f1tenth_ws/install/joy_teleop/share/joy_teleop/hook/ament_prefix_path.sh'
[21.110s] INFO:colcon.colcon_core.shell:Skip shell extension 'powershell' for command environment: Not usable outside of PowerShell
[21.111s] DEBUG:colcon.colcon_core.shell:Skip shell extension 'dsv' for command environment
[21.825s] INFO:colcon.colcon_core.task.python.build:Building Python package in '/home/sdc6/f1tenth_ws/src/f1tenth_system/teleop_tools/joy_teleop'
[21.826s] INFO:colcon.colcon_core.shell:Skip shell extension 'powershell' for command environment: Not usable outside of PowerShell
[21.826s] DEBUG:colcon.colcon_core.shell:Skip shell extension 'dsv' for command environment
[22.694s] DEBUG:colcon.colcon_core.task.python.build:Available setuptools commands: build_py, build_clib, clean, bdist_rpm, bdist_egg, install_scripts, saveopts, rotate, register, egg_info, dist_info, install_egg_info, build, sdist, setopt, bdist_dumb, bdist, easy_install, develop, install_data, upload, check, alias, test, install, build_scripts, build_ext, install_headers, upload_docs, symlink_data, bdist_wheel, install_lib
[22.699s] DEBUG:colcon.colcon_core.event_handler.log_command:Invoking command in '/home/sdc6/f1tenth_ws/src/f1tenth_system/teleop_tools/joy_teleop': CMAKE_PREFIX_PATH=/home/sdc6/f1tenth_ws/install/teleop_tools_msgs:/home/sdc6/f1tenth_ws/install/vesc:/home/sdc6/f1tenth_ws/install/vesc_driver:/home/sdc6/f1tenth_ws/install/vesc_ackermann:/home/sdc6/f1tenth_ws/install/vesc_msgs:/home/sdc6/f1tenth_ws/install/teleop_tools:/home/sdc6/f1tenth_ws/install/f1tenth_mppi:/home/sdc6/f1tenth_ws/install/ackermann_mux LD_LIBRARY_PATH=/home/sdc6/f1tenth_ws/install/teleop_tools_msgs/lib:/home/sdc6/f1tenth_ws/install/vesc_driver/lib:/home/sdc6/f1tenth_ws/install/vesc_ackermann/lib:/home/sdc6/f1tenth_ws/install/vesc_msgs/lib:/usr/local/cuda/lib64:/opt/ros/humble/opt/rviz_ogre_vendor/lib:/opt/ros/humble/lib/aarch64-linux-gnu:/opt/ros/humble/lib:/usr/local/cuda-12.6/lib64 PS1=(test_env) \[\e]0;\u@\h: \w\a\]${debian_chroot:+($debian_chroot)}\[\033[01;32m\]\u@\h\[\033[00m\]:\[\033[01;34m\]\w\[\033[00m\]\$ PYTHONPATH=/home/sdc6/f1tenth_ws/build/joy_teleop/prefix_override:/usr/lib/python3/dist-packages/colcon_core/task/python/colcon_distutils_commands:/home/sdc6/f1tenth_ws/install/joy_teleop/lib/python3.10/site-packages:${PYTHONPATH} VIRTUAL_ENV_PROMPT=(test_env) /usr/bin/python3 -W ignore:setup.py install is deprecated -W ignore:easy_install command is deprecated setup.py egg_info --egg-base ../../../../build/joy_teleop build --build-base /home/sdc6/f1tenth_ws/build/joy_teleop/build install --record /home/sdc6/f1tenth_ws/build/joy_teleop/install.log --install-scripts $base/lib/joy_teleop --single-version-externally-managed install_data
[23.190s] DEBUG:colcon.colcon_core.event_handler.log_command:Invoked command in '/home/sdc6/f1tenth_ws/build/vesc_msgs' returned '0': CMAKE_PREFIX_PATH=${CMAKE_PREFIX_PATH}:/home/sdc6/f1tenth_ws/install/f1tenth_stack:/home/sdc6/f1tenth_ws/install/joy_teleop:/home/sdc6/f1tenth_ws/install/mouse_teleop:/home/sdc6/f1tenth_ws/install/kinematic_mpc:/home/sdc6/f1tenth_ws/install/key_teleop:/opt/ros/humble PS1=(test_env) \[\e]0;\u@\h: \w\a\]${debian_chroot:+($debian_chroot)}\[\033[01;32m\]\u@\h\[\033[00m\]:\[\033[01;34m\]\w\[\033[00m\]\$ VIRTUAL_ENV_PROMPT=(test_env) /usr/bin/cmake --build /home/sdc6/f1tenth_ws/build/vesc_msgs -- -j6 -l6
[23.194s] DEBUG:colcon.colcon_core.event_handler.log_command:Invoking command in '/home/sdc6/f1tenth_ws/build/vesc_msgs': CMAKE_PREFIX_PATH=${CMAKE_PREFIX_PATH}:/home/sdc6/f1tenth_ws/install/f1tenth_stack:/home/sdc6/f1tenth_ws/install/joy_teleop:/home/sdc6/f1tenth_ws/install/mouse_teleop:/home/sdc6/f1tenth_ws/install/kinematic_mpc:/home/sdc6/f1tenth_ws/install/key_teleop:/opt/ros/humble PS1=(test_env) \[\e]0;\u@\h: \w\a\]${debian_chroot:+($debian_chroot)}\[\033[01;32m\]\u@\h\[\033[00m\]:\[\033[01;34m\]\w\[\033[00m\]\$ VIRTUAL_ENV_PROMPT=(test_env) /usr/bin/cmake --install /home/sdc6/f1tenth_ws/build/vesc_msgs
[23.436s] Level 1:colcon.colcon_core.environment:checking '/home/sdc6/f1tenth_ws/install/joy_teleop' for CMake module files
[23.437s] Level 1:colcon.colcon_core.environment:checking '/home/sdc6/f1tenth_ws/install/joy_teleop' for CMake config files
[23.438s] Level 1:colcon.colcon_core.environment:checking '/home/sdc6/f1tenth_ws/install/joy_teleop/lib'
[23.438s] Level 1:colcon.colcon_core.environment:checking '/home/sdc6/f1tenth_ws/install/joy_teleop/bin'
[23.439s] Level 1:colcon.colcon_core.environment:checking '/home/sdc6/f1tenth_ws/install/joy_teleop/lib/pkgconfig/joy_teleop.pc'
[23.439s] Level 1:colcon.colcon_core.environment:checking '/home/sdc6/f1tenth_ws/install/joy_teleop/lib/python3.10/site-packages'
[23.439s] Level 1:colcon.colcon_core.shell:create_environment_hook('joy_teleop', 'pythonpath')
[23.440s] INFO:colcon.colcon_core.shell:Creating environment hook '/home/sdc6/f1tenth_ws/install/joy_teleop/share/joy_teleop/hook/pythonpath.ps1'
[23.441s] INFO:colcon.colcon_core.shell:Creating environment descriptor '/home/sdc6/f1tenth_ws/install/joy_teleop/share/joy_teleop/hook/pythonpath.dsv'
[23.442s] INFO:colcon.colcon_core.shell:Creating environment hook '/home/sdc6/f1tenth_ws/install/joy_teleop/share/joy_teleop/hook/pythonpath.sh'
[23.443s] DEBUG:colcon.colcon_core.event_handler.log_command:Invoked command in '/home/sdc6/f1tenth_ws/src/f1tenth_system/teleop_tools/joy_teleop' returned '0': CMAKE_PREFIX_PATH=/home/sdc6/f1tenth_ws/install/teleop_tools_msgs:/home/sdc6/f1tenth_ws/install/vesc:/home/sdc6/f1tenth_ws/install/vesc_driver:/home/sdc6/f1tenth_ws/install/vesc_ackermann:/home/sdc6/f1tenth_ws/install/vesc_msgs:/home/sdc6/f1tenth_ws/install/teleop_tools:/home/sdc6/f1tenth_ws/install/f1tenth_mppi:/home/sdc6/f1tenth_ws/install/ackermann_mux LD_LIBRARY_PATH=/home/sdc6/f1tenth_ws/install/teleop_tools_msgs/lib:/home/sdc6/f1tenth_ws/install/vesc_driver/lib:/home/sdc6/f1tenth_ws/install/vesc_ackermann/lib:/home/sdc6/f1tenth_ws/install/vesc_msgs/lib:/usr/local/cuda/lib64:/opt/ros/humble/opt/rviz_ogre_vendor/lib:/opt/ros/humble/lib/aarch64-linux-gnu:/opt/ros/humble/lib:/usr/local/cuda-12.6/lib64 PS1=(test_env) \[\e]0;\u@\h: \w\a\]${debian_chroot:+($debian_chroot)}\[\033[01;32m\]\u@\h\[\033[00m\]:\[\033[01;34m\]\w\[\033[00m\]\$ PYTHONPATH=/home/sdc6/f1tenth_ws/build/joy_teleop/prefix_override:/usr/lib/python3/dist-packages/colcon_core/task/python/colcon_distutils_commands:/home/sdc6/f1tenth_ws/install/joy_teleop/lib/python3.10/site-packages:${PYTHONPATH} VIRTUAL_ENV_PROMPT=(test_env) /usr/bin/python3 -W ignore:setup.py install is deprecated -W ignore:easy_install command is deprecated setup.py egg_info --egg-base ../../../../build/joy_teleop build --build-base /home/sdc6/f1tenth_ws/build/joy_teleop/build install --record /home/sdc6/f1tenth_ws/build/joy_teleop/install.log --install-scripts $base/lib/joy_teleop --single-version-externally-managed install_data
[23.445s] Level 1:colcon.colcon_core.environment:checking '/home/sdc6/f1tenth_ws/install/joy_teleop/bin'
[23.445s] Level 1:colcon.colcon_core.environment:create_environment_scripts_only(joy_teleop)
[23.446s] INFO:colcon.colcon_core.shell:Creating package script '/home/sdc6/f1tenth_ws/install/joy_teleop/share/joy_teleop/package.ps1'
[23.448s] INFO:colcon.colcon_core.shell:Creating package descriptor '/home/sdc6/f1tenth_ws/install/joy_teleop/share/joy_teleop/package.dsv'
[23.449s] INFO:colcon.colcon_core.shell:Creating package script '/home/sdc6/f1tenth_ws/install/joy_teleop/share/joy_teleop/package.sh'
[23.450s] INFO:colcon.colcon_core.shell:Creating package script '/home/sdc6/f1tenth_ws/install/joy_teleop/share/joy_teleop/package.bash'
[23.452s] INFO:colcon.colcon_core.shell:Creating package script '/home/sdc6/f1tenth_ws/install/joy_teleop/share/joy_teleop/package.zsh'
[23.453s] Level 1:colcon.colcon_core.environment:create_file_with_runtime_dependencies(/home/sdc6/f1tenth_ws/install/joy_teleop/share/colcon-core/packages/joy_teleop)
[23.455s] INFO:colcon.colcon_ros.task.ament_cmake.build:Building ROS package in '/home/sdc6/f1tenth_ws/src/f1tenth_system/teleop_tools/teleop_tools' with build type 'ament_cmake'
[23.455s] INFO:colcon.colcon_cmake.task.cmake.build:Building CMake package in '/home/sdc6/f1tenth_ws/src/f1tenth_system/teleop_tools/teleop_tools'
[23.456s] INFO:colcon.colcon_core.shell:Skip shell extension 'powershell' for command environment: Not usable outside of PowerShell
[23.456s] DEBUG:colcon.colcon_core.shell:Skip shell extension 'dsv' for command environment
[23.484s] DEBUG:colcon.colcon_core.event_handler.log_command:Invoking command in '/home/sdc6/f1tenth_ws/build/teleop_tools': AMENT_PREFIX_PATH=/home/sdc6/f1tenth_ws/install/joy_teleop:/home/sdc6/f1tenth_ws/install/key_teleop:/home/sdc6/f1tenth_ws/install/f1tenth_stack:/home/sdc6/f1tenth_ws/install/vesc:/home/sdc6/f1tenth_ws/install/vesc_driver:/home/sdc6/f1tenth_ws/install/vesc_ackermann:/home/sdc6/f1tenth_ws/install/vesc_msgs:/home/sdc6/f1tenth_ws/install/teleop_tools:/home/sdc6/f1tenth_ws/install/teleop_tools_msgs:/home/sdc6/f1tenth_ws/install/mouse_teleop:/home/sdc6/f1tenth_ws/install/kinematic_mpc:/home/sdc6/f1tenth_ws/install/f1tenth_mppi:/home/sdc6/f1tenth_ws/install/ackermann_mux:/opt/ros/humble CMAKE_PREFIX_PATH=/home/sdc6/f1tenth_ws/install/teleop_tools_msgs:/home/sdc6/f1tenth_ws/install/vesc:/home/sdc6/f1tenth_ws/install/vesc_driver:/home/sdc6/f1tenth_ws/install/vesc_ackermann:/home/sdc6/f1tenth_ws/install/vesc_msgs:/home/sdc6/f1tenth_ws/install/teleop_tools:/home/sdc6/f1tenth_ws/install/f1tenth_mppi:/home/sdc6/f1tenth_ws/install/ackermann_mux:/home/sdc6/f1tenth_ws/install/f1tenth_stack:/home/sdc6/f1tenth_ws/install/joy_teleop:/home/sdc6/f1tenth_ws/install/mouse_teleop:/home/sdc6/f1tenth_ws/install/kinematic_mpc:/home/sdc6/f1tenth_ws/install/key_teleop:/opt/ros/humble LD_LIBRARY_PATH=/home/sdc6/f1tenth_ws/install/teleop_tools_msgs/lib:/home/sdc6/f1tenth_ws/install/vesc_driver/lib:/home/sdc6/f1tenth_ws/install/vesc_ackermann/lib:/home/sdc6/f1tenth_ws/install/vesc_msgs/lib:/usr/local/cuda/lib64:/opt/ros/humble/opt/rviz_ogre_vendor/lib:/opt/ros/humble/lib/aarch64-linux-gnu:/opt/ros/humble/lib:/usr/local/cuda-12.6/lib64 PS1=(test_env) \[\e]0;\u@\h: \w\a\]${debian_chroot:+($debian_chroot)}\[\033[01;32m\]\u@\h\[\033[00m\]:\[\033[01;34m\]\w\[\033[00m\]\$ PYTHONPATH=/home/sdc6/f1tenth_ws/install/joy_teleop/lib/python3.10/site-packages:/home/sdc6/f1tenth_ws/install/key_teleop/lib/python3.10/site-packages:/home/sdc6/f1tenth_ws/install/f1tenth_stack/lib/python3.10/site-packages:/home/sdc6/f1tenth_ws/install/vesc_msgs/local/lib/python3.10/dist-packages:/home/sdc6/f1tenth_ws/install/teleop_tools_msgs/local/lib/python3.10/dist-packages:/home/sdc6/f1tenth_ws/install/mouse_teleop/lib/python3.10/site-packages:/home/sdc6/f1tenth_ws/install/kinematic_mpc/lib/python3.10/site-packages:/home/sdc6/f1tenth_ws/install/f1tenth_mppi/lib/python3.10/site-packages:/opt/ros/humble/lib/python3.10/site-packages:/opt/ros/humble/local/lib/python3.10/dist-packages VIRTUAL_ENV_PROMPT=(test_env) /usr/bin/cmake --build /home/sdc6/f1tenth_ws/build/teleop_tools -- -j6 -l6
[23.533s] Level 1:colcon.colcon_core.environment:create_environment_scripts_only(vesc_msgs)
[23.534s] Level 1:colcon.colcon_core.environment:checking '/home/sdc6/f1tenth_ws/install/vesc_msgs' for CMake module files
[23.535s] Level 1:colcon.colcon_core.environment:checking '/home/sdc6/f1tenth_ws/install/vesc_msgs' for CMake config files
[23.537s] Level 1:colcon.colcon_core.shell:create_environment_hook('vesc_msgs', 'cmake_prefix_path')
[23.537s] INFO:colcon.colcon_core.shell:Creating environment hook '/home/sdc6/f1tenth_ws/install/vesc_msgs/share/vesc_msgs/hook/cmake_prefix_path.ps1'
[23.539s] INFO:colcon.colcon_core.shell:Creating environment descriptor '/home/sdc6/f1tenth_ws/install/vesc_msgs/share/vesc_msgs/hook/cmake_prefix_path.dsv'
[23.541s] INFO:colcon.colcon_core.shell:Creating environment hook '/home/sdc6/f1tenth_ws/install/vesc_msgs/share/vesc_msgs/hook/cmake_prefix_path.sh'
[23.546s] Level 1:colcon.colcon_core.environment:checking '/home/sdc6/f1tenth_ws/install/vesc_msgs/lib'
[23.547s] Level 1:colcon.colcon_core.shell:create_environment_hook('vesc_msgs', 'ld_library_path_lib')
[23.548s] INFO:colcon.colcon_core.shell:Creating environment hook '/home/sdc6/f1tenth_ws/install/vesc_msgs/share/vesc_msgs/hook/ld_library_path_lib.ps1'
[23.553s] INFO:colcon.colcon_core.shell:Creating environment descriptor '/home/sdc6/f1tenth_ws/install/vesc_msgs/share/vesc_msgs/hook/ld_library_path_lib.dsv'
[23.557s] INFO:colcon.colcon_core.shell:Creating environment hook '/home/sdc6/f1tenth_ws/install/vesc_msgs/share/vesc_msgs/hook/ld_library_path_lib.sh'
[23.560s] Level 1:colcon.colcon_core.environment:checking '/home/sdc6/f1tenth_ws/install/vesc_msgs/bin'
[23.562s] Level 1:colcon.colcon_core.environment:checking '/home/sdc6/f1tenth_ws/install/vesc_msgs/lib/pkgconfig/vesc_msgs.pc'
[23.563s] Level 1:colcon.colcon_core.environment:checking '/home/sdc6/f1tenth_ws/install/vesc_msgs/lib/python3.10/site-packages'
[23.565s] Level 1:colcon.colcon_core.environment:checking '/home/sdc6/f1tenth_ws/install/vesc_msgs/bin'
[23.567s] INFO:colcon.colcon_core.shell:Creating package script '/home/sdc6/f1tenth_ws/install/vesc_msgs/share/vesc_msgs/package.ps1'
[23.572s] DEBUG:colcon.colcon_core.event_handler.log_command:Invoked command in '/home/sdc6/f1tenth_ws/build/vesc_msgs' returned '0': CMAKE_PREFIX_PATH=${CMAKE_PREFIX_PATH}:/home/sdc6/f1tenth_ws/install/f1tenth_stack:/home/sdc6/f1tenth_ws/install/joy_teleop:/home/sdc6/f1tenth_ws/install/mouse_teleop:/home/sdc6/f1tenth_ws/install/kinematic_mpc:/home/sdc6/f1tenth_ws/install/key_teleop:/opt/ros/humble PS1=(test_env) \[\e]0;\u@\h: \w\a\]${debian_chroot:+($debian_chroot)}\[\033[01;32m\]\u@\h\[\033[00m\]:\[\033[01;34m\]\w\[\033[00m\]\$ VIRTUAL_ENV_PROMPT=(test_env) /usr/bin/cmake --install /home/sdc6/f1tenth_ws/build/vesc_msgs
[23.572s] INFO:colcon.colcon_core.shell:Creating package descriptor '/home/sdc6/f1tenth_ws/install/vesc_msgs/share/vesc_msgs/package.dsv'
[23.574s] INFO:colcon.colcon_core.shell:Creating package script '/home/sdc6/f1tenth_ws/install/vesc_msgs/share/vesc_msgs/package.sh'
[23.576s] INFO:colcon.colcon_core.shell:Creating package script '/home/sdc6/f1tenth_ws/install/vesc_msgs/share/vesc_msgs/package.bash'
[23.577s] INFO:colcon.colcon_core.shell:Creating package script '/home/sdc6/f1tenth_ws/install/vesc_msgs/share/vesc_msgs/package.zsh'
[23.578s] Level 1:colcon.colcon_core.environment:create_file_with_runtime_dependencies(/home/sdc6/f1tenth_ws/install/vesc_msgs/share/colcon-core/packages/vesc_msgs)
[23.580s] Level 1:colcon.colcon_core.environment:create_environment_scripts_only(vesc_msgs)
[23.580s] Level 1:colcon.colcon_core.environment:checking '/home/sdc6/f1tenth_ws/install/vesc_msgs' for CMake module files
[23.581s] Level 1:colcon.colcon_core.environment:checking '/home/sdc6/f1tenth_ws/install/vesc_msgs' for CMake config files
[23.583s] Level 1:colcon.colcon_core.shell:create_environment_hook('vesc_msgs', 'cmake_prefix_path')
[23.584s] INFO:colcon.colcon_core.shell:Creating environment hook '/home/sdc6/f1tenth_ws/install/vesc_msgs/share/vesc_msgs/hook/cmake_prefix_path.ps1'
[23.585s] INFO:colcon.colcon_core.shell:Creating environment descriptor '/home/sdc6/f1tenth_ws/install/vesc_msgs/share/vesc_msgs/hook/cmake_prefix_path.dsv'
[23.586s] INFO:colcon.colcon_core.shell:Creating environment hook '/home/sdc6/f1tenth_ws/install/vesc_msgs/share/vesc_msgs/hook/cmake_prefix_path.sh'
[23.588s] Level 1:colcon.colcon_core.environment:checking '/home/sdc6/f1tenth_ws/install/vesc_msgs/lib'
[23.588s] Level 1:colcon.colcon_core.shell:create_environment_hook('vesc_msgs', 'ld_library_path_lib')
[23.589s] INFO:colcon.colcon_core.shell:Creating environment hook '/home/sdc6/f1tenth_ws/install/vesc_msgs/share/vesc_msgs/hook/ld_library_path_lib.ps1'
[23.590s] INFO:colcon.colcon_core.shell:Creating environment descriptor '/home/sdc6/f1tenth_ws/install/vesc_msgs/share/vesc_msgs/hook/ld_library_path_lib.dsv'
[23.593s] INFO:colcon.colcon_core.shell:Creating environment hook '/home/sdc6/f1tenth_ws/install/vesc_msgs/share/vesc_msgs/hook/ld_library_path_lib.sh'
[23.594s] Level 1:colcon.colcon_core.environment:checking '/home/sdc6/f1tenth_ws/install/vesc_msgs/bin'
[23.594s] Level 1:colcon.colcon_core.environment:checking '/home/sdc6/f1tenth_ws/install/vesc_msgs/lib/pkgconfig/vesc_msgs.pc'
[23.595s] Level 1:colcon.colcon_core.environment:checking '/home/sdc6/f1tenth_ws/install/vesc_msgs/lib/python3.10/site-packages'
[23.596s] Level 1:colcon.colcon_core.environment:checking '/home/sdc6/f1tenth_ws/install/vesc_msgs/bin'
[23.597s] INFO:colcon.colcon_core.shell:Creating package script '/home/sdc6/f1tenth_ws/install/vesc_msgs/share/vesc_msgs/package.ps1'
[23.599s] INFO:colcon.colcon_core.shell:Creating package descriptor '/home/sdc6/f1tenth_ws/install/vesc_msgs/share/vesc_msgs/package.dsv'
[23.601s] INFO:colcon.colcon_core.shell:Creating package script '/home/sdc6/f1tenth_ws/install/vesc_msgs/share/vesc_msgs/package.sh'
[23.602s] INFO:colcon.colcon_core.shell:Creating package script '/home/sdc6/f1tenth_ws/install/vesc_msgs/share/vesc_msgs/package.bash'
[23.603s] INFO:colcon.colcon_core.shell:Creating package script '/home/sdc6/f1tenth_ws/install/vesc_msgs/share/vesc_msgs/package.zsh'
[23.604s] Level 1:colcon.colcon_core.environment:create_file_with_runtime_dependencies(/home/sdc6/f1tenth_ws/install/vesc_msgs/share/colcon-core/packages/vesc_msgs)
[23.606s] INFO:colcon.colcon_ros.task.ament_cmake.build:Building ROS package in '/home/sdc6/f1tenth_ws/src/f1tenth_system/vesc/vesc_ackermann' with build type 'ament_cmake'
[23.606s] INFO:colcon.colcon_cmake.task.cmake.build:Building CMake package in '/home/sdc6/f1tenth_ws/src/f1tenth_system/vesc/vesc_ackermann'
[23.608s] INFO:colcon.colcon_core.shell:Skip shell extension 'powershell' for command environment: Not usable outside of PowerShell
[23.608s] DEBUG:colcon.colcon_core.shell:Skip shell extension 'dsv' for command environment
[23.637s] INFO:colcon.colcon_ros.task.ament_cmake.build:Building ROS package in '/home/sdc6/f1tenth_ws/src/f1tenth_system/vesc/vesc_driver' with build type 'ament_cmake'
[23.638s] INFO:colcon.colcon_cmake.task.cmake.build:Building CMake package in '/home/sdc6/f1tenth_ws/src/f1tenth_system/vesc/vesc_driver'
[23.638s] INFO:colcon.colcon_core.shell:Skip shell extension 'powershell' for command environment: Not usable outside of PowerShell
[23.639s] DEBUG:colcon.colcon_core.shell:Skip shell extension 'dsv' for command environment
[23.659s] DEBUG:colcon.colcon_core.event_handler.log_command:Invoking command in '/home/sdc6/f1tenth_ws/build/vesc_ackermann': CMAKE_PREFIX_PATH=/home/sdc6/f1tenth_ws/install/vesc_msgs:/home/sdc6/f1tenth_ws/install/vesc:/home/sdc6/f1tenth_ws/install/vesc_driver:/home/sdc6/f1tenth_ws/install/vesc_ackermann:/home/sdc6/f1tenth_ws/install/teleop_tools:/home/sdc6/f1tenth_ws/install/teleop_tools_msgs:/home/sdc6/f1tenth_ws/install/f1tenth_mppi:/home/sdc6/f1tenth_ws/install/ackermann_mux:/home/sdc6/f1tenth_ws/install/f1tenth_stack:/home/sdc6/f1tenth_ws/install/joy_teleop:/home/sdc6/f1tenth_ws/install/mouse_teleop:/home/sdc6/f1tenth_ws/install/kinematic_mpc:/home/sdc6/f1tenth_ws/install/key_teleop:/opt/ros/humble LD_LIBRARY_PATH=/home/sdc6/f1tenth_ws/install/vesc_msgs/lib:/home/sdc6/f1tenth_ws/install/vesc_driver/lib:/home/sdc6/f1tenth_ws/install/vesc_ackermann/lib:/home/sdc6/f1tenth_ws/install/teleop_tools_msgs/lib:/usr/local/cuda/lib64:/opt/ros/humble/opt/rviz_ogre_vendor/lib:/opt/ros/humble/lib/aarch64-linux-gnu:/opt/ros/humble/lib:/usr/local/cuda-12.6/lib64 PS1=(test_env) \[\e]0;\u@\h: \w\a\]${debian_chroot:+($debian_chroot)}\[\033[01;32m\]\u@\h\[\033[00m\]:\[\033[01;34m\]\w\[\033[00m\]\$ VIRTUAL_ENV_PROMPT=(test_env) /usr/bin/cmake --build /home/sdc6/f1tenth_ws/build/vesc_ackermann -- -j6 -l6
[23.669s] DEBUG:colcon.colcon_core.event_handler.log_command:Invoked command in '/home/sdc6/f1tenth_ws/build/teleop_tools' returned '0': AMENT_PREFIX_PATH=/home/sdc6/f1tenth_ws/install/joy_teleop:/home/sdc6/f1tenth_ws/install/key_teleop:/home/sdc6/f1tenth_ws/install/f1tenth_stack:/home/sdc6/f1tenth_ws/install/vesc:/home/sdc6/f1tenth_ws/install/vesc_driver:/home/sdc6/f1tenth_ws/install/vesc_ackermann:/home/sdc6/f1tenth_ws/install/vesc_msgs:/home/sdc6/f1tenth_ws/install/teleop_tools:/home/sdc6/f1tenth_ws/install/teleop_tools_msgs:/home/sdc6/f1tenth_ws/install/mouse_teleop:/home/sdc6/f1tenth_ws/install/kinematic_mpc:/home/sdc6/f1tenth_ws/install/f1tenth_mppi:/home/sdc6/f1tenth_ws/install/ackermann_mux:/opt/ros/humble CMAKE_PREFIX_PATH=/home/sdc6/f1tenth_ws/install/teleop_tools_msgs:/home/sdc6/f1tenth_ws/install/vesc:/home/sdc6/f1tenth_ws/install/vesc_driver:/home/sdc6/f1tenth_ws/install/vesc_ackermann:/home/sdc6/f1tenth_ws/install/vesc_msgs:/home/sdc6/f1tenth_ws/install/teleop_tools:/home/sdc6/f1tenth_ws/install/f1tenth_mppi:/home/sdc6/f1tenth_ws/install/ackermann_mux:/home/sdc6/f1tenth_ws/install/f1tenth_stack:/home/sdc6/f1tenth_ws/install/joy_teleop:/home/sdc6/f1tenth_ws/install/mouse_teleop:/home/sdc6/f1tenth_ws/install/kinematic_mpc:/home/sdc6/f1tenth_ws/install/key_teleop:/opt/ros/humble LD_LIBRARY_PATH=/home/sdc6/f1tenth_ws/install/teleop_tools_msgs/lib:/home/sdc6/f1tenth_ws/install/vesc_driver/lib:/home/sdc6/f1tenth_ws/install/vesc_ackermann/lib:/home/sdc6/f1tenth_ws/install/vesc_msgs/lib:/usr/local/cuda/lib64:/opt/ros/humble/opt/rviz_ogre_vendor/lib:/opt/ros/humble/lib/aarch64-linux-gnu:/opt/ros/humble/lib:/usr/local/cuda-12.6/lib64 PS1=(test_env) \[\e]0;\u@\h: \w\a\]${debian_chroot:+($debian_chroot)}\[\033[01;32m\]\u@\h\[\033[00m\]:\[\033[01;34m\]\w\[\033[00m\]\$ PYTHONPATH=/home/sdc6/f1tenth_ws/install/joy_teleop/lib/python3.10/site-packages:/home/sdc6/f1tenth_ws/install/key_teleop/lib/python3.10/site-packages:/home/sdc6/f1tenth_ws/install/f1tenth_stack/lib/python3.10/site-packages:/home/sdc6/f1tenth_ws/install/vesc_msgs/local/lib/python3.10/dist-packages:/home/sdc6/f1tenth_ws/install/teleop_tools_msgs/local/lib/python3.10/dist-packages:/home/sdc6/f1tenth_ws/install/mouse_teleop/lib/python3.10/site-packages:/home/sdc6/f1tenth_ws/install/kinematic_mpc/lib/python3.10/site-packages:/home/sdc6/f1tenth_ws/install/f1tenth_mppi/lib/python3.10/site-packages:/opt/ros/humble/lib/python3.10/site-packages:/opt/ros/humble/local/lib/python3.10/dist-packages VIRTUAL_ENV_PROMPT=(test_env) /usr/bin/cmake --build /home/sdc6/f1tenth_ws/build/teleop_tools -- -j6 -l6
[23.674s] DEBUG:colcon.colcon_core.event_handler.log_command:Invoking command in '/home/sdc6/f1tenth_ws/build/teleop_tools': AMENT_PREFIX_PATH=/home/sdc6/f1tenth_ws/install/joy_teleop:/home/sdc6/f1tenth_ws/install/key_teleop:/home/sdc6/f1tenth_ws/install/f1tenth_stack:/home/sdc6/f1tenth_ws/install/vesc:/home/sdc6/f1tenth_ws/install/vesc_driver:/home/sdc6/f1tenth_ws/install/vesc_ackermann:/home/sdc6/f1tenth_ws/install/vesc_msgs:/home/sdc6/f1tenth_ws/install/teleop_tools:/home/sdc6/f1tenth_ws/install/teleop_tools_msgs:/home/sdc6/f1tenth_ws/install/mouse_teleop:/home/sdc6/f1tenth_ws/install/kinematic_mpc:/home/sdc6/f1tenth_ws/install/f1tenth_mppi:/home/sdc6/f1tenth_ws/install/ackermann_mux:/opt/ros/humble CMAKE_PREFIX_PATH=/home/sdc6/f1tenth_ws/install/teleop_tools_msgs:/home/sdc6/f1tenth_ws/install/vesc:/home/sdc6/f1tenth_ws/install/vesc_driver:/home/sdc6/f1tenth_ws/install/vesc_ackermann:/home/sdc6/f1tenth_ws/install/vesc_msgs:/home/sdc6/f1tenth_ws/install/teleop_tools:/home/sdc6/f1tenth_ws/install/f1tenth_mppi:/home/sdc6/f1tenth_ws/install/ackermann_mux:/home/sdc6/f1tenth_ws/install/f1tenth_stack:/home/sdc6/f1tenth_ws/install/joy_teleop:/home/sdc6/f1tenth_ws/install/mouse_teleop:/home/sdc6/f1tenth_ws/install/kinematic_mpc:/home/sdc6/f1tenth_ws/install/key_teleop:/opt/ros/humble LD_LIBRARY_PATH=/home/sdc6/f1tenth_ws/install/teleop_tools_msgs/lib:/home/sdc6/f1tenth_ws/install/vesc_driver/lib:/home/sdc6/f1tenth_ws/install/vesc_ackermann/lib:/home/sdc6/f1tenth_ws/install/vesc_msgs/lib:/usr/local/cuda/lib64:/opt/ros/humble/opt/rviz_ogre_vendor/lib:/opt/ros/humble/lib/aarch64-linux-gnu:/opt/ros/humble/lib:/usr/local/cuda-12.6/lib64 PS1=(test_env) \[\e]0;\u@\h: \w\a\]${debian_chroot:+($debian_chroot)}\[\033[01;32m\]\u@\h\[\033[00m\]:\[\033[01;34m\]\w\[\033[00m\]\$ PYTHONPATH=/home/sdc6/f1tenth_ws/install/joy_teleop/lib/python3.10/site-packages:/home/sdc6/f1tenth_ws/install/key_teleop/lib/python3.10/site-packages:/home/sdc6/f1tenth_ws/install/f1tenth_stack/lib/python3.10/site-packages:/home/sdc6/f1tenth_ws/install/vesc_msgs/local/lib/python3.10/dist-packages:/home/sdc6/f1tenth_ws/install/teleop_tools_msgs/local/lib/python3.10/dist-packages:/home/sdc6/f1tenth_ws/install/mouse_teleop/lib/python3.10/site-packages:/home/sdc6/f1tenth_ws/install/kinematic_mpc/lib/python3.10/site-packages:/home/sdc6/f1tenth_ws/install/f1tenth_mppi/lib/python3.10/site-packages:/opt/ros/humble/lib/python3.10/site-packages:/opt/ros/humble/local/lib/python3.10/dist-packages VIRTUAL_ENV_PROMPT=(test_env) /usr/bin/cmake --install /home/sdc6/f1tenth_ws/build/teleop_tools
[23.696s] DEBUG:colcon.colcon_core.event_handler.log_command:Invoking command in '/home/sdc6/f1tenth_ws/build/vesc_driver': CMAKE_PREFIX_PATH=/home/sdc6/f1tenth_ws/install/vesc_msgs:/home/sdc6/f1tenth_ws/install/vesc:/home/sdc6/f1tenth_ws/install/vesc_driver:/home/sdc6/f1tenth_ws/install/vesc_ackermann:/home/sdc6/f1tenth_ws/install/teleop_tools:/home/sdc6/f1tenth_ws/install/teleop_tools_msgs:/home/sdc6/f1tenth_ws/install/f1tenth_mppi:/home/sdc6/f1tenth_ws/install/ackermann_mux:/home/sdc6/f1tenth_ws/install/f1tenth_stack:/home/sdc6/f1tenth_ws/install/joy_teleop:/home/sdc6/f1tenth_ws/install/mouse_teleop:/home/sdc6/f1tenth_ws/install/kinematic_mpc:/home/sdc6/f1tenth_ws/install/key_teleop:/opt/ros/humble LD_LIBRARY_PATH=/home/sdc6/f1tenth_ws/install/vesc_msgs/lib:/home/sdc6/f1tenth_ws/install/vesc_driver/lib:/home/sdc6/f1tenth_ws/install/vesc_ackermann/lib:/home/sdc6/f1tenth_ws/install/teleop_tools_msgs/lib:/usr/local/cuda/lib64:/opt/ros/humble/opt/rviz_ogre_vendor/lib:/opt/ros/humble/lib/aarch64-linux-gnu:/opt/ros/humble/lib:/usr/local/cuda-12.6/lib64 PS1=(test_env) \[\e]0;\u@\h: \w\a\]${debian_chroot:+($debian_chroot)}\[\033[01;32m\]\u@\h\[\033[00m\]:\[\033[01;34m\]\w\[\033[00m\]\$ VIRTUAL_ENV_PROMPT=(test_env) /usr/bin/cmake --build /home/sdc6/f1tenth_ws/build/vesc_driver -- -j6 -l6
[23.721s] Level 1:colcon.colcon_core.environment:create_environment_scripts_only(teleop_tools)
[23.721s] Level 1:colcon.colcon_core.environment:checking '/home/sdc6/f1tenth_ws/install/teleop_tools' for CMake module files
[23.722s] Level 1:colcon.colcon_core.environment:checking '/home/sdc6/f1tenth_ws/install/teleop_tools' for CMake config files
[23.723s] Level 1:colcon.colcon_core.shell:create_environment_hook('teleop_tools', 'cmake_prefix_path')
[23.723s] INFO:colcon.colcon_core.shell:Creating environment hook '/home/sdc6/f1tenth_ws/install/teleop_tools/share/teleop_tools/hook/cmake_prefix_path.ps1'
[23.724s] INFO:colcon.colcon_core.shell:Creating environment descriptor '/home/sdc6/f1tenth_ws/install/teleop_tools/share/teleop_tools/hook/cmake_prefix_path.dsv'
[23.725s] INFO:colcon.colcon_core.shell:Creating environment hook '/home/sdc6/f1tenth_ws/install/teleop_tools/share/teleop_tools/hook/cmake_prefix_path.sh'
[23.726s] Level 1:colcon.colcon_core.environment:checking '/home/sdc6/f1tenth_ws/install/teleop_tools/bin'
[23.727s] Level 1:colcon.colcon_core.environment:checking '/home/sdc6/f1tenth_ws/install/teleop_tools/lib/pkgconfig/teleop_tools.pc'
[23.727s] Level 1:colcon.colcon_core.environment:checking '/home/sdc6/f1tenth_ws/install/teleop_tools/lib/python3.10/site-packages'
[23.728s] Level 1:colcon.colcon_core.environment:checking '/home/sdc6/f1tenth_ws/install/teleop_tools/bin'
[23.728s] INFO:colcon.colcon_core.shell:Creating package script '/home/sdc6/f1tenth_ws/install/teleop_tools/share/teleop_tools/package.ps1'
[23.729s] INFO:colcon.colcon_core.shell:Creating package descriptor '/home/sdc6/f1tenth_ws/install/teleop_tools/share/teleop_tools/package.dsv'
[23.731s] DEBUG:colcon.colcon_core.event_handler.log_command:Invoked command in '/home/sdc6/f1tenth_ws/build/teleop_tools' returned '0': AMENT_PREFIX_PATH=/home/sdc6/f1tenth_ws/install/joy_teleop:/home/sdc6/f1tenth_ws/install/key_teleop:/home/sdc6/f1tenth_ws/install/f1tenth_stack:/home/sdc6/f1tenth_ws/install/vesc:/home/sdc6/f1tenth_ws/install/vesc_driver:/home/sdc6/f1tenth_ws/install/vesc_ackermann:/home/sdc6/f1tenth_ws/install/vesc_msgs:/home/sdc6/f1tenth_ws/install/teleop_tools:/home/sdc6/f1tenth_ws/install/teleop_tools_msgs:/home/sdc6/f1tenth_ws/install/mouse_teleop:/home/sdc6/f1tenth_ws/install/kinematic_mpc:/home/sdc6/f1tenth_ws/install/f1tenth_mppi:/home/sdc6/f1tenth_ws/install/ackermann_mux:/opt/ros/humble CMAKE_PREFIX_PATH=/home/sdc6/f1tenth_ws/install/teleop_tools_msgs:/home/sdc6/f1tenth_ws/install/vesc:/home/sdc6/f1tenth_ws/install/vesc_driver:/home/sdc6/f1tenth_ws/install/vesc_ackermann:/home/sdc6/f1tenth_ws/install/vesc_msgs:/home/sdc6/f1tenth_ws/install/teleop_tools:/home/sdc6/f1tenth_ws/install/f1tenth_mppi:/home/sdc6/f1tenth_ws/install/ackermann_mux:/home/sdc6/f1tenth_ws/install/f1tenth_stack:/home/sdc6/f1tenth_ws/install/joy_teleop:/home/sdc6/f1tenth_ws/install/mouse_teleop:/home/sdc6/f1tenth_ws/install/kinematic_mpc:/home/sdc6/f1tenth_ws/install/key_teleop:/opt/ros/humble LD_LIBRARY_PATH=/home/sdc6/f1tenth_ws/install/teleop_tools_msgs/lib:/home/sdc6/f1tenth_ws/install/vesc_driver/lib:/home/sdc6/f1tenth_ws/install/vesc_ackermann/lib:/home/sdc6/f1tenth_ws/install/vesc_msgs/lib:/usr/local/cuda/lib64:/opt/ros/humble/opt/rviz_ogre_vendor/lib:/opt/ros/humble/lib/aarch64-linux-gnu:/opt/ros/humble/lib:/usr/local/cuda-12.6/lib64 PS1=(test_env) \[\e]0;\u@\h: \w\a\]${debian_chroot:+($debian_chroot)}\[\033[01;32m\]\u@\h\[\033[00m\]:\[\033[01;34m\]\w\[\033[00m\]\$ PYTHONPATH=/home/sdc6/f1tenth_ws/install/joy_teleop/lib/python3.10/site-packages:/home/sdc6/f1tenth_ws/install/key_teleop/lib/python3.10/site-packages:/home/sdc6/f1tenth_ws/install/f1tenth_stack/lib/python3.10/site-packages:/home/sdc6/f1tenth_ws/install/vesc_msgs/local/lib/python3.10/dist-packages:/home/sdc6/f1tenth_ws/install/teleop_tools_msgs/local/lib/python3.10/dist-packages:/home/sdc6/f1tenth_ws/install/mouse_teleop/lib/python3.10/site-packages:/home/sdc6/f1tenth_ws/install/kinematic_mpc/lib/python3.10/site-packages:/home/sdc6/f1tenth_ws/install/f1tenth_mppi/lib/python3.10/site-packages:/opt/ros/humble/lib/python3.10/site-packages:/opt/ros/humble/local/lib/python3.10/dist-packages VIRTUAL_ENV_PROMPT=(test_env) /usr/bin/cmake --install /home/sdc6/f1tenth_ws/build/teleop_tools
[23.731s] INFO:colcon.colcon_core.shell:Creating package script '/home/sdc6/f1tenth_ws/install/teleop_tools/share/teleop_tools/package.sh'
[23.732s] INFO:colcon.colcon_core.shell:Creating package script '/home/sdc6/f1tenth_ws/install/teleop_tools/share/teleop_tools/package.bash'
[23.733s] INFO:colcon.colcon_core.shell:Creating package script '/home/sdc6/f1tenth_ws/install/teleop_tools/share/teleop_tools/package.zsh'
[23.734s] Level 1:colcon.colcon_core.environment:create_file_with_runtime_dependencies(/home/sdc6/f1tenth_ws/install/teleop_tools/share/colcon-core/packages/teleop_tools)
[23.735s] Level 1:colcon.colcon_core.environment:create_environment_scripts_only(teleop_tools)
[23.735s] Level 1:colcon.colcon_core.environment:checking '/home/sdc6/f1tenth_ws/install/teleop_tools' for CMake module files
[23.736s] Level 1:colcon.colcon_core.environment:checking '/home/sdc6/f1tenth_ws/install/teleop_tools' for CMake config files
[23.736s] Level 1:colcon.colcon_core.shell:create_environment_hook('teleop_tools', 'cmake_prefix_path')
[23.737s] INFO:colcon.colcon_core.shell:Creating environment hook '/home/sdc6/f1tenth_ws/install/teleop_tools/share/teleop_tools/hook/cmake_prefix_path.ps1'
[23.738s] INFO:colcon.colcon_core.shell:Creating environment descriptor '/home/sdc6/f1tenth_ws/install/teleop_tools/share/teleop_tools/hook/cmake_prefix_path.dsv'
[23.738s] INFO:colcon.colcon_core.shell:Creating environment hook '/home/sdc6/f1tenth_ws/install/teleop_tools/share/teleop_tools/hook/cmake_prefix_path.sh'
[23.739s] Level 1:colcon.colcon_core.environment:checking '/home/sdc6/f1tenth_ws/install/teleop_tools/bin'
[23.740s] Level 1:colcon.colcon_core.environment:checking '/home/sdc6/f1tenth_ws/install/teleop_tools/lib/pkgconfig/teleop_tools.pc'
[23.740s] Level 1:colcon.colcon_core.environment:checking '/home/sdc6/f1tenth_ws/install/teleop_tools/lib/python3.10/site-packages'
[23.741s] Level 1:colcon.colcon_core.environment:checking '/home/sdc6/f1tenth_ws/install/teleop_tools/bin'
[23.741s] INFO:colcon.colcon_core.shell:Creating package script '/home/sdc6/f1tenth_ws/install/teleop_tools/share/teleop_tools/package.ps1'
[23.743s] INFO:colcon.colcon_core.shell:Creating package descriptor '/home/sdc6/f1tenth_ws/install/teleop_tools/share/teleop_tools/package.dsv'
[23.744s] INFO:colcon.colcon_core.shell:Creating package script '/home/sdc6/f1tenth_ws/install/teleop_tools/share/teleop_tools/package.sh'
[23.750s] INFO:colcon.colcon_core.shell:Creating package script '/home/sdc6/f1tenth_ws/install/teleop_tools/share/teleop_tools/package.bash'
[23.751s] INFO:colcon.colcon_core.shell:Creating package script '/home/sdc6/f1tenth_ws/install/teleop_tools/share/teleop_tools/package.zsh'
[23.752s] Level 1:colcon.colcon_core.environment:create_file_with_runtime_dependencies(/home/sdc6/f1tenth_ws/install/teleop_tools/share/colcon-core/packages/teleop_tools)
[43.711s] DEBUG:colcon.colcon_core.event_handler.log_command:Invoked command in '/home/sdc6/f1tenth_ws/build/ackermann_mux' returned '0': CMAKE_PREFIX_PATH=${CMAKE_PREFIX_PATH}:/home/sdc6/f1tenth_ws/install/f1tenth_stack:/home/sdc6/f1tenth_ws/install/joy_teleop:/home/sdc6/f1tenth_ws/install/mouse_teleop:/home/sdc6/f1tenth_ws/install/kinematic_mpc:/home/sdc6/f1tenth_ws/install/key_teleop:/opt/ros/humble PS1=(test_env) \[\e]0;\u@\h: \w\a\]${debian_chroot:+($debian_chroot)}\[\033[01;32m\]\u@\h\[\033[00m\]:\[\033[01;34m\]\w\[\033[00m\]\$ VIRTUAL_ENV_PROMPT=(test_env) /usr/bin/cmake --build /home/sdc6/f1tenth_ws/build/ackermann_mux -- -j6 -l6
[43.717s] DEBUG:colcon.colcon_core.event_handler.log_command:Invoking command in '/home/sdc6/f1tenth_ws/build/ackermann_mux': CMAKE_PREFIX_PATH=${CMAKE_PREFIX_PATH}:/home/sdc6/f1tenth_ws/install/f1tenth_stack:/home/sdc6/f1tenth_ws/install/joy_teleop:/home/sdc6/f1tenth_ws/install/mouse_teleop:/home/sdc6/f1tenth_ws/install/kinematic_mpc:/home/sdc6/f1tenth_ws/install/key_teleop:/opt/ros/humble PS1=(test_env) \[\e]0;\u@\h: \w\a\]${debian_chroot:+($debian_chroot)}\[\033[01;32m\]\u@\h\[\033[00m\]:\[\033[01;34m\]\w\[\033[00m\]\$ VIRTUAL_ENV_PROMPT=(test_env) /usr/bin/cmake --install /home/sdc6/f1tenth_ws/build/ackermann_mux
[43.842s] Level 1:colcon.colcon_core.environment:create_environment_scripts_only(ackermann_mux)
[43.843s] Level 1:colcon.colcon_core.environment:checking '/home/sdc6/f1tenth_ws/install/ackermann_mux' for CMake module files
[43.844s] DEBUG:colcon.colcon_core.event_handler.log_command:Invoked command in '/home/sdc6/f1tenth_ws/build/ackermann_mux' returned '0': CMAKE_PREFIX_PATH=${CMAKE_PREFIX_PATH}:/home/sdc6/f1tenth_ws/install/f1tenth_stack:/home/sdc6/f1tenth_ws/install/joy_teleop:/home/sdc6/f1tenth_ws/install/mouse_teleop:/home/sdc6/f1tenth_ws/install/kinematic_mpc:/home/sdc6/f1tenth_ws/install/key_teleop:/opt/ros/humble PS1=(test_env) \[\e]0;\u@\h: \w\a\]${debian_chroot:+($debian_chroot)}\[\033[01;32m\]\u@\h\[\033[00m\]:\[\033[01;34m\]\w\[\033[00m\]\$ VIRTUAL_ENV_PROMPT=(test_env) /usr/bin/cmake --install /home/sdc6/f1tenth_ws/build/ackermann_mux
[43.845s] Level 1:colcon.colcon_core.environment:checking '/home/sdc6/f1tenth_ws/install/ackermann_mux' for CMake config files
[43.845s] Level 1:colcon.colcon_core.shell:create_environment_hook('ackermann_mux', 'cmake_prefix_path')
[43.846s] INFO:colcon.colcon_core.shell:Creating environment hook '/home/sdc6/f1tenth_ws/install/ackermann_mux/share/ackermann_mux/hook/cmake_prefix_path.ps1'
[43.847s] INFO:colcon.colcon_core.shell:Creating environment descriptor '/home/sdc6/f1tenth_ws/install/ackermann_mux/share/ackermann_mux/hook/cmake_prefix_path.dsv'
[43.848s] INFO:colcon.colcon_core.shell:Creating environment hook '/home/sdc6/f1tenth_ws/install/ackermann_mux/share/ackermann_mux/hook/cmake_prefix_path.sh'
[43.849s] Level 1:colcon.colcon_core.environment:checking '/home/sdc6/f1tenth_ws/install/ackermann_mux/lib'
[43.850s] Level 1:colcon.colcon_core.environment:checking '/home/sdc6/f1tenth_ws/install/ackermann_mux/bin'
[43.850s] Level 1:colcon.colcon_core.environment:checking '/home/sdc6/f1tenth_ws/install/ackermann_mux/lib/pkgconfig/ackermann_mux.pc'
[43.850s] Level 1:colcon.colcon_core.environment:checking '/home/sdc6/f1tenth_ws/install/ackermann_mux/lib/python3.10/site-packages'
[43.851s] Level 1:colcon.colcon_core.environment:checking '/home/sdc6/f1tenth_ws/install/ackermann_mux/bin'
[43.852s] INFO:colcon.colcon_core.shell:Creating package script '/home/sdc6/f1tenth_ws/install/ackermann_mux/share/ackermann_mux/package.ps1'
[43.854s] INFO:colcon.colcon_core.shell:Creating package descriptor '/home/sdc6/f1tenth_ws/install/ackermann_mux/share/ackermann_mux/package.dsv'
[43.855s] INFO:colcon.colcon_core.shell:Creating package script '/home/sdc6/f1tenth_ws/install/ackermann_mux/share/ackermann_mux/package.sh'
[43.856s] INFO:colcon.colcon_core.shell:Creating package script '/home/sdc6/f1tenth_ws/install/ackermann_mux/share/ackermann_mux/package.bash'
[43.857s] INFO:colcon.colcon_core.shell:Creating package script '/home/sdc6/f1tenth_ws/install/ackermann_mux/share/ackermann_mux/package.zsh'
[43.858s] Level 1:colcon.colcon_core.environment:create_file_with_runtime_dependencies(/home/sdc6/f1tenth_ws/install/ackermann_mux/share/colcon-core/packages/ackermann_mux)
[43.860s] Level 1:colcon.colcon_core.environment:create_environment_scripts_only(ackermann_mux)
[43.860s] Level 1:colcon.colcon_core.environment:checking '/home/sdc6/f1tenth_ws/install/ackermann_mux' for CMake module files
[43.861s] Level 1:colcon.colcon_core.environment:checking '/home/sdc6/f1tenth_ws/install/ackermann_mux' for CMake config files
[43.862s] Level 1:colcon.colcon_core.shell:create_environment_hook('ackermann_mux', 'cmake_prefix_path')
[43.863s] INFO:colcon.colcon_core.shell:Creating environment hook '/home/sdc6/f1tenth_ws/install/ackermann_mux/share/ackermann_mux/hook/cmake_prefix_path.ps1'
[43.865s] INFO:colcon.colcon_core.shell:Creating environment descriptor '/home/sdc6/f1tenth_ws/install/ackermann_mux/share/ackermann_mux/hook/cmake_prefix_path.dsv'
[43.866s] INFO:colcon.colcon_core.shell:Creating environment hook '/home/sdc6/f1tenth_ws/install/ackermann_mux/share/ackermann_mux/hook/cmake_prefix_path.sh'
[43.869s] Level 1:colcon.colcon_core.environment:checking '/home/sdc6/f1tenth_ws/install/ackermann_mux/lib'
[43.869s] Level 1:colcon.colcon_core.environment:checking '/home/sdc6/f1tenth_ws/install/ackermann_mux/bin'
[43.870s] Level 1:colcon.colcon_core.environment:checking '/home/sdc6/f1tenth_ws/install/ackermann_mux/lib/pkgconfig/ackermann_mux.pc'
[43.870s] Level 1:colcon.colcon_core.environment:checking '/home/sdc6/f1tenth_ws/install/ackermann_mux/lib/python3.10/site-packages'
[43.871s] Level 1:colcon.colcon_core.environment:checking '/home/sdc6/f1tenth_ws/install/ackermann_mux/bin'
[43.872s] INFO:colcon.colcon_core.shell:Creating package script '/home/sdc6/f1tenth_ws/install/ackermann_mux/share/ackermann_mux/package.ps1'
[43.875s] INFO:colcon.colcon_core.shell:Creating package descriptor '/home/sdc6/f1tenth_ws/install/ackermann_mux/share/ackermann_mux/package.dsv'
[43.876s] INFO:colcon.colcon_core.shell:Creating package script '/home/sdc6/f1tenth_ws/install/ackermann_mux/share/ackermann_mux/package.sh'
[43.878s] INFO:colcon.colcon_core.shell:Creating package script '/home/sdc6/f1tenth_ws/install/ackermann_mux/share/ackermann_mux/package.bash'
[43.880s] INFO:colcon.colcon_core.shell:Creating package script '/home/sdc6/f1tenth_ws/install/ackermann_mux/share/ackermann_mux/package.zsh'
[43.882s] Level 1:colcon.colcon_core.environment:create_file_with_runtime_dependencies(/home/sdc6/f1tenth_ws/install/ackermann_mux/share/colcon-core/packages/ackermann_mux)
[67.618s] DEBUG:colcon.colcon_core.event_handler.log_command:Invoked command in '/home/sdc6/f1tenth_ws/build/vesc_driver' returned '0': CMAKE_PREFIX_PATH=/home/sdc6/f1tenth_ws/install/vesc_msgs:/home/sdc6/f1tenth_ws/install/vesc:/home/sdc6/f1tenth_ws/install/vesc_driver:/home/sdc6/f1tenth_ws/install/vesc_ackermann:/home/sdc6/f1tenth_ws/install/teleop_tools:/home/sdc6/f1tenth_ws/install/teleop_tools_msgs:/home/sdc6/f1tenth_ws/install/f1tenth_mppi:/home/sdc6/f1tenth_ws/install/ackermann_mux:/home/sdc6/f1tenth_ws/install/f1tenth_stack:/home/sdc6/f1tenth_ws/install/joy_teleop:/home/sdc6/f1tenth_ws/install/mouse_teleop:/home/sdc6/f1tenth_ws/install/kinematic_mpc:/home/sdc6/f1tenth_ws/install/key_teleop:/opt/ros/humble LD_LIBRARY_PATH=/home/sdc6/f1tenth_ws/install/vesc_msgs/lib:/home/sdc6/f1tenth_ws/install/vesc_driver/lib:/home/sdc6/f1tenth_ws/install/vesc_ackermann/lib:/home/sdc6/f1tenth_ws/install/teleop_tools_msgs/lib:/usr/local/cuda/lib64:/opt/ros/humble/opt/rviz_ogre_vendor/lib:/opt/ros/humble/lib/aarch64-linux-gnu:/opt/ros/humble/lib:/usr/local/cuda-12.6/lib64 PS1=(test_env) \[\e]0;\u@\h: \w\a\]${debian_chroot:+($debian_chroot)}\[\033[01;32m\]\u@\h\[\033[00m\]:\[\033[01;34m\]\w\[\033[00m\]\$ VIRTUAL_ENV_PROMPT=(test_env) /usr/bin/cmake --build /home/sdc6/f1tenth_ws/build/vesc_driver -- -j6 -l6
[67.622s] DEBUG:colcon.colcon_core.event_handler.log_command:Invoking command in '/home/sdc6/f1tenth_ws/build/vesc_driver': CMAKE_PREFIX_PATH=/home/sdc6/f1tenth_ws/install/vesc_msgs:/home/sdc6/f1tenth_ws/install/vesc:/home/sdc6/f1tenth_ws/install/vesc_driver:/home/sdc6/f1tenth_ws/install/vesc_ackermann:/home/sdc6/f1tenth_ws/install/teleop_tools:/home/sdc6/f1tenth_ws/install/teleop_tools_msgs:/home/sdc6/f1tenth_ws/install/f1tenth_mppi:/home/sdc6/f1tenth_ws/install/ackermann_mux:/home/sdc6/f1tenth_ws/install/f1tenth_stack:/home/sdc6/f1tenth_ws/install/joy_teleop:/home/sdc6/f1tenth_ws/install/mouse_teleop:/home/sdc6/f1tenth_ws/install/kinematic_mpc:/home/sdc6/f1tenth_ws/install/key_teleop:/opt/ros/humble LD_LIBRARY_PATH=/home/sdc6/f1tenth_ws/install/vesc_msgs/lib:/home/sdc6/f1tenth_ws/install/vesc_driver/lib:/home/sdc6/f1tenth_ws/install/vesc_ackermann/lib:/home/sdc6/f1tenth_ws/install/teleop_tools_msgs/lib:/usr/local/cuda/lib64:/opt/ros/humble/opt/rviz_ogre_vendor/lib:/opt/ros/humble/lib/aarch64-linux-gnu:/opt/ros/humble/lib:/usr/local/cuda-12.6/lib64 PS1=(test_env) \[\e]0;\u@\h: \w\a\]${debian_chroot:+($debian_chroot)}\[\033[01;32m\]\u@\h\[\033[00m\]:\[\033[01;34m\]\w\[\033[00m\]\$ VIRTUAL_ENV_PROMPT=(test_env) /usr/bin/cmake --install /home/sdc6/f1tenth_ws/build/vesc_driver
[67.676s] Level 1:colcon.colcon_core.environment:create_environment_scripts_only(vesc_driver)
[67.677s] Level 1:colcon.colcon_core.environment:checking '/home/sdc6/f1tenth_ws/install/vesc_driver' for CMake module files
[67.678s] DEBUG:colcon.colcon_core.event_handler.log_command:Invoked command in '/home/sdc6/f1tenth_ws/build/vesc_driver' returned '0': CMAKE_PREFIX_PATH=/home/sdc6/f1tenth_ws/install/vesc_msgs:/home/sdc6/f1tenth_ws/install/vesc:/home/sdc6/f1tenth_ws/install/vesc_driver:/home/sdc6/f1tenth_ws/install/vesc_ackermann:/home/sdc6/f1tenth_ws/install/teleop_tools:/home/sdc6/f1tenth_ws/install/teleop_tools_msgs:/home/sdc6/f1tenth_ws/install/f1tenth_mppi:/home/sdc6/f1tenth_ws/install/ackermann_mux:/home/sdc6/f1tenth_ws/install/f1tenth_stack:/home/sdc6/f1tenth_ws/install/joy_teleop:/home/sdc6/f1tenth_ws/install/mouse_teleop:/home/sdc6/f1tenth_ws/install/kinematic_mpc:/home/sdc6/f1tenth_ws/install/key_teleop:/opt/ros/humble LD_LIBRARY_PATH=/home/sdc6/f1tenth_ws/install/vesc_msgs/lib:/home/sdc6/f1tenth_ws/install/vesc_driver/lib:/home/sdc6/f1tenth_ws/install/vesc_ackermann/lib:/home/sdc6/f1tenth_ws/install/teleop_tools_msgs/lib:/usr/local/cuda/lib64:/opt/ros/humble/opt/rviz_ogre_vendor/lib:/opt/ros/humble/lib/aarch64-linux-gnu:/opt/ros/humble/lib:/usr/local/cuda-12.6/lib64 PS1=(test_env) \[\e]0;\u@\h: \w\a\]${debian_chroot:+($debian_chroot)}\[\033[01;32m\]\u@\h\[\033[00m\]:\[\033[01;34m\]\w\[\033[00m\]\$ VIRTUAL_ENV_PROMPT=(test_env) /usr/bin/cmake --install /home/sdc6/f1tenth_ws/build/vesc_driver
[67.679s] Level 1:colcon.colcon_core.environment:checking '/home/sdc6/f1tenth_ws/install/vesc_driver' for CMake config files
[67.680s] Level 1:colcon.colcon_core.shell:create_environment_hook('vesc_driver', 'cmake_prefix_path')
[67.681s] INFO:colcon.colcon_core.shell:Creating environment hook '/home/sdc6/f1tenth_ws/install/vesc_driver/share/vesc_driver/hook/cmake_prefix_path.ps1'
[67.682s] INFO:colcon.colcon_core.shell:Creating environment descriptor '/home/sdc6/f1tenth_ws/install/vesc_driver/share/vesc_driver/hook/cmake_prefix_path.dsv'
[67.683s] INFO:colcon.colcon_core.shell:Creating environment hook '/home/sdc6/f1tenth_ws/install/vesc_driver/share/vesc_driver/hook/cmake_prefix_path.sh'
[67.684s] Level 1:colcon.colcon_core.environment:checking '/home/sdc6/f1tenth_ws/install/vesc_driver/lib'
[67.684s] Level 1:colcon.colcon_core.shell:create_environment_hook('vesc_driver', 'ld_library_path_lib')
[67.685s] INFO:colcon.colcon_core.shell:Creating environment hook '/home/sdc6/f1tenth_ws/install/vesc_driver/share/vesc_driver/hook/ld_library_path_lib.ps1'
[67.686s] INFO:colcon.colcon_core.shell:Creating environment descriptor '/home/sdc6/f1tenth_ws/install/vesc_driver/share/vesc_driver/hook/ld_library_path_lib.dsv'
[67.687s] INFO:colcon.colcon_core.shell:Creating environment hook '/home/sdc6/f1tenth_ws/install/vesc_driver/share/vesc_driver/hook/ld_library_path_lib.sh'
[67.687s] Level 1:colcon.colcon_core.environment:checking '/home/sdc6/f1tenth_ws/install/vesc_driver/bin'
[67.688s] Level 1:colcon.colcon_core.environment:checking '/home/sdc6/f1tenth_ws/install/vesc_driver/lib/pkgconfig/vesc_driver.pc'
[67.688s] Level 1:colcon.colcon_core.environment:checking '/home/sdc6/f1tenth_ws/install/vesc_driver/lib/python3.10/site-packages'
[67.689s] Level 1:colcon.colcon_core.environment:checking '/home/sdc6/f1tenth_ws/install/vesc_driver/bin'
[67.689s] INFO:colcon.colcon_core.shell:Creating package script '/home/sdc6/f1tenth_ws/install/vesc_driver/share/vesc_driver/package.ps1'
[67.691s] INFO:colcon.colcon_core.shell:Creating package descriptor '/home/sdc6/f1tenth_ws/install/vesc_driver/share/vesc_driver/package.dsv'
[67.692s] INFO:colcon.colcon_core.shell:Creating package script '/home/sdc6/f1tenth_ws/install/vesc_driver/share/vesc_driver/package.sh'
[67.693s] INFO:colcon.colcon_core.shell:Creating package script '/home/sdc6/f1tenth_ws/install/vesc_driver/share/vesc_driver/package.bash'
[67.694s] INFO:colcon.colcon_core.shell:Creating package script '/home/sdc6/f1tenth_ws/install/vesc_driver/share/vesc_driver/package.zsh'
[67.694s] Level 1:colcon.colcon_core.environment:create_file_with_runtime_dependencies(/home/sdc6/f1tenth_ws/install/vesc_driver/share/colcon-core/packages/vesc_driver)
[67.696s] Level 1:colcon.colcon_core.environment:create_environment_scripts_only(vesc_driver)
[67.696s] Level 1:colcon.colcon_core.environment:checking '/home/sdc6/f1tenth_ws/install/vesc_driver' for CMake module files
[67.697s] Level 1:colcon.colcon_core.environment:checking '/home/sdc6/f1tenth_ws/install/vesc_driver' for CMake config files
[67.698s] Level 1:colcon.colcon_core.shell:create_environment_hook('vesc_driver', 'cmake_prefix_path')
[67.698s] INFO:colcon.colcon_core.shell:Creating environment hook '/home/sdc6/f1tenth_ws/install/vesc_driver/share/vesc_driver/hook/cmake_prefix_path.ps1'
[67.699s] INFO:colcon.colcon_core.shell:Creating environment descriptor '/home/sdc6/f1tenth_ws/install/vesc_driver/share/vesc_driver/hook/cmake_prefix_path.dsv'
[67.700s] INFO:colcon.colcon_core.shell:Creating environment hook '/home/sdc6/f1tenth_ws/install/vesc_driver/share/vesc_driver/hook/cmake_prefix_path.sh'
[67.701s] Level 1:colcon.colcon_core.environment:checking '/home/sdc6/f1tenth_ws/install/vesc_driver/lib'
[67.701s] Level 1:colcon.colcon_core.shell:create_environment_hook('vesc_driver', 'ld_library_path_lib')
[67.702s] INFO:colcon.colcon_core.shell:Creating environment hook '/home/sdc6/f1tenth_ws/install/vesc_driver/share/vesc_driver/hook/ld_library_path_lib.ps1'
[67.703s] INFO:colcon.colcon_core.shell:Creating environment descriptor '/home/sdc6/f1tenth_ws/install/vesc_driver/share/vesc_driver/hook/ld_library_path_lib.dsv'
[67.704s] INFO:colcon.colcon_core.shell:Creating environment hook '/home/sdc6/f1tenth_ws/install/vesc_driver/share/vesc_driver/hook/ld_library_path_lib.sh'
[67.704s] Level 1:colcon.colcon_core.environment:checking '/home/sdc6/f1tenth_ws/install/vesc_driver/bin'
[67.705s] Level 1:colcon.colcon_core.environment:checking '/home/sdc6/f1tenth_ws/install/vesc_driver/lib/pkgconfig/vesc_driver.pc'
[67.705s] Level 1:colcon.colcon_core.environment:checking '/home/sdc6/f1tenth_ws/install/vesc_driver/lib/python3.10/site-packages'
[67.706s] Level 1:colcon.colcon_core.environment:checking '/home/sdc6/f1tenth_ws/install/vesc_driver/bin'
[67.706s] INFO:colcon.colcon_core.shell:Creating package script '/home/sdc6/f1tenth_ws/install/vesc_driver/share/vesc_driver/package.ps1'
[67.708s] INFO:colcon.colcon_core.shell:Creating package descriptor '/home/sdc6/f1tenth_ws/install/vesc_driver/share/vesc_driver/package.dsv'
[67.709s] INFO:colcon.colcon_core.shell:Creating package script '/home/sdc6/f1tenth_ws/install/vesc_driver/share/vesc_driver/package.sh'
[67.710s] INFO:colcon.colcon_core.shell:Creating package script '/home/sdc6/f1tenth_ws/install/vesc_driver/share/vesc_driver/package.bash'
[67.711s] INFO:colcon.colcon_core.shell:Creating package script '/home/sdc6/f1tenth_ws/install/vesc_driver/share/vesc_driver/package.zsh'
[67.712s] Level 1:colcon.colcon_core.environment:create_file_with_runtime_dependencies(/home/sdc6/f1tenth_ws/install/vesc_driver/share/colcon-core/packages/vesc_driver)
[86.590s] DEBUG:colcon.colcon_core.event_handler.log_command:Invoked command in '/home/sdc6/f1tenth_ws/build/vesc_ackermann' returned '0': CMAKE_PREFIX_PATH=/home/sdc6/f1tenth_ws/install/vesc_msgs:/home/sdc6/f1tenth_ws/install/vesc:/home/sdc6/f1tenth_ws/install/vesc_driver:/home/sdc6/f1tenth_ws/install/vesc_ackermann:/home/sdc6/f1tenth_ws/install/teleop_tools:/home/sdc6/f1tenth_ws/install/teleop_tools_msgs:/home/sdc6/f1tenth_ws/install/f1tenth_mppi:/home/sdc6/f1tenth_ws/install/ackermann_mux:/home/sdc6/f1tenth_ws/install/f1tenth_stack:/home/sdc6/f1tenth_ws/install/joy_teleop:/home/sdc6/f1tenth_ws/install/mouse_teleop:/home/sdc6/f1tenth_ws/install/kinematic_mpc:/home/sdc6/f1tenth_ws/install/key_teleop:/opt/ros/humble LD_LIBRARY_PATH=/home/sdc6/f1tenth_ws/install/vesc_msgs/lib:/home/sdc6/f1tenth_ws/install/vesc_driver/lib:/home/sdc6/f1tenth_ws/install/vesc_ackermann/lib:/home/sdc6/f1tenth_ws/install/teleop_tools_msgs/lib:/usr/local/cuda/lib64:/opt/ros/humble/opt/rviz_ogre_vendor/lib:/opt/ros/humble/lib/aarch64-linux-gnu:/opt/ros/humble/lib:/usr/local/cuda-12.6/lib64 PS1=(test_env) \[\e]0;\u@\h: \w\a\]${debian_chroot:+($debian_chroot)}\[\033[01;32m\]\u@\h\[\033[00m\]:\[\033[01;34m\]\w\[\033[00m\]\$ VIRTUAL_ENV_PROMPT=(test_env) /usr/bin/cmake --build /home/sdc6/f1tenth_ws/build/vesc_ackermann -- -j6 -l6
[86.593s] DEBUG:colcon.colcon_core.event_handler.log_command:Invoking command in '/home/sdc6/f1tenth_ws/build/vesc_ackermann': CMAKE_PREFIX_PATH=/home/sdc6/f1tenth_ws/install/vesc_msgs:/home/sdc6/f1tenth_ws/install/vesc:/home/sdc6/f1tenth_ws/install/vesc_driver:/home/sdc6/f1tenth_ws/install/vesc_ackermann:/home/sdc6/f1tenth_ws/install/teleop_tools:/home/sdc6/f1tenth_ws/install/teleop_tools_msgs:/home/sdc6/f1tenth_ws/install/f1tenth_mppi:/home/sdc6/f1tenth_ws/install/ackermann_mux:/home/sdc6/f1tenth_ws/install/f1tenth_stack:/home/sdc6/f1tenth_ws/install/joy_teleop:/home/sdc6/f1tenth_ws/install/mouse_teleop:/home/sdc6/f1tenth_ws/install/kinematic_mpc:/home/sdc6/f1tenth_ws/install/key_teleop:/opt/ros/humble LD_LIBRARY_PATH=/home/sdc6/f1tenth_ws/install/vesc_msgs/lib:/home/sdc6/f1tenth_ws/install/vesc_driver/lib:/home/sdc6/f1tenth_ws/install/vesc_ackermann/lib:/home/sdc6/f1tenth_ws/install/teleop_tools_msgs/lib:/usr/local/cuda/lib64:/opt/ros/humble/opt/rviz_ogre_vendor/lib:/opt/ros/humble/lib/aarch64-linux-gnu:/opt/ros/humble/lib:/usr/local/cuda-12.6/lib64 PS1=(test_env) \[\e]0;\u@\h: \w\a\]${debian_chroot:+($debian_chroot)}\[\033[01;32m\]\u@\h\[\033[00m\]:\[\033[01;34m\]\w\[\033[00m\]\$ VIRTUAL_ENV_PROMPT=(test_env) /usr/bin/cmake --install /home/sdc6/f1tenth_ws/build/vesc_ackermann
[86.655s] Level 1:colcon.colcon_core.environment:create_environment_scripts_only(vesc_ackermann)
[86.656s] Level 1:colcon.colcon_core.environment:checking '/home/sdc6/f1tenth_ws/install/vesc_ackermann' for CMake module files
[86.657s] DEBUG:colcon.colcon_core.event_handler.log_command:Invoked command in '/home/sdc6/f1tenth_ws/build/vesc_ackermann' returned '0': CMAKE_PREFIX_PATH=/home/sdc6/f1tenth_ws/install/vesc_msgs:/home/sdc6/f1tenth_ws/install/vesc:/home/sdc6/f1tenth_ws/install/vesc_driver:/home/sdc6/f1tenth_ws/install/vesc_ackermann:/home/sdc6/f1tenth_ws/install/teleop_tools:/home/sdc6/f1tenth_ws/install/teleop_tools_msgs:/home/sdc6/f1tenth_ws/install/f1tenth_mppi:/home/sdc6/f1tenth_ws/install/ackermann_mux:/home/sdc6/f1tenth_ws/install/f1tenth_stack:/home/sdc6/f1tenth_ws/install/joy_teleop:/home/sdc6/f1tenth_ws/install/mouse_teleop:/home/sdc6/f1tenth_ws/install/kinematic_mpc:/home/sdc6/f1tenth_ws/install/key_teleop:/opt/ros/humble LD_LIBRARY_PATH=/home/sdc6/f1tenth_ws/install/vesc_msgs/lib:/home/sdc6/f1tenth_ws/install/vesc_driver/lib:/home/sdc6/f1tenth_ws/install/vesc_ackermann/lib:/home/sdc6/f1tenth_ws/install/teleop_tools_msgs/lib:/usr/local/cuda/lib64:/opt/ros/humble/opt/rviz_ogre_vendor/lib:/opt/ros/humble/lib/aarch64-linux-gnu:/opt/ros/humble/lib:/usr/local/cuda-12.6/lib64 PS1=(test_env) \[\e]0;\u@\h: \w\a\]${debian_chroot:+($debian_chroot)}\[\033[01;32m\]\u@\h\[\033[00m\]:\[\033[01;34m\]\w\[\033[00m\]\$ VIRTUAL_ENV_PROMPT=(test_env) /usr/bin/cmake --install /home/sdc6/f1tenth_ws/build/vesc_ackermann
[86.657s] Level 1:colcon.colcon_core.environment:checking '/home/sdc6/f1tenth_ws/install/vesc_ackermann' for CMake config files
[86.658s] Level 1:colcon.colcon_core.shell:create_environment_hook('vesc_ackermann', 'cmake_prefix_path')
[86.659s] INFO:colcon.colcon_core.shell:Creating environment hook '/home/sdc6/f1tenth_ws/install/vesc_ackermann/share/vesc_ackermann/hook/cmake_prefix_path.ps1'
[86.660s] INFO:colcon.colcon_core.shell:Creating environment descriptor '/home/sdc6/f1tenth_ws/install/vesc_ackermann/share/vesc_ackermann/hook/cmake_prefix_path.dsv'
[86.661s] INFO:colcon.colcon_core.shell:Creating environment hook '/home/sdc6/f1tenth_ws/install/vesc_ackermann/share/vesc_ackermann/hook/cmake_prefix_path.sh'
[86.662s] Level 1:colcon.colcon_core.environment:checking '/home/sdc6/f1tenth_ws/install/vesc_ackermann/lib'
[86.662s] Level 1:colcon.colcon_core.shell:create_environment_hook('vesc_ackermann', 'ld_library_path_lib')
[86.662s] INFO:colcon.colcon_core.shell:Creating environment hook '/home/sdc6/f1tenth_ws/install/vesc_ackermann/share/vesc_ackermann/hook/ld_library_path_lib.ps1'
[86.664s] INFO:colcon.colcon_core.shell:Creating environment descriptor '/home/sdc6/f1tenth_ws/install/vesc_ackermann/share/vesc_ackermann/hook/ld_library_path_lib.dsv'
[86.664s] INFO:colcon.colcon_core.shell:Creating environment hook '/home/sdc6/f1tenth_ws/install/vesc_ackermann/share/vesc_ackermann/hook/ld_library_path_lib.sh'
[86.665s] Level 1:colcon.colcon_core.environment:checking '/home/sdc6/f1tenth_ws/install/vesc_ackermann/bin'
[86.665s] Level 1:colcon.colcon_core.environment:checking '/home/sdc6/f1tenth_ws/install/vesc_ackermann/lib/pkgconfig/vesc_ackermann.pc'
[86.666s] Level 1:colcon.colcon_core.environment:checking '/home/sdc6/f1tenth_ws/install/vesc_ackermann/lib/python3.10/site-packages'
[86.666s] Level 1:colcon.colcon_core.environment:checking '/home/sdc6/f1tenth_ws/install/vesc_ackermann/bin'
[86.667s] INFO:colcon.colcon_core.shell:Creating package script '/home/sdc6/f1tenth_ws/install/vesc_ackermann/share/vesc_ackermann/package.ps1'
[86.668s] INFO:colcon.colcon_core.shell:Creating package descriptor '/home/sdc6/f1tenth_ws/install/vesc_ackermann/share/vesc_ackermann/package.dsv'
[86.669s] INFO:colcon.colcon_core.shell:Creating package script '/home/sdc6/f1tenth_ws/install/vesc_ackermann/share/vesc_ackermann/package.sh'
[86.670s] INFO:colcon.colcon_core.shell:Creating package script '/home/sdc6/f1tenth_ws/install/vesc_ackermann/share/vesc_ackermann/package.bash'
[86.671s] INFO:colcon.colcon_core.shell:Creating package script '/home/sdc6/f1tenth_ws/install/vesc_ackermann/share/vesc_ackermann/package.zsh'
[86.671s] Level 1:colcon.colcon_core.environment:create_file_with_runtime_dependencies(/home/sdc6/f1tenth_ws/install/vesc_ackermann/share/colcon-core/packages/vesc_ackermann)
[86.672s] Level 1:colcon.colcon_core.environment:create_environment_scripts_only(vesc_ackermann)
[86.673s] Level 1:colcon.colcon_core.environment:checking '/home/sdc6/f1tenth_ws/install/vesc_ackermann' for CMake module files
[86.674s] Level 1:colcon.colcon_core.environment:checking '/home/sdc6/f1tenth_ws/install/vesc_ackermann' for CMake config files
[86.674s] Level 1:colcon.colcon_core.shell:create_environment_hook('vesc_ackermann', 'cmake_prefix_path')
[86.675s] INFO:colcon.colcon_core.shell:Creating environment hook '/home/sdc6/f1tenth_ws/install/vesc_ackermann/share/vesc_ackermann/hook/cmake_prefix_path.ps1'
[86.675s] INFO:colcon.colcon_core.shell:Creating environment descriptor '/home/sdc6/f1tenth_ws/install/vesc_ackermann/share/vesc_ackermann/hook/cmake_prefix_path.dsv'
[86.676s] INFO:colcon.colcon_core.shell:Creating environment hook '/home/sdc6/f1tenth_ws/install/vesc_ackermann/share/vesc_ackermann/hook/cmake_prefix_path.sh'
[86.677s] Level 1:colcon.colcon_core.environment:checking '/home/sdc6/f1tenth_ws/install/vesc_ackermann/lib'
[86.677s] Level 1:colcon.colcon_core.shell:create_environment_hook('vesc_ackermann', 'ld_library_path_lib')
[86.678s] INFO:colcon.colcon_core.shell:Creating environment hook '/home/sdc6/f1tenth_ws/install/vesc_ackermann/share/vesc_ackermann/hook/ld_library_path_lib.ps1'
[86.678s] INFO:colcon.colcon_core.shell:Creating environment descriptor '/home/sdc6/f1tenth_ws/install/vesc_ackermann/share/vesc_ackermann/hook/ld_library_path_lib.dsv'
[86.679s] INFO:colcon.colcon_core.shell:Creating environment hook '/home/sdc6/f1tenth_ws/install/vesc_ackermann/share/vesc_ackermann/hook/ld_library_path_lib.sh'
[86.680s] Level 1:colcon.colcon_core.environment:checking '/home/sdc6/f1tenth_ws/install/vesc_ackermann/bin'
[86.680s] Level 1:colcon.colcon_core.environment:checking '/home/sdc6/f1tenth_ws/install/vesc_ackermann/lib/pkgconfig/vesc_ackermann.pc'
[86.680s] Level 1:colcon.colcon_core.environment:checking '/home/sdc6/f1tenth_ws/install/vesc_ackermann/lib/python3.10/site-packages'
[86.681s] Level 1:colcon.colcon_core.environment:checking '/home/sdc6/f1tenth_ws/install/vesc_ackermann/bin'
[86.681s] INFO:colcon.colcon_core.shell:Creating package script '/home/sdc6/f1tenth_ws/install/vesc_ackermann/share/vesc_ackermann/package.ps1'
[86.683s] INFO:colcon.colcon_core.shell:Creating package descriptor '/home/sdc6/f1tenth_ws/install/vesc_ackermann/share/vesc_ackermann/package.dsv'
[86.684s] INFO:colcon.colcon_core.shell:Creating package script '/home/sdc6/f1tenth_ws/install/vesc_ackermann/share/vesc_ackermann/package.sh'
[86.685s] INFO:colcon.colcon_core.shell:Creating package script '/home/sdc6/f1tenth_ws/install/vesc_ackermann/share/vesc_ackermann/package.bash'
[86.685s] INFO:colcon.colcon_core.shell:Creating package script '/home/sdc6/f1tenth_ws/install/vesc_ackermann/share/vesc_ackermann/package.zsh'
[86.686s] Level 1:colcon.colcon_core.environment:create_file_with_runtime_dependencies(/home/sdc6/f1tenth_ws/install/vesc_ackermann/share/colcon-core/packages/vesc_ackermann)
[86.687s] INFO:colcon.colcon_ros.task.ament_cmake.build:Building ROS package in '/home/sdc6/f1tenth_ws/src/f1tenth_system/vesc/vesc' with build type 'ament_cmake'
[86.687s] INFO:colcon.colcon_cmake.task.cmake.build:Building CMake package in '/home/sdc6/f1tenth_ws/src/f1tenth_system/vesc/vesc'
[86.688s] INFO:colcon.colcon_core.shell:Skip shell extension 'powershell' for command environment: Not usable outside of PowerShell
[86.688s] DEBUG:colcon.colcon_core.shell:Skip shell extension 'dsv' for command environment
[86.718s] DEBUG:colcon.colcon_core.event_handler.log_command:Invoking command in '/home/sdc6/f1tenth_ws/build/vesc': CMAKE_PREFIX_PATH=/home/sdc6/f1tenth_ws/install/vesc_driver:/home/sdc6/f1tenth_ws/install/vesc_ackermann:/home/sdc6/f1tenth_ws/install/vesc_msgs:/home/sdc6/f1tenth_ws/install/vesc:/home/sdc6/f1tenth_ws/install/teleop_tools:/home/sdc6/f1tenth_ws/install/teleop_tools_msgs:/home/sdc6/f1tenth_ws/install/f1tenth_mppi:/home/sdc6/f1tenth_ws/install/ackermann_mux:/home/sdc6/f1tenth_ws/install/f1tenth_stack:/home/sdc6/f1tenth_ws/install/joy_teleop:/home/sdc6/f1tenth_ws/install/mouse_teleop:/home/sdc6/f1tenth_ws/install/kinematic_mpc:/home/sdc6/f1tenth_ws/install/key_teleop:/opt/ros/humble LD_LIBRARY_PATH=/home/sdc6/f1tenth_ws/install/vesc_driver/lib:/home/sdc6/f1tenth_ws/install/vesc_ackermann/lib:/home/sdc6/f1tenth_ws/install/vesc_msgs/lib:/home/sdc6/f1tenth_ws/install/teleop_tools_msgs/lib:/usr/local/cuda/lib64:/opt/ros/humble/opt/rviz_ogre_vendor/lib:/opt/ros/humble/lib/aarch64-linux-gnu:/opt/ros/humble/lib:/usr/local/cuda-12.6/lib64 PS1=(test_env) \[\e]0;\u@\h: \w\a\]${debian_chroot:+($debian_chroot)}\[\033[01;32m\]\u@\h\[\033[00m\]:\[\033[01;34m\]\w\[\033[00m\]\$ VIRTUAL_ENV_PROMPT=(test_env) /usr/bin/cmake --build /home/sdc6/f1tenth_ws/build/vesc -- -j6 -l6
[86.795s] DEBUG:colcon.colcon_core.event_handler.log_command:Invoked command in '/home/sdc6/f1tenth_ws/build/vesc' returned '0': CMAKE_PREFIX_PATH=/home/sdc6/f1tenth_ws/install/vesc_driver:/home/sdc6/f1tenth_ws/install/vesc_ackermann:/home/sdc6/f1tenth_ws/install/vesc_msgs:/home/sdc6/f1tenth_ws/install/vesc:/home/sdc6/f1tenth_ws/install/teleop_tools:/home/sdc6/f1tenth_ws/install/teleop_tools_msgs:/home/sdc6/f1tenth_ws/install/f1tenth_mppi:/home/sdc6/f1tenth_ws/install/ackermann_mux:/home/sdc6/f1tenth_ws/install/f1tenth_stack:/home/sdc6/f1tenth_ws/install/joy_teleop:/home/sdc6/f1tenth_ws/install/mouse_teleop:/home/sdc6/f1tenth_ws/install/kinematic_mpc:/home/sdc6/f1tenth_ws/install/key_teleop:/opt/ros/humble LD_LIBRARY_PATH=/home/sdc6/f1tenth_ws/install/vesc_driver/lib:/home/sdc6/f1tenth_ws/install/vesc_ackermann/lib:/home/sdc6/f1tenth_ws/install/vesc_msgs/lib:/home/sdc6/f1tenth_ws/install/teleop_tools_msgs/lib:/usr/local/cuda/lib64:/opt/ros/humble/opt/rviz_ogre_vendor/lib:/opt/ros/humble/lib/aarch64-linux-gnu:/opt/ros/humble/lib:/usr/local/cuda-12.6/lib64 PS1=(test_env) \[\e]0;\u@\h: \w\a\]${debian_chroot:+($debian_chroot)}\[\033[01;32m\]\u@\h\[\033[00m\]:\[\033[01;34m\]\w\[\033[00m\]\$ VIRTUAL_ENV_PROMPT=(test_env) /usr/bin/cmake --build /home/sdc6/f1tenth_ws/build/vesc -- -j6 -l6
[86.799s] DEBUG:colcon.colcon_core.event_handler.log_command:Invoking command in '/home/sdc6/f1tenth_ws/build/vesc': CMAKE_PREFIX_PATH=/home/sdc6/f1tenth_ws/install/vesc_driver:/home/sdc6/f1tenth_ws/install/vesc_ackermann:/home/sdc6/f1tenth_ws/install/vesc_msgs:/home/sdc6/f1tenth_ws/install/vesc:/home/sdc6/f1tenth_ws/install/teleop_tools:/home/sdc6/f1tenth_ws/install/teleop_tools_msgs:/home/sdc6/f1tenth_ws/install/f1tenth_mppi:/home/sdc6/f1tenth_ws/install/ackermann_mux:/home/sdc6/f1tenth_ws/install/f1tenth_stack:/home/sdc6/f1tenth_ws/install/joy_teleop:/home/sdc6/f1tenth_ws/install/mouse_teleop:/home/sdc6/f1tenth_ws/install/kinematic_mpc:/home/sdc6/f1tenth_ws/install/key_teleop:/opt/ros/humble LD_LIBRARY_PATH=/home/sdc6/f1tenth_ws/install/vesc_driver/lib:/home/sdc6/f1tenth_ws/install/vesc_ackermann/lib:/home/sdc6/f1tenth_ws/install/vesc_msgs/lib:/home/sdc6/f1tenth_ws/install/teleop_tools_msgs/lib:/usr/local/cuda/lib64:/opt/ros/humble/opt/rviz_ogre_vendor/lib:/opt/ros/humble/lib/aarch64-linux-gnu:/opt/ros/humble/lib:/usr/local/cuda-12.6/lib64 PS1=(test_env) \[\e]0;\u@\h: \w\a\]${debian_chroot:+($debian_chroot)}\[\033[01;32m\]\u@\h\[\033[00m\]:\[\033[01;34m\]\w\[\033[00m\]\$ VIRTUAL_ENV_PROMPT=(test_env) /usr/bin/cmake --install /home/sdc6/f1tenth_ws/build/vesc
[86.820s] Level 1:colcon.colcon_core.environment:create_environment_scripts_only(vesc)
[86.821s] Level 1:colcon.colcon_core.environment:checking '/home/sdc6/f1tenth_ws/install/vesc' for CMake module files
[86.823s] DEBUG:colcon.colcon_core.event_handler.log_command:Invoked command in '/home/sdc6/f1tenth_ws/build/vesc' returned '0': CMAKE_PREFIX_PATH=/home/sdc6/f1tenth_ws/install/vesc_driver:/home/sdc6/f1tenth_ws/install/vesc_ackermann:/home/sdc6/f1tenth_ws/install/vesc_msgs:/home/sdc6/f1tenth_ws/install/vesc:/home/sdc6/f1tenth_ws/install/teleop_tools:/home/sdc6/f1tenth_ws/install/teleop_tools_msgs:/home/sdc6/f1tenth_ws/install/f1tenth_mppi:/home/sdc6/f1tenth_ws/install/ackermann_mux:/home/sdc6/f1tenth_ws/install/f1tenth_stack:/home/sdc6/f1tenth_ws/install/joy_teleop:/home/sdc6/f1tenth_ws/install/mouse_teleop:/home/sdc6/f1tenth_ws/install/kinematic_mpc:/home/sdc6/f1tenth_ws/install/key_teleop:/opt/ros/humble LD_LIBRARY_PATH=/home/sdc6/f1tenth_ws/install/vesc_driver/lib:/home/sdc6/f1tenth_ws/install/vesc_ackermann/lib:/home/sdc6/f1tenth_ws/install/vesc_msgs/lib:/home/sdc6/f1tenth_ws/install/teleop_tools_msgs/lib:/usr/local/cuda/lib64:/opt/ros/humble/opt/rviz_ogre_vendor/lib:/opt/ros/humble/lib/aarch64-linux-gnu:/opt/ros/humble/lib:/usr/local/cuda-12.6/lib64 PS1=(test_env) \[\e]0;\u@\h: \w\a\]${debian_chroot:+($debian_chroot)}\[\033[01;32m\]\u@\h\[\033[00m\]:\[\033[01;34m\]\w\[\033[00m\]\$ VIRTUAL_ENV_PROMPT=(test_env) /usr/bin/cmake --install /home/sdc6/f1tenth_ws/build/vesc
[86.824s] Level 1:colcon.colcon_core.environment:checking '/home/sdc6/f1tenth_ws/install/vesc' for CMake config files
[86.825s] Level 1:colcon.colcon_core.shell:create_environment_hook('vesc', 'cmake_prefix_path')
[86.826s] INFO:colcon.colcon_core.shell:Creating environment hook '/home/sdc6/f1tenth_ws/install/vesc/share/vesc/hook/cmake_prefix_path.ps1'
[86.828s] INFO:colcon.colcon_core.shell:Creating environment descriptor '/home/sdc6/f1tenth_ws/install/vesc/share/vesc/hook/cmake_prefix_path.dsv'
[86.829s] INFO:colcon.colcon_core.shell:Creating environment hook '/home/sdc6/f1tenth_ws/install/vesc/share/vesc/hook/cmake_prefix_path.sh'
[86.831s] Level 1:colcon.colcon_core.environment:checking '/home/sdc6/f1tenth_ws/install/vesc/bin'
[86.831s] Level 1:colcon.colcon_core.environment:checking '/home/sdc6/f1tenth_ws/install/vesc/lib/pkgconfig/vesc.pc'
[86.832s] Level 1:colcon.colcon_core.environment:checking '/home/sdc6/f1tenth_ws/install/vesc/lib/python3.10/site-packages'
[86.833s] Level 1:colcon.colcon_core.environment:checking '/home/sdc6/f1tenth_ws/install/vesc/bin'
[86.833s] INFO:colcon.colcon_core.shell:Creating package script '/home/sdc6/f1tenth_ws/install/vesc/share/vesc/package.ps1'
[86.835s] INFO:colcon.colcon_core.shell:Creating package descriptor '/home/sdc6/f1tenth_ws/install/vesc/share/vesc/package.dsv'
[86.835s] INFO:colcon.colcon_core.shell:Creating package script '/home/sdc6/f1tenth_ws/install/vesc/share/vesc/package.sh'
[86.836s] INFO:colcon.colcon_core.shell:Creating package script '/home/sdc6/f1tenth_ws/install/vesc/share/vesc/package.bash'
[86.837s] INFO:colcon.colcon_core.shell:Creating package script '/home/sdc6/f1tenth_ws/install/vesc/share/vesc/package.zsh'
[86.837s] Level 1:colcon.colcon_core.environment:create_file_with_runtime_dependencies(/home/sdc6/f1tenth_ws/install/vesc/share/colcon-core/packages/vesc)
[86.838s] Level 1:colcon.colcon_core.environment:create_environment_scripts_only(vesc)
[86.839s] Level 1:colcon.colcon_core.environment:checking '/home/sdc6/f1tenth_ws/install/vesc' for CMake module files
[86.840s] Level 1:colcon.colcon_core.environment:checking '/home/sdc6/f1tenth_ws/install/vesc' for CMake config files
[86.840s] Level 1:colcon.colcon_core.shell:create_environment_hook('vesc', 'cmake_prefix_path')
[86.840s] INFO:colcon.colcon_core.shell:Creating environment hook '/home/sdc6/f1tenth_ws/install/vesc/share/vesc/hook/cmake_prefix_path.ps1'
[86.842s] INFO:colcon.colcon_core.shell:Creating environment descriptor '/home/sdc6/f1tenth_ws/install/vesc/share/vesc/hook/cmake_prefix_path.dsv'
[86.843s] INFO:colcon.colcon_core.shell:Creating environment hook '/home/sdc6/f1tenth_ws/install/vesc/share/vesc/hook/cmake_prefix_path.sh'
[86.844s] Level 1:colcon.colcon_core.environment:checking '/home/sdc6/f1tenth_ws/install/vesc/bin'
[86.844s] Level 1:colcon.colcon_core.environment:checking '/home/sdc6/f1tenth_ws/install/vesc/lib/pkgconfig/vesc.pc'
[86.844s] Level 1:colcon.colcon_core.environment:checking '/home/sdc6/f1tenth_ws/install/vesc/lib/python3.10/site-packages'
[86.845s] Level 1:colcon.colcon_core.environment:checking '/home/sdc6/f1tenth_ws/install/vesc/bin'
[86.845s] INFO:colcon.colcon_core.shell:Creating package script '/home/sdc6/f1tenth_ws/install/vesc/share/vesc/package.ps1'
[86.847s] INFO:colcon.colcon_core.shell:Creating package descriptor '/home/sdc6/f1tenth_ws/install/vesc/share/vesc/package.dsv'
[86.847s] INFO:colcon.colcon_core.shell:Creating package script '/home/sdc6/f1tenth_ws/install/vesc/share/vesc/package.sh'
[86.848s] INFO:colcon.colcon_core.shell:Creating package script '/home/sdc6/f1tenth_ws/install/vesc/share/vesc/package.bash'
[86.849s] INFO:colcon.colcon_core.shell:Creating package script '/home/sdc6/f1tenth_ws/install/vesc/share/vesc/package.zsh'
[86.850s] Level 1:colcon.colcon_core.environment:create_file_with_runtime_dependencies(/home/sdc6/f1tenth_ws/install/vesc/share/colcon-core/packages/vesc)
[86.850s] INFO:colcon.colcon_ros.task.ament_python.build:Building ROS package in '/home/sdc6/f1tenth_ws/src/f1tenth_system/f1tenth_stack' with build type 'ament_python'
[86.851s] Level 1:colcon.colcon_core.shell:create_environment_hook('f1tenth_stack', 'ament_prefix_path')
[86.852s] INFO:colcon.colcon_core.shell:Creating environment hook '/home/sdc6/f1tenth_ws/install/f1tenth_stack/share/f1tenth_stack/hook/ament_prefix_path.ps1'
[86.853s] INFO:colcon.colcon_core.shell:Creating environment descriptor '/home/sdc6/f1tenth_ws/install/f1tenth_stack/share/f1tenth_stack/hook/ament_prefix_path.dsv'
[86.854s] INFO:colcon.colcon_core.shell:Creating environment hook '/home/sdc6/f1tenth_ws/install/f1tenth_stack/share/f1tenth_stack/hook/ament_prefix_path.sh'
[86.855s] INFO:colcon.colcon_core.shell:Skip shell extension 'powershell' for command environment: Not usable outside of PowerShell
[86.855s] DEBUG:colcon.colcon_core.shell:Skip shell extension 'dsv' for command environment
[87.490s] INFO:colcon.colcon_core.task.python.build:Building Python package in '/home/sdc6/f1tenth_ws/src/f1tenth_system/f1tenth_stack'
[87.491s] INFO:colcon.colcon_core.shell:Skip shell extension 'powershell' for command environment: Not usable outside of PowerShell
[87.491s] DEBUG:colcon.colcon_core.shell:Skip shell extension 'dsv' for command environment
[88.219s] DEBUG:colcon.colcon_core.task.python.build:Available setuptools commands: build_py, build_clib, clean, bdist_rpm, bdist_egg, install_scripts, saveopts, rotate, register, egg_info, dist_info, install_egg_info, build, sdist, setopt, bdist_dumb, bdist, easy_install, develop, install_data, upload, check, alias, test, install, build_scripts, build_ext, install_headers, upload_docs, symlink_data, bdist_wheel, install_lib
[88.226s] DEBUG:colcon.colcon_core.event_handler.log_command:Invoking command in '/home/sdc6/f1tenth_ws/src/f1tenth_system/f1tenth_stack': AMENT_PREFIX_PATH=/home/sdc6/f1tenth_ws/install/joy_teleop:/home/sdc6/f1tenth_ws/install/f1tenth_stack:/home/sdc6/f1tenth_ws/install/vesc:/home/sdc6/f1tenth_ws/install/vesc_driver:/home/sdc6/f1tenth_ws/install/vesc_ackermann:/home/sdc6/f1tenth_ws/install/vesc_msgs:/home/sdc6/f1tenth_ws/install/teleop_tools:/home/sdc6/f1tenth_ws/install/teleop_tools_msgs:/home/sdc6/f1tenth_ws/install/mouse_teleop:/home/sdc6/f1tenth_ws/install/kinematic_mpc:/home/sdc6/f1tenth_ws/install/key_teleop:/home/sdc6/f1tenth_ws/install/f1tenth_mppi:/home/sdc6/f1tenth_ws/install/ackermann_mux:/opt/ros/humble CMAKE_PREFIX_PATH=/home/sdc6/f1tenth_ws/install/vesc:/home/sdc6/f1tenth_ws/install/vesc_driver:/home/sdc6/f1tenth_ws/install/vesc_ackermann:/home/sdc6/f1tenth_ws/install/vesc_msgs:/home/sdc6/f1tenth_ws/install/teleop_tools_msgs:/home/sdc6/f1tenth_ws/install/ackermann_mux:/home/sdc6/f1tenth_ws/install/teleop_tools:/home/sdc6/f1tenth_ws/install/f1tenth_mppi LD_LIBRARY_PATH=/home/sdc6/f1tenth_ws/install/vesc_driver/lib:/home/sdc6/f1tenth_ws/install/vesc_ackermann/lib:/home/sdc6/f1tenth_ws/install/vesc_msgs/lib:/home/sdc6/f1tenth_ws/install/teleop_tools_msgs/lib:/usr/local/cuda/lib64:/opt/ros/humble/opt/rviz_ogre_vendor/lib:/opt/ros/humble/lib/aarch64-linux-gnu:/opt/ros/humble/lib:/usr/local/cuda-12.6/lib64 PS1=(test_env) \[\e]0;\u@\h: \w\a\]${debian_chroot:+($debian_chroot)}\[\033[01;32m\]\u@\h\[\033[00m\]:\[\033[01;34m\]\w\[\033[00m\]\$ PYTHONPATH=/home/sdc6/f1tenth_ws/build/f1tenth_stack/prefix_override:/usr/lib/python3/dist-packages/colcon_core/task/python/colcon_distutils_commands:/home/sdc6/f1tenth_ws/install/f1tenth_stack/lib/python3.10/site-packages:/home/sdc6/f1tenth_ws/install/joy_teleop/lib/python3.10/site-packages:/home/sdc6/f1tenth_ws/install/f1tenth_stack/lib/python3.10/site-packages:/home/sdc6/f1tenth_ws/install/vesc_msgs/local/lib/python3.10/dist-packages:/home/sdc6/f1tenth_ws/install/teleop_tools_msgs/local/lib/python3.10/dist-packages:/home/sdc6/f1tenth_ws/install/mouse_teleop/lib/python3.10/site-packages:/home/sdc6/f1tenth_ws/install/kinematic_mpc/lib/python3.10/site-packages:/home/sdc6/f1tenth_ws/install/key_teleop/lib/python3.10/site-packages:/home/sdc6/f1tenth_ws/install/f1tenth_mppi/lib/python3.10/site-packages:/opt/ros/humble/lib/python3.10/site-packages:/opt/ros/humble/local/lib/python3.10/dist-packages VIRTUAL_ENV_PROMPT=(test_env) /usr/bin/python3 -W ignore:setup.py install is deprecated -W ignore:easy_install command is deprecated setup.py egg_info --egg-base ../../../build/f1tenth_stack build --build-base /home/sdc6/f1tenth_ws/build/f1tenth_stack/build install --record /home/sdc6/f1tenth_ws/build/f1tenth_stack/install.log --install-scripts $base/lib/f1tenth_stack --single-version-externally-managed install_data
[88.897s] Level 1:colcon.colcon_core.environment:checking '/home/sdc6/f1tenth_ws/install/f1tenth_stack' for CMake module files
[88.898s] DEBUG:colcon.colcon_core.event_handler.log_command:Invoked command in '/home/sdc6/f1tenth_ws/src/f1tenth_system/f1tenth_stack' returned '0': AMENT_PREFIX_PATH=/home/sdc6/f1tenth_ws/install/joy_teleop:/home/sdc6/f1tenth_ws/install/f1tenth_stack:/home/sdc6/f1tenth_ws/install/vesc:/home/sdc6/f1tenth_ws/install/vesc_driver:/home/sdc6/f1tenth_ws/install/vesc_ackermann:/home/sdc6/f1tenth_ws/install/vesc_msgs:/home/sdc6/f1tenth_ws/install/teleop_tools:/home/sdc6/f1tenth_ws/install/teleop_tools_msgs:/home/sdc6/f1tenth_ws/install/mouse_teleop:/home/sdc6/f1tenth_ws/install/kinematic_mpc:/home/sdc6/f1tenth_ws/install/key_teleop:/home/sdc6/f1tenth_ws/install/f1tenth_mppi:/home/sdc6/f1tenth_ws/install/ackermann_mux:/opt/ros/humble CMAKE_PREFIX_PATH=/home/sdc6/f1tenth_ws/install/vesc:/home/sdc6/f1tenth_ws/install/vesc_driver:/home/sdc6/f1tenth_ws/install/vesc_ackermann:/home/sdc6/f1tenth_ws/install/vesc_msgs:/home/sdc6/f1tenth_ws/install/teleop_tools_msgs:/home/sdc6/f1tenth_ws/install/ackermann_mux:/home/sdc6/f1tenth_ws/install/teleop_tools:/home/sdc6/f1tenth_ws/install/f1tenth_mppi LD_LIBRARY_PATH=/home/sdc6/f1tenth_ws/install/vesc_driver/lib:/home/sdc6/f1tenth_ws/install/vesc_ackermann/lib:/home/sdc6/f1tenth_ws/install/vesc_msgs/lib:/home/sdc6/f1tenth_ws/install/teleop_tools_msgs/lib:/usr/local/cuda/lib64:/opt/ros/humble/opt/rviz_ogre_vendor/lib:/opt/ros/humble/lib/aarch64-linux-gnu:/opt/ros/humble/lib:/usr/local/cuda-12.6/lib64 PS1=(test_env) \[\e]0;\u@\h: \w\a\]${debian_chroot:+($debian_chroot)}\[\033[01;32m\]\u@\h\[\033[00m\]:\[\033[01;34m\]\w\[\033[00m\]\$ PYTHONPATH=/home/sdc6/f1tenth_ws/build/f1tenth_stack/prefix_override:/usr/lib/python3/dist-packages/colcon_core/task/python/colcon_distutils_commands:/home/sdc6/f1tenth_ws/install/f1tenth_stack/lib/python3.10/site-packages:/home/sdc6/f1tenth_ws/install/joy_teleop/lib/python3.10/site-packages:/home/sdc6/f1tenth_ws/install/f1tenth_stack/lib/python3.10/site-packages:/home/sdc6/f1tenth_ws/install/vesc_msgs/local/lib/python3.10/dist-packages:/home/sdc6/f1tenth_ws/install/teleop_tools_msgs/local/lib/python3.10/dist-packages:/home/sdc6/f1tenth_ws/install/mouse_teleop/lib/python3.10/site-packages:/home/sdc6/f1tenth_ws/install/kinematic_mpc/lib/python3.10/site-packages:/home/sdc6/f1tenth_ws/install/key_teleop/lib/python3.10/site-packages:/home/sdc6/f1tenth_ws/install/f1tenth_mppi/lib/python3.10/site-packages:/opt/ros/humble/lib/python3.10/site-packages:/opt/ros/humble/local/lib/python3.10/dist-packages VIRTUAL_ENV_PROMPT=(test_env) /usr/bin/python3 -W ignore:setup.py install is deprecated -W ignore:easy_install command is deprecated setup.py egg_info --egg-base ../../../build/f1tenth_stack build --build-base /home/sdc6/f1tenth_ws/build/f1tenth_stack/build install --record /home/sdc6/f1tenth_ws/build/f1tenth_stack/install.log --install-scripts $base/lib/f1tenth_stack --single-version-externally-managed install_data
[88.899s] Level 1:colcon.colcon_core.environment:checking '/home/sdc6/f1tenth_ws/install/f1tenth_stack' for CMake config files
[88.900s] Level 1:colcon.colcon_core.environment:checking '/home/sdc6/f1tenth_ws/install/f1tenth_stack/lib'
[88.900s] Level 1:colcon.colcon_core.environment:checking '/home/sdc6/f1tenth_ws/install/f1tenth_stack/bin'
[88.900s] Level 1:colcon.colcon_core.environment:checking '/home/sdc6/f1tenth_ws/install/f1tenth_stack/lib/pkgconfig/f1tenth_stack.pc'
[88.900s] Level 1:colcon.colcon_core.environment:checking '/home/sdc6/f1tenth_ws/install/f1tenth_stack/lib/python3.10/site-packages'
[88.901s] Level 1:colcon.colcon_core.shell:create_environment_hook('f1tenth_stack', 'pythonpath')
[88.901s] INFO:colcon.colcon_core.shell:Creating environment hook '/home/sdc6/f1tenth_ws/install/f1tenth_stack/share/f1tenth_stack/hook/pythonpath.ps1'
[88.902s] INFO:colcon.colcon_core.shell:Creating environment descriptor '/home/sdc6/f1tenth_ws/install/f1tenth_stack/share/f1tenth_stack/hook/pythonpath.dsv'
[88.903s] INFO:colcon.colcon_core.shell:Creating environment hook '/home/sdc6/f1tenth_ws/install/f1tenth_stack/share/f1tenth_stack/hook/pythonpath.sh'
[88.904s] Level 1:colcon.colcon_core.environment:checking '/home/sdc6/f1tenth_ws/install/f1tenth_stack/bin'
[88.904s] Level 1:colcon.colcon_core.environment:create_environment_scripts_only(f1tenth_stack)
[88.905s] INFO:colcon.colcon_core.shell:Creating package script '/home/sdc6/f1tenth_ws/install/f1tenth_stack/share/f1tenth_stack/package.ps1'
[88.906s] INFO:colcon.colcon_core.shell:Creating package descriptor '/home/sdc6/f1tenth_ws/install/f1tenth_stack/share/f1tenth_stack/package.dsv'
[88.907s] INFO:colcon.colcon_core.shell:Creating package script '/home/sdc6/f1tenth_ws/install/f1tenth_stack/share/f1tenth_stack/package.sh'
[88.908s] INFO:colcon.colcon_core.shell:Creating package script '/home/sdc6/f1tenth_ws/install/f1tenth_stack/share/f1tenth_stack/package.bash'
[88.909s] INFO:colcon.colcon_core.shell:Creating package script '/home/sdc6/f1tenth_ws/install/f1tenth_stack/share/f1tenth_stack/package.zsh'
[88.909s] Level 1:colcon.colcon_core.environment:create_file_with_runtime_dependencies(/home/sdc6/f1tenth_ws/install/f1tenth_stack/share/colcon-core/packages/f1tenth_stack)
[88.911s] DEBUG:colcon.colcon_parallel_executor.executor.parallel:closing loop
[88.911s] DEBUG:colcon.colcon_parallel_executor.executor.parallel:loop closed
[88.911s] DEBUG:colcon.colcon_parallel_executor.executor.parallel:run_until_complete finished with '0'
[88.912s] DEBUG:colcon.colcon_core.event_reactor:joining thread
[88.913s] DEBUG:colcon.colcon_core.event_reactor:joined thread
[88.914s] INFO:colcon.colcon_core.shell:Creating prefix script '/home/sdc6/f1tenth_ws/install/local_setup.ps1'
[88.916s] INFO:colcon.colcon_core.shell:Creating prefix util module '/home/sdc6/f1tenth_ws/install/_local_setup_util_ps1.py'
[88.919s] INFO:colcon.colcon_core.shell:Creating prefix chain script '/home/sdc6/f1tenth_ws/install/setup.ps1'
[88.922s] INFO:colcon.colcon_core.shell:Creating prefix script '/home/sdc6/f1tenth_ws/install/local_setup.sh'
[88.924s] INFO:colcon.colcon_core.shell:Creating prefix util module '/home/sdc6/f1tenth_ws/install/_local_setup_util_sh.py'
[88.925s] INFO:colcon.colcon_core.shell:Creating prefix chain script '/home/sdc6/f1tenth_ws/install/setup.sh'
[88.928s] INFO:colcon.colcon_core.shell:Creating prefix script '/home/sdc6/f1tenth_ws/install/local_setup.bash'
[88.929s] INFO:colcon.colcon_core.shell:Creating prefix chain script '/home/sdc6/f1tenth_ws/install/setup.bash'
[88.932s] INFO:colcon.colcon_core.shell:Creating prefix script '/home/sdc6/f1tenth_ws/install/local_setup.zsh'
[88.933s] INFO:colcon.colcon_core.shell:Creating prefix chain script '/home/sdc6/f1tenth_ws/install/setup.zsh'
