[0.209s] DEBUG:colcon:Command line arguments: ['/usr/bin/colcon', 'build']
[0.210s] DEBUG:colcon:Parsed command line arguments: Namespace(log_base=None, log_level=None, verb_name='build', build_base='build', install_base='install', merge_install=False, symlink_install=False, test_result_base=None, continue_on_error=False, executor='parallel', parallel_workers=6, event_handlers=None, ignore_user_meta=False, metas=['./colcon.meta'], base_paths=['.'], packages_ignore=None, packages_ignore_regex=None, paths=None, packages_up_to=None, packages_up_to_regex=None, packages_above=None, packages_above_and_dependencies=None, packages_above_depth=None, packages_select_by_dep=None, packages_skip_by_dep=None, packages_skip_up_to=None, packages_select_build_failed=False, packages_skip_build_finished=False, packages_select_test_failures=False, packages_skip_test_passed=False, packages_select=None, packages_skip=None, packages_select_regex=None, packages_skip_regex=None, packages_start=None, packages_end=None, allow_overriding=[], cmake_args=None, cmake_target=None, cmake_target_skip_unavailable=False, cmake_clean_cache=False, cmake_clean_first=False, cmake_force_configure=False, ament_cmake_args=None, catkin_cmake_args=None, catkin_skip_building_tests=False, mixin_files=None, mixin=None, verb_parser=<colcon_mixin.mixin.mixin_argument.MixinArgumentDecorator object at 0xffffa3b77520>, verb_extension=<colcon_core.verb.build.BuildVerb object at 0xffffa3b76b60>, main=<bound method BuildVerb.main of <colcon_core.verb.build.BuildVerb object at 0xffffa3b76b60>>, mixin_verb=('build',))
[0.542s] Level 1:colcon.colcon_core.package_discovery:discover_packages(colcon_meta) check parameters
[0.542s] Level 1:colcon.colcon_core.package_discovery:discover_packages(recursive) check parameters
[0.542s] Level 1:colcon.colcon_core.package_discovery:discover_packages(ignore) check parameters
[0.542s] Level 1:colcon.colcon_core.package_discovery:discover_packages(path) check parameters
[0.542s] Level 1:colcon.colcon_core.package_discovery:discover_packages(colcon_meta) discover
[0.542s] Level 1:colcon.colcon_core.package_discovery:discover_packages(recursive) discover
[0.542s] INFO:colcon.colcon_core.package_discovery:Crawling recursively for packages in '/home/sdc6/f1tenth_ws'
[0.543s] Level 1:colcon.colcon_core.package_identification:_identify(.) by extensions ['ignore', 'ignore_ament_install']
[0.543s] Level 1:colcon.colcon_core.package_identification:_identify(.) by extension 'ignore'
[0.543s] Level 1:colcon.colcon_core.package_identification:_identify(.) by extension 'ignore_ament_install'
[0.543s] Level 1:colcon.colcon_core.package_identification:_identify(.) by extensions ['colcon_pkg']
[0.543s] Level 1:colcon.colcon_core.package_identification:_identify(.) by extension 'colcon_pkg'
[0.543s] Level 1:colcon.colcon_core.package_identification:_identify(.) by extensions ['colcon_meta']
[0.543s] Level 1:colcon.colcon_core.package_identification:_identify(.) by extension 'colcon_meta'
[0.543s] Level 1:colcon.colcon_core.package_identification:_identify(.) by extensions ['ros']
[0.543s] Level 1:colcon.colcon_core.package_identification:_identify(.) by extension 'ros'
[0.563s] Level 1:colcon.colcon_core.package_identification:_identify(.) by extensions ['cmake', 'python']
[0.563s] Level 1:colcon.colcon_core.package_identification:_identify(.) by extension 'cmake'
[0.563s] Level 1:colcon.colcon_core.package_identification:_identify(.) by extension 'python'
[0.563s] Level 1:colcon.colcon_core.package_identification:_identify(.) by extensions ['python_setup_py']
[0.564s] Level 1:colcon.colcon_core.package_identification:_identify(.) by extension 'python_setup_py'
[0.564s] Level 1:colcon.colcon_core.package_identification:_identify(build) by extensions ['ignore', 'ignore_ament_install']
[0.564s] Level 1:colcon.colcon_core.package_identification:_identify(build) by extension 'ignore'
[0.564s] Level 1:colcon.colcon_core.package_identification:_identify(build) ignored
[0.564s] Level 1:colcon.colcon_core.package_identification:_identify(install) by extensions ['ignore', 'ignore_ament_install']
[0.565s] Level 1:colcon.colcon_core.package_identification:_identify(install) by extension 'ignore'
[0.565s] Level 1:colcon.colcon_core.package_identification:_identify(install) ignored
[0.565s] Level 1:colcon.colcon_core.package_identification:_identify(log) by extensions ['ignore', 'ignore_ament_install']
[0.565s] Level 1:colcon.colcon_core.package_identification:_identify(log) by extension 'ignore'
[0.565s] Level 1:colcon.colcon_core.package_identification:_identify(log) ignored
[0.565s] Level 1:colcon.colcon_core.package_identification:_identify(src) by extensions ['ignore', 'ignore_ament_install']
[0.565s] Level 1:colcon.colcon_core.package_identification:_identify(src) by extension 'ignore'
[0.566s] Level 1:colcon.colcon_core.package_identification:_identify(src) by extension 'ignore_ament_install'
[0.566s] Level 1:colcon.colcon_core.package_identification:_identify(src) by extensions ['colcon_pkg']
[0.566s] Level 1:colcon.colcon_core.package_identification:_identify(src) by extension 'colcon_pkg'
[0.566s] Level 1:colcon.colcon_core.package_identification:_identify(src) by extensions ['colcon_meta']
[0.566s] Level 1:colcon.colcon_core.package_identification:_identify(src) by extension 'colcon_meta'
[0.566s] Level 1:colcon.colcon_core.package_identification:_identify(src) by extensions ['ros']
[0.566s] Level 1:colcon.colcon_core.package_identification:_identify(src) by extension 'ros'
[0.566s] Level 1:colcon.colcon_core.package_identification:_identify(src) by extensions ['cmake', 'python']
[0.566s] Level 1:colcon.colcon_core.package_identification:_identify(src) by extension 'cmake'
[0.566s] Level 1:colcon.colcon_core.package_identification:_identify(src) by extension 'python'
[0.566s] Level 1:colcon.colcon_core.package_identification:_identify(src) by extensions ['python_setup_py']
[0.566s] Level 1:colcon.colcon_core.package_identification:_identify(src) by extension 'python_setup_py'
[0.567s] Level 1:colcon.colcon_core.package_identification:_identify(src/f1tenth_mpc) by extensions ['ignore', 'ignore_ament_install']
[0.567s] Level 1:colcon.colcon_core.package_identification:_identify(src/f1tenth_mpc) by extension 'ignore'
[0.567s] Level 1:colcon.colcon_core.package_identification:_identify(src/f1tenth_mpc) by extension 'ignore_ament_install'
[0.567s] Level 1:colcon.colcon_core.package_identification:_identify(src/f1tenth_mpc) by extensions ['colcon_pkg']
[0.567s] Level 1:colcon.colcon_core.package_identification:_identify(src/f1tenth_mpc) by extension 'colcon_pkg'
[0.567s] Level 1:colcon.colcon_core.package_identification:_identify(src/f1tenth_mpc) by extensions ['colcon_meta']
[0.567s] Level 1:colcon.colcon_core.package_identification:_identify(src/f1tenth_mpc) by extension 'colcon_meta'
[0.567s] Level 1:colcon.colcon_core.package_identification:_identify(src/f1tenth_mpc) by extensions ['ros']
[0.567s] Level 1:colcon.colcon_core.package_identification:_identify(src/f1tenth_mpc) by extension 'ros'
[0.574s] DEBUG:colcon.colcon_core.package_identification:Package 'src/f1tenth_mpc' with type 'ros.ament_python' and name 'kinematic_mpc'
[0.574s] Level 1:colcon.colcon_core.package_identification:_identify(src/f1tenth_mppi) by extensions ['ignore', 'ignore_ament_install']
[0.574s] Level 1:colcon.colcon_core.package_identification:_identify(src/f1tenth_mppi) by extension 'ignore'
[0.574s] Level 1:colcon.colcon_core.package_identification:_identify(src/f1tenth_mppi) by extension 'ignore_ament_install'
[0.574s] Level 1:colcon.colcon_core.package_identification:_identify(src/f1tenth_mppi) by extensions ['colcon_pkg']
[0.575s] Level 1:colcon.colcon_core.package_identification:_identify(src/f1tenth_mppi) by extension 'colcon_pkg'
[0.575s] Level 1:colcon.colcon_core.package_identification:_identify(src/f1tenth_mppi) by extensions ['colcon_meta']
[0.575s] Level 1:colcon.colcon_core.package_identification:_identify(src/f1tenth_mppi) by extension 'colcon_meta'
[0.575s] Level 1:colcon.colcon_core.package_identification:_identify(src/f1tenth_mppi) by extensions ['ros']
[0.575s] Level 1:colcon.colcon_core.package_identification:_identify(src/f1tenth_mppi) by extension 'ros'
[0.577s] DEBUG:colcon.colcon_core.package_identification:Package 'src/f1tenth_mppi' with type 'ros.ament_cmake' and name 'f1tenth_mppi'
[0.577s] Level 1:colcon.colcon_core.package_identification:_identify(src/f1tenth_system) by extensions ['ignore', 'ignore_ament_install']
[0.577s] Level 1:colcon.colcon_core.package_identification:_identify(src/f1tenth_system) by extension 'ignore'
[0.577s] Level 1:colcon.colcon_core.package_identification:_identify(src/f1tenth_system) by extension 'ignore_ament_install'
[0.578s] Level 1:colcon.colcon_core.package_identification:_identify(src/f1tenth_system) by extensions ['colcon_pkg']
[0.578s] Level 1:colcon.colcon_core.package_identification:_identify(src/f1tenth_system) by extension 'colcon_pkg'
[0.578s] Level 1:colcon.colcon_core.package_identification:_identify(src/f1tenth_system) by extensions ['colcon_meta']
[0.578s] Level 1:colcon.colcon_core.package_identification:_identify(src/f1tenth_system) by extension 'colcon_meta'
[0.578s] Level 1:colcon.colcon_core.package_identification:_identify(src/f1tenth_system) by extensions ['ros']
[0.578s] Level 1:colcon.colcon_core.package_identification:_identify(src/f1tenth_system) by extension 'ros'
[0.578s] Level 1:colcon.colcon_core.package_identification:_identify(src/f1tenth_system) by extensions ['cmake', 'python']
[0.578s] Level 1:colcon.colcon_core.package_identification:_identify(src/f1tenth_system) by extension 'cmake'
[0.578s] Level 1:colcon.colcon_core.package_identification:_identify(src/f1tenth_system) by extension 'python'
[0.578s] Level 1:colcon.colcon_core.package_identification:_identify(src/f1tenth_system) by extensions ['python_setup_py']
[0.578s] Level 1:colcon.colcon_core.package_identification:_identify(src/f1tenth_system) by extension 'python_setup_py'
[0.579s] Level 1:colcon.colcon_core.package_identification:_identify(src/f1tenth_system/ackermann_mux) by extensions ['ignore', 'ignore_ament_install']
[0.579s] Level 1:colcon.colcon_core.package_identification:_identify(src/f1tenth_system/ackermann_mux) by extension 'ignore'
[0.579s] Level 1:colcon.colcon_core.package_identification:_identify(src/f1tenth_system/ackermann_mux) by extension 'ignore_ament_install'
[0.579s] Level 1:colcon.colcon_core.package_identification:_identify(src/f1tenth_system/ackermann_mux) by extensions ['colcon_pkg']
[0.579s] Level 1:colcon.colcon_core.package_identification:_identify(src/f1tenth_system/ackermann_mux) by extension 'colcon_pkg'
[0.579s] Level 1:colcon.colcon_core.package_identification:_identify(src/f1tenth_system/ackermann_mux) by extensions ['colcon_meta']
[0.579s] Level 1:colcon.colcon_core.package_identification:_identify(src/f1tenth_system/ackermann_mux) by extension 'colcon_meta'
[0.579s] Level 1:colcon.colcon_core.package_identification:_identify(src/f1tenth_system/ackermann_mux) by extensions ['ros']
[0.579s] Level 1:colcon.colcon_core.package_identification:_identify(src/f1tenth_system/ackermann_mux) by extension 'ros'
[0.606s] DEBUG:colcon.colcon_core.package_identification:Package 'src/f1tenth_system/ackermann_mux' with type 'ros.ament_cmake' and name 'ackermann_mux'
[0.606s] Level 1:colcon.colcon_core.package_identification:_identify(src/f1tenth_system/f1tenth_stack) by extensions ['ignore', 'ignore_ament_install']
[0.607s] Level 1:colcon.colcon_core.package_identification:_identify(src/f1tenth_system/f1tenth_stack) by extension 'ignore'
[0.607s] Level 1:colcon.colcon_core.package_identification:_identify(src/f1tenth_system/f1tenth_stack) by extension 'ignore_ament_install'
[0.607s] Level 1:colcon.colcon_core.package_identification:_identify(src/f1tenth_system/f1tenth_stack) by extensions ['colcon_pkg']
[0.607s] Level 1:colcon.colcon_core.package_identification:_identify(src/f1tenth_system/f1tenth_stack) by extension 'colcon_pkg'
[0.607s] Level 1:colcon.colcon_core.package_identification:_identify(src/f1tenth_system/f1tenth_stack) by extensions ['colcon_meta']
[0.607s] Level 1:colcon.colcon_core.package_identification:_identify(src/f1tenth_system/f1tenth_stack) by extension 'colcon_meta'
[0.607s] Level 1:colcon.colcon_core.package_identification:_identify(src/f1tenth_system/f1tenth_stack) by extensions ['ros']
[0.607s] Level 1:colcon.colcon_core.package_identification:_identify(src/f1tenth_system/f1tenth_stack) by extension 'ros'
[0.609s] DEBUG:colcon.colcon_core.package_identification:Package 'src/f1tenth_system/f1tenth_stack' with type 'ros.ament_python' and name 'f1tenth_stack'
[0.610s] Level 1:colcon.colcon_core.package_identification:_identify(src/f1tenth_system/scripts) by extensions ['ignore', 'ignore_ament_install']
[0.610s] Level 1:colcon.colcon_core.package_identification:_identify(src/f1tenth_system/scripts) by extension 'ignore'
[0.610s] Level 1:colcon.colcon_core.package_identification:_identify(src/f1tenth_system/scripts) by extension 'ignore_ament_install'
[0.610s] Level 1:colcon.colcon_core.package_identification:_identify(src/f1tenth_system/scripts) by extensions ['colcon_pkg']
[0.610s] Level 1:colcon.colcon_core.package_identification:_identify(src/f1tenth_system/scripts) by extension 'colcon_pkg'
[0.610s] Level 1:colcon.colcon_core.package_identification:_identify(src/f1tenth_system/scripts) by extensions ['colcon_meta']
[0.610s] Level 1:colcon.colcon_core.package_identification:_identify(src/f1tenth_system/scripts) by extension 'colcon_meta'
[0.610s] Level 1:colcon.colcon_core.package_identification:_identify(src/f1tenth_system/scripts) by extensions ['ros']
[0.610s] Level 1:colcon.colcon_core.package_identification:_identify(src/f1tenth_system/scripts) by extension 'ros'
[0.611s] Level 1:colcon.colcon_core.package_identification:_identify(src/f1tenth_system/scripts) by extensions ['cmake', 'python']
[0.611s] Level 1:colcon.colcon_core.package_identification:_identify(src/f1tenth_system/scripts) by extension 'cmake'
[0.611s] Level 1:colcon.colcon_core.package_identification:_identify(src/f1tenth_system/scripts) by extension 'python'
[0.611s] Level 1:colcon.colcon_core.package_identification:_identify(src/f1tenth_system/scripts) by extensions ['python_setup_py']
[0.611s] Level 1:colcon.colcon_core.package_identification:_identify(src/f1tenth_system/scripts) by extension 'python_setup_py'
[0.611s] Level 1:colcon.colcon_core.package_identification:_identify(src/f1tenth_system/teleop_tools) by extensions ['ignore', 'ignore_ament_install']
[0.611s] Level 1:colcon.colcon_core.package_identification:_identify(src/f1tenth_system/teleop_tools) by extension 'ignore'
[0.611s] Level 1:colcon.colcon_core.package_identification:_identify(src/f1tenth_system/teleop_tools) by extension 'ignore_ament_install'
[0.611s] Level 1:colcon.colcon_core.package_identification:_identify(src/f1tenth_system/teleop_tools) by extensions ['colcon_pkg']
[0.611s] Level 1:colcon.colcon_core.package_identification:_identify(src/f1tenth_system/teleop_tools) by extension 'colcon_pkg'
[0.611s] Level 1:colcon.colcon_core.package_identification:_identify(src/f1tenth_system/teleop_tools) by extensions ['colcon_meta']
[0.612s] Level 1:colcon.colcon_core.package_identification:_identify(src/f1tenth_system/teleop_tools) by extension 'colcon_meta'
[0.612s] Level 1:colcon.colcon_core.package_identification:_identify(src/f1tenth_system/teleop_tools) by extensions ['ros']
[0.612s] Level 1:colcon.colcon_core.package_identification:_identify(src/f1tenth_system/teleop_tools) by extension 'ros'
[0.612s] Level 1:colcon.colcon_core.package_identification:_identify(src/f1tenth_system/teleop_tools) by extensions ['cmake', 'python']
[0.612s] Level 1:colcon.colcon_core.package_identification:_identify(src/f1tenth_system/teleop_tools) by extension 'cmake'
[0.612s] Level 1:colcon.colcon_core.package_identification:_identify(src/f1tenth_system/teleop_tools) by extension 'python'
[0.612s] Level 1:colcon.colcon_core.package_identification:_identify(src/f1tenth_system/teleop_tools) by extensions ['python_setup_py']
[0.612s] Level 1:colcon.colcon_core.package_identification:_identify(src/f1tenth_system/teleop_tools) by extension 'python_setup_py'
[0.612s] Level 1:colcon.colcon_core.package_identification:_identify(src/f1tenth_system/teleop_tools/joy_teleop) by extensions ['ignore', 'ignore_ament_install']
[0.613s] Level 1:colcon.colcon_core.package_identification:_identify(src/f1tenth_system/teleop_tools/joy_teleop) by extension 'ignore'
[0.613s] Level 1:colcon.colcon_core.package_identification:_identify(src/f1tenth_system/teleop_tools/joy_teleop) by extension 'ignore_ament_install'
[0.613s] Level 1:colcon.colcon_core.package_identification:_identify(src/f1tenth_system/teleop_tools/joy_teleop) by extensions ['colcon_pkg']
[0.613s] Level 1:colcon.colcon_core.package_identification:_identify(src/f1tenth_system/teleop_tools/joy_teleop) by extension 'colcon_pkg'
[0.613s] Level 1:colcon.colcon_core.package_identification:_identify(src/f1tenth_system/teleop_tools/joy_teleop) by extensions ['colcon_meta']
[0.613s] Level 1:colcon.colcon_core.package_identification:_identify(src/f1tenth_system/teleop_tools/joy_teleop) by extension 'colcon_meta'
[0.613s] Level 1:colcon.colcon_core.package_identification:_identify(src/f1tenth_system/teleop_tools/joy_teleop) by extensions ['ros']
[0.613s] Level 1:colcon.colcon_core.package_identification:_identify(src/f1tenth_system/teleop_tools/joy_teleop) by extension 'ros'
[0.614s] DEBUG:colcon.colcon_core.package_identification:Package 'src/f1tenth_system/teleop_tools/joy_teleop' with type 'ros.ament_python' and name 'joy_teleop'
[0.614s] Level 1:colcon.colcon_core.package_identification:_identify(src/f1tenth_system/teleop_tools/key_teleop) by extensions ['ignore', 'ignore_ament_install']
[0.615s] Level 1:colcon.colcon_core.package_identification:_identify(src/f1tenth_system/teleop_tools/key_teleop) by extension 'ignore'
[0.615s] Level 1:colcon.colcon_core.package_identification:_identify(src/f1tenth_system/teleop_tools/key_teleop) by extension 'ignore_ament_install'
[0.615s] Level 1:colcon.colcon_core.package_identification:_identify(src/f1tenth_system/teleop_tools/key_teleop) by extensions ['colcon_pkg']
[0.615s] Level 1:colcon.colcon_core.package_identification:_identify(src/f1tenth_system/teleop_tools/key_teleop) by extension 'colcon_pkg'
[0.615s] Level 1:colcon.colcon_core.package_identification:_identify(src/f1tenth_system/teleop_tools/key_teleop) by extensions ['colcon_meta']
[0.615s] Level 1:colcon.colcon_core.package_identification:_identify(src/f1tenth_system/teleop_tools/key_teleop) by extension 'colcon_meta'
[0.615s] Level 1:colcon.colcon_core.package_identification:_identify(src/f1tenth_system/teleop_tools/key_teleop) by extensions ['ros']
[0.615s] Level 1:colcon.colcon_core.package_identification:_identify(src/f1tenth_system/teleop_tools/key_teleop) by extension 'ros'
[0.616s] DEBUG:colcon.colcon_core.package_identification:Package 'src/f1tenth_system/teleop_tools/key_teleop' with type 'ros.ament_python' and name 'key_teleop'
[0.616s] Level 1:colcon.colcon_core.package_identification:_identify(src/f1tenth_system/teleop_tools/mouse_teleop) by extensions ['ignore', 'ignore_ament_install']
[0.616s] Level 1:colcon.colcon_core.package_identification:_identify(src/f1tenth_system/teleop_tools/mouse_teleop) by extension 'ignore'
[0.617s] Level 1:colcon.colcon_core.package_identification:_identify(src/f1tenth_system/teleop_tools/mouse_teleop) by extension 'ignore_ament_install'
[0.617s] Level 1:colcon.colcon_core.package_identification:_identify(src/f1tenth_system/teleop_tools/mouse_teleop) by extensions ['colcon_pkg']
[0.617s] Level 1:colcon.colcon_core.package_identification:_identify(src/f1tenth_system/teleop_tools/mouse_teleop) by extension 'colcon_pkg'
[0.617s] Level 1:colcon.colcon_core.package_identification:_identify(src/f1tenth_system/teleop_tools/mouse_teleop) by extensions ['colcon_meta']
[0.617s] Level 1:colcon.colcon_core.package_identification:_identify(src/f1tenth_system/teleop_tools/mouse_teleop) by extension 'colcon_meta'
[0.617s] Level 1:colcon.colcon_core.package_identification:_identify(src/f1tenth_system/teleop_tools/mouse_teleop) by extensions ['ros']
[0.617s] Level 1:colcon.colcon_core.package_identification:_identify(src/f1tenth_system/teleop_tools/mouse_teleop) by extension 'ros'
[0.618s] DEBUG:colcon.colcon_core.package_identification:Package 'src/f1tenth_system/teleop_tools/mouse_teleop' with type 'ros.ament_python' and name 'mouse_teleop'
[0.618s] Level 1:colcon.colcon_core.package_identification:_identify(src/f1tenth_system/teleop_tools/teleop_tools) by extensions ['ignore', 'ignore_ament_install']
[0.619s] Level 1:colcon.colcon_core.package_identification:_identify(src/f1tenth_system/teleop_tools/teleop_tools) by extension 'ignore'
[0.619s] Level 1:colcon.colcon_core.package_identification:_identify(src/f1tenth_system/teleop_tools/teleop_tools) by extension 'ignore_ament_install'
[0.619s] Level 1:colcon.colcon_core.package_identification:_identify(src/f1tenth_system/teleop_tools/teleop_tools) by extensions ['colcon_pkg']
[0.619s] Level 1:colcon.colcon_core.package_identification:_identify(src/f1tenth_system/teleop_tools/teleop_tools) by extension 'colcon_pkg'
[0.619s] Level 1:colcon.colcon_core.package_identification:_identify(src/f1tenth_system/teleop_tools/teleop_tools) by extensions ['colcon_meta']
[0.619s] Level 1:colcon.colcon_core.package_identification:_identify(src/f1tenth_system/teleop_tools/teleop_tools) by extension 'colcon_meta'
[0.619s] Level 1:colcon.colcon_core.package_identification:_identify(src/f1tenth_system/teleop_tools/teleop_tools) by extensions ['ros']
[0.619s] Level 1:colcon.colcon_core.package_identification:_identify(src/f1tenth_system/teleop_tools/teleop_tools) by extension 'ros'
[0.620s] DEBUG:colcon.colcon_core.package_identification:Package 'src/f1tenth_system/teleop_tools/teleop_tools' with type 'ros.ament_cmake' and name 'teleop_tools'
[0.620s] Level 1:colcon.colcon_core.package_identification:_identify(src/f1tenth_system/teleop_tools/teleop_tools_msgs) by extensions ['ignore', 'ignore_ament_install']
[0.620s] Level 1:colcon.colcon_core.package_identification:_identify(src/f1tenth_system/teleop_tools/teleop_tools_msgs) by extension 'ignore'
[0.620s] Level 1:colcon.colcon_core.package_identification:_identify(src/f1tenth_system/teleop_tools/teleop_tools_msgs) by extension 'ignore_ament_install'
[0.621s] Level 1:colcon.colcon_core.package_identification:_identify(src/f1tenth_system/teleop_tools/teleop_tools_msgs) by extensions ['colcon_pkg']
[0.621s] Level 1:colcon.colcon_core.package_identification:_identify(src/f1tenth_system/teleop_tools/teleop_tools_msgs) by extension 'colcon_pkg'
[0.621s] Level 1:colcon.colcon_core.package_identification:_identify(src/f1tenth_system/teleop_tools/teleop_tools_msgs) by extensions ['colcon_meta']
[0.621s] Level 1:colcon.colcon_core.package_identification:_identify(src/f1tenth_system/teleop_tools/teleop_tools_msgs) by extension 'colcon_meta'
[0.621s] Level 1:colcon.colcon_core.package_identification:_identify(src/f1tenth_system/teleop_tools/teleop_tools_msgs) by extensions ['ros']
[0.621s] Level 1:colcon.colcon_core.package_identification:_identify(src/f1tenth_system/teleop_tools/teleop_tools_msgs) by extension 'ros'
[0.622s] DEBUG:colcon.colcon_core.package_identification:Package 'src/f1tenth_system/teleop_tools/teleop_tools_msgs' with type 'ros.ament_cmake' and name 'teleop_tools_msgs'
[0.622s] Level 1:colcon.colcon_core.package_identification:_identify(src/f1tenth_system/vesc) by extensions ['ignore', 'ignore_ament_install']
[0.622s] Level 1:colcon.colcon_core.package_identification:_identify(src/f1tenth_system/vesc) by extension 'ignore'
[0.622s] Level 1:colcon.colcon_core.package_identification:_identify(src/f1tenth_system/vesc) by extension 'ignore_ament_install'
[0.622s] Level 1:colcon.colcon_core.package_identification:_identify(src/f1tenth_system/vesc) by extensions ['colcon_pkg']
[0.623s] Level 1:colcon.colcon_core.package_identification:_identify(src/f1tenth_system/vesc) by extension 'colcon_pkg'
[0.623s] Level 1:colcon.colcon_core.package_identification:_identify(src/f1tenth_system/vesc) by extensions ['colcon_meta']
[0.623s] Level 1:colcon.colcon_core.package_identification:_identify(src/f1tenth_system/vesc) by extension 'colcon_meta'
[0.623s] Level 1:colcon.colcon_core.package_identification:_identify(src/f1tenth_system/vesc) by extensions ['ros']
[0.623s] Level 1:colcon.colcon_core.package_identification:_identify(src/f1tenth_system/vesc) by extension 'ros'
[0.623s] Level 1:colcon.colcon_core.package_identification:_identify(src/f1tenth_system/vesc) by extensions ['cmake', 'python']
[0.623s] Level 1:colcon.colcon_core.package_identification:_identify(src/f1tenth_system/vesc) by extension 'cmake'
[0.623s] Level 1:colcon.colcon_core.package_identification:_identify(src/f1tenth_system/vesc) by extension 'python'
[0.623s] Level 1:colcon.colcon_core.package_identification:_identify(src/f1tenth_system/vesc) by extensions ['python_setup_py']
[0.623s] Level 1:colcon.colcon_core.package_identification:_identify(src/f1tenth_system/vesc) by extension 'python_setup_py'
[0.623s] Level 1:colcon.colcon_core.package_identification:_identify(src/f1tenth_system/vesc/vesc) by extensions ['ignore', 'ignore_ament_install']
[0.624s] Level 1:colcon.colcon_core.package_identification:_identify(src/f1tenth_system/vesc/vesc) by extension 'ignore'
[0.624s] Level 1:colcon.colcon_core.package_identification:_identify(src/f1tenth_system/vesc/vesc) by extension 'ignore_ament_install'
[0.624s] Level 1:colcon.colcon_core.package_identification:_identify(src/f1tenth_system/vesc/vesc) by extensions ['colcon_pkg']
[0.624s] Level 1:colcon.colcon_core.package_identification:_identify(src/f1tenth_system/vesc/vesc) by extension 'colcon_pkg'
[0.624s] Level 1:colcon.colcon_core.package_identification:_identify(src/f1tenth_system/vesc/vesc) by extensions ['colcon_meta']
[0.624s] Level 1:colcon.colcon_core.package_identification:_identify(src/f1tenth_system/vesc/vesc) by extension 'colcon_meta'
[0.624s] Level 1:colcon.colcon_core.package_identification:_identify(src/f1tenth_system/vesc/vesc) by extensions ['ros']
[0.624s] Level 1:colcon.colcon_core.package_identification:_identify(src/f1tenth_system/vesc/vesc) by extension 'ros'
[0.625s] DEBUG:colcon.colcon_core.package_identification:Package 'src/f1tenth_system/vesc/vesc' with type 'ros.ament_cmake' and name 'vesc'
[0.625s] Level 1:colcon.colcon_core.package_identification:_identify(src/f1tenth_system/vesc/vesc_ackermann) by extensions ['ignore', 'ignore_ament_install']
[0.626s] Level 1:colcon.colcon_core.package_identification:_identify(src/f1tenth_system/vesc/vesc_ackermann) by extension 'ignore'
[0.626s] Level 1:colcon.colcon_core.package_identification:_identify(src/f1tenth_system/vesc/vesc_ackermann) by extension 'ignore_ament_install'
[0.626s] Level 1:colcon.colcon_core.package_identification:_identify(src/f1tenth_system/vesc/vesc_ackermann) by extensions ['colcon_pkg']
[0.626s] Level 1:colcon.colcon_core.package_identification:_identify(src/f1tenth_system/vesc/vesc_ackermann) by extension 'colcon_pkg'
[0.626s] Level 1:colcon.colcon_core.package_identification:_identify(src/f1tenth_system/vesc/vesc_ackermann) by extensions ['colcon_meta']
[0.626s] Level 1:colcon.colcon_core.package_identification:_identify(src/f1tenth_system/vesc/vesc_ackermann) by extension 'colcon_meta'
[0.626s] Level 1:colcon.colcon_core.package_identification:_identify(src/f1tenth_system/vesc/vesc_ackermann) by extensions ['ros']
[0.626s] Level 1:colcon.colcon_core.package_identification:_identify(src/f1tenth_system/vesc/vesc_ackermann) by extension 'ros'
[0.628s] DEBUG:colcon.colcon_core.package_identification:Package 'src/f1tenth_system/vesc/vesc_ackermann' with type 'ros.ament_cmake' and name 'vesc_ackermann'
[0.628s] Level 1:colcon.colcon_core.package_identification:_identify(src/f1tenth_system/vesc/vesc_driver) by extensions ['ignore', 'ignore_ament_install']
[0.628s] Level 1:colcon.colcon_core.package_identification:_identify(src/f1tenth_system/vesc/vesc_driver) by extension 'ignore'
[0.628s] Level 1:colcon.colcon_core.package_identification:_identify(src/f1tenth_system/vesc/vesc_driver) by extension 'ignore_ament_install'
[0.628s] Level 1:colcon.colcon_core.package_identification:_identify(src/f1tenth_system/vesc/vesc_driver) by extensions ['colcon_pkg']
[0.629s] Level 1:colcon.colcon_core.package_identification:_identify(src/f1tenth_system/vesc/vesc_driver) by extension 'colcon_pkg'
[0.629s] Level 1:colcon.colcon_core.package_identification:_identify(src/f1tenth_system/vesc/vesc_driver) by extensions ['colcon_meta']
[0.629s] Level 1:colcon.colcon_core.package_identification:_identify(src/f1tenth_system/vesc/vesc_driver) by extension 'colcon_meta'
[0.629s] Level 1:colcon.colcon_core.package_identification:_identify(src/f1tenth_system/vesc/vesc_driver) by extensions ['ros']
[0.629s] Level 1:colcon.colcon_core.package_identification:_identify(src/f1tenth_system/vesc/vesc_driver) by extension 'ros'
[0.631s] DEBUG:colcon.colcon_core.package_identification:Package 'src/f1tenth_system/vesc/vesc_driver' with type 'ros.ament_cmake' and name 'vesc_driver'
[0.631s] Level 1:colcon.colcon_core.package_identification:_identify(src/f1tenth_system/vesc/vesc_msgs) by extensions ['ignore', 'ignore_ament_install']
[0.631s] Level 1:colcon.colcon_core.package_identification:_identify(src/f1tenth_system/vesc/vesc_msgs) by extension 'ignore'
[0.631s] Level 1:colcon.colcon_core.package_identification:_identify(src/f1tenth_system/vesc/vesc_msgs) by extension 'ignore_ament_install'
[0.631s] Level 1:colcon.colcon_core.package_identification:_identify(src/f1tenth_system/vesc/vesc_msgs) by extensions ['colcon_pkg']
[0.631s] Level 1:colcon.colcon_core.package_identification:_identify(src/f1tenth_system/vesc/vesc_msgs) by extension 'colcon_pkg'
[0.631s] Level 1:colcon.colcon_core.package_identification:_identify(src/f1tenth_system/vesc/vesc_msgs) by extensions ['colcon_meta']
[0.632s] Level 1:colcon.colcon_core.package_identification:_identify(src/f1tenth_system/vesc/vesc_msgs) by extension 'colcon_meta'
[0.632s] Level 1:colcon.colcon_core.package_identification:_identify(src/f1tenth_system/vesc/vesc_msgs) by extensions ['ros']
[0.632s] Level 1:colcon.colcon_core.package_identification:_identify(src/f1tenth_system/vesc/vesc_msgs) by extension 'ros'
[0.633s] DEBUG:colcon.colcon_core.package_identification:Package 'src/f1tenth_system/vesc/vesc_msgs' with type 'ros.ament_cmake' and name 'vesc_msgs'
[0.633s] Level 1:colcon.colcon_core.package_discovery:discover_packages(recursive) using defaults
[0.633s] Level 1:colcon.colcon_core.package_discovery:discover_packages(ignore) discover
[0.633s] Level 1:colcon.colcon_core.package_discovery:discover_packages(ignore) using defaults
[0.633s] Level 1:colcon.colcon_core.package_discovery:discover_packages(path) discover
[0.633s] Level 1:colcon.colcon_core.package_discovery:discover_packages(path) using defaults
[0.675s] Level 1:colcon.colcon_core.package_discovery:discover_packages(prefix_path) check parameters
[0.675s] Level 1:colcon.colcon_core.package_discovery:discover_packages(prefix_path) discover
[0.679s] DEBUG:colcon.colcon_installed_package_information.package_discovery:Found 13 installed packages in /home/sdc6/f1tenth_ws/install
[0.682s] DEBUG:colcon.colcon_installed_package_information.package_discovery:Found 308 installed packages in /opt/ros/humble
[0.685s] Level 1:colcon.colcon_core.package_discovery:discover_packages(prefix_path) using defaults
[0.757s] Level 5:colcon.colcon_core.verb:set package 'ackermann_mux' build argument 'cmake_args' from command line to 'None'
[0.757s] Level 5:colcon.colcon_core.verb:set package 'ackermann_mux' build argument 'cmake_target' from command line to 'None'
[0.757s] Level 5:colcon.colcon_core.verb:set package 'ackermann_mux' build argument 'cmake_target_skip_unavailable' from command line to 'False'
[0.757s] Level 5:colcon.colcon_core.verb:set package 'ackermann_mux' build argument 'cmake_clean_cache' from command line to 'False'
[0.758s] Level 5:colcon.colcon_core.verb:set package 'ackermann_mux' build argument 'cmake_clean_first' from command line to 'False'
[0.758s] Level 5:colcon.colcon_core.verb:set package 'ackermann_mux' build argument 'cmake_force_configure' from command line to 'False'
[0.758s] Level 5:colcon.colcon_core.verb:set package 'ackermann_mux' build argument 'ament_cmake_args' from command line to 'None'
[0.758s] Level 5:colcon.colcon_core.verb:set package 'ackermann_mux' build argument 'catkin_cmake_args' from command line to 'None'
[0.758s] Level 5:colcon.colcon_core.verb:set package 'ackermann_mux' build argument 'catkin_skip_building_tests' from command line to 'False'
[0.758s] DEBUG:colcon.colcon_core.verb:Building package 'ackermann_mux' with the following arguments: {'ament_cmake_args': None, 'build_base': '/home/sdc6/f1tenth_ws/build/ackermann_mux', 'catkin_cmake_args': None, 'catkin_skip_building_tests': False, 'cmake_args': None, 'cmake_clean_cache': False, 'cmake_clean_first': False, 'cmake_force_configure': False, 'cmake_target': None, 'cmake_target_skip_unavailable': False, 'install_base': '/home/sdc6/f1tenth_ws/install/ackermann_mux', 'merge_install': False, 'path': '/home/sdc6/f1tenth_ws/src/f1tenth_system/ackermann_mux', 'symlink_install': False, 'test_result_base': None}
[0.758s] Level 5:colcon.colcon_core.verb:set package 'f1tenth_mppi' build argument 'cmake_args' from command line to 'None'
[0.759s] Level 5:colcon.colcon_core.verb:set package 'f1tenth_mppi' build argument 'cmake_target' from command line to 'None'
[0.759s] Level 5:colcon.colcon_core.verb:set package 'f1tenth_mppi' build argument 'cmake_target_skip_unavailable' from command line to 'False'
[0.759s] Level 5:colcon.colcon_core.verb:set package 'f1tenth_mppi' build argument 'cmake_clean_cache' from command line to 'False'
[0.759s] Level 5:colcon.colcon_core.verb:set package 'f1tenth_mppi' build argument 'cmake_clean_first' from command line to 'False'
[0.759s] Level 5:colcon.colcon_core.verb:set package 'f1tenth_mppi' build argument 'cmake_force_configure' from command line to 'False'
[0.759s] Level 5:colcon.colcon_core.verb:set package 'f1tenth_mppi' build argument 'ament_cmake_args' from command line to 'None'
[0.759s] Level 5:colcon.colcon_core.verb:set package 'f1tenth_mppi' build argument 'catkin_cmake_args' from command line to 'None'
[0.759s] Level 5:colcon.colcon_core.verb:set package 'f1tenth_mppi' build argument 'catkin_skip_building_tests' from command line to 'False'
[0.759s] DEBUG:colcon.colcon_core.verb:Building package 'f1tenth_mppi' with the following arguments: {'ament_cmake_args': None, 'build_base': '/home/sdc6/f1tenth_ws/build/f1tenth_mppi', 'catkin_cmake_args': None, 'catkin_skip_building_tests': False, 'cmake_args': None, 'cmake_clean_cache': False, 'cmake_clean_first': False, 'cmake_force_configure': False, 'cmake_target': None, 'cmake_target_skip_unavailable': False, 'install_base': '/home/sdc6/f1tenth_ws/install/f1tenth_mppi', 'merge_install': False, 'path': '/home/sdc6/f1tenth_ws/src/f1tenth_mppi', 'symlink_install': False, 'test_result_base': None}
[0.759s] Level 5:colcon.colcon_core.verb:set package 'key_teleop' build argument 'cmake_args' from command line to 'None'
[0.759s] Level 5:colcon.colcon_core.verb:set package 'key_teleop' build argument 'cmake_target' from command line to 'None'
[0.760s] Level 5:colcon.colcon_core.verb:set package 'key_teleop' build argument 'cmake_target_skip_unavailable' from command line to 'False'
[0.760s] Level 5:colcon.colcon_core.verb:set package 'key_teleop' build argument 'cmake_clean_cache' from command line to 'False'
[0.760s] Level 5:colcon.colcon_core.verb:set package 'key_teleop' build argument 'cmake_clean_first' from command line to 'False'
[0.760s] Level 5:colcon.colcon_core.verb:set package 'key_teleop' build argument 'cmake_force_configure' from command line to 'False'
[0.760s] Level 5:colcon.colcon_core.verb:set package 'key_teleop' build argument 'ament_cmake_args' from command line to 'None'
[0.760s] Level 5:colcon.colcon_core.verb:set package 'key_teleop' build argument 'catkin_cmake_args' from command line to 'None'
[0.760s] Level 5:colcon.colcon_core.verb:set package 'key_teleop' build argument 'catkin_skip_building_tests' from command line to 'False'
[0.760s] DEBUG:colcon.colcon_core.verb:Building package 'key_teleop' with the following arguments: {'ament_cmake_args': None, 'build_base': '/home/sdc6/f1tenth_ws/build/key_teleop', 'catkin_cmake_args': None, 'catkin_skip_building_tests': False, 'cmake_args': None, 'cmake_clean_cache': False, 'cmake_clean_first': False, 'cmake_force_configure': False, 'cmake_target': None, 'cmake_target_skip_unavailable': False, 'install_base': '/home/sdc6/f1tenth_ws/install/key_teleop', 'merge_install': False, 'path': '/home/sdc6/f1tenth_ws/src/f1tenth_system/teleop_tools/key_teleop', 'symlink_install': False, 'test_result_base': None}
[0.760s] Level 5:colcon.colcon_core.verb:set package 'kinematic_mpc' build argument 'cmake_args' from command line to 'None'
[0.760s] Level 5:colcon.colcon_core.verb:set package 'kinematic_mpc' build argument 'cmake_target' from command line to 'None'
[0.760s] Level 5:colcon.colcon_core.verb:set package 'kinematic_mpc' build argument 'cmake_target_skip_unavailable' from command line to 'False'
[0.761s] Level 5:colcon.colcon_core.verb:set package 'kinematic_mpc' build argument 'cmake_clean_cache' from command line to 'False'
[0.761s] Level 5:colcon.colcon_core.verb:set package 'kinematic_mpc' build argument 'cmake_clean_first' from command line to 'False'
[0.761s] Level 5:colcon.colcon_core.verb:set package 'kinematic_mpc' build argument 'cmake_force_configure' from command line to 'False'
[0.761s] Level 5:colcon.colcon_core.verb:set package 'kinematic_mpc' build argument 'ament_cmake_args' from command line to 'None'
[0.761s] Level 5:colcon.colcon_core.verb:set package 'kinematic_mpc' build argument 'catkin_cmake_args' from command line to 'None'
[0.761s] Level 5:colcon.colcon_core.verb:set package 'kinematic_mpc' build argument 'catkin_skip_building_tests' from command line to 'False'
[0.761s] DEBUG:colcon.colcon_core.verb:Building package 'kinematic_mpc' with the following arguments: {'ament_cmake_args': None, 'build_base': '/home/sdc6/f1tenth_ws/build/kinematic_mpc', 'catkin_cmake_args': None, 'catkin_skip_building_tests': False, 'cmake_args': None, 'cmake_clean_cache': False, 'cmake_clean_first': False, 'cmake_force_configure': False, 'cmake_target': None, 'cmake_target_skip_unavailable': False, 'install_base': '/home/sdc6/f1tenth_ws/install/kinematic_mpc', 'merge_install': False, 'path': '/home/sdc6/f1tenth_ws/src/f1tenth_mpc', 'symlink_install': False, 'test_result_base': None}
[0.761s] Level 5:colcon.colcon_core.verb:set package 'mouse_teleop' build argument 'cmake_args' from command line to 'None'
[0.761s] Level 5:colcon.colcon_core.verb:set package 'mouse_teleop' build argument 'cmake_target' from command line to 'None'
[0.761s] Level 5:colcon.colcon_core.verb:set package 'mouse_teleop' build argument 'cmake_target_skip_unavailable' from command line to 'False'
[0.761s] Level 5:colcon.colcon_core.verb:set package 'mouse_teleop' build argument 'cmake_clean_cache' from command line to 'False'
[0.762s] Level 5:colcon.colcon_core.verb:set package 'mouse_teleop' build argument 'cmake_clean_first' from command line to 'False'
[0.762s] Level 5:colcon.colcon_core.verb:set package 'mouse_teleop' build argument 'cmake_force_configure' from command line to 'False'
[0.762s] Level 5:colcon.colcon_core.verb:set package 'mouse_teleop' build argument 'ament_cmake_args' from command line to 'None'
[0.762s] Level 5:colcon.colcon_core.verb:set package 'mouse_teleop' build argument 'catkin_cmake_args' from command line to 'None'
[0.762s] Level 5:colcon.colcon_core.verb:set package 'mouse_teleop' build argument 'catkin_skip_building_tests' from command line to 'False'
[0.762s] DEBUG:colcon.colcon_core.verb:Building package 'mouse_teleop' with the following arguments: {'ament_cmake_args': None, 'build_base': '/home/sdc6/f1tenth_ws/build/mouse_teleop', 'catkin_cmake_args': None, 'catkin_skip_building_tests': False, 'cmake_args': None, 'cmake_clean_cache': False, 'cmake_clean_first': False, 'cmake_force_configure': False, 'cmake_target': None, 'cmake_target_skip_unavailable': False, 'install_base': '/home/sdc6/f1tenth_ws/install/mouse_teleop', 'merge_install': False, 'path': '/home/sdc6/f1tenth_ws/src/f1tenth_system/teleop_tools/mouse_teleop', 'symlink_install': False, 'test_result_base': None}
[0.762s] Level 5:colcon.colcon_core.verb:set package 'teleop_tools_msgs' build argument 'cmake_args' from command line to 'None'
[0.762s] Level 5:colcon.colcon_core.verb:set package 'teleop_tools_msgs' build argument 'cmake_target' from command line to 'None'
[0.762s] Level 5:colcon.colcon_core.verb:set package 'teleop_tools_msgs' build argument 'cmake_target_skip_unavailable' from command line to 'False'
[0.762s] Level 5:colcon.colcon_core.verb:set package 'teleop_tools_msgs' build argument 'cmake_clean_cache' from command line to 'False'
[0.762s] Level 5:colcon.colcon_core.verb:set package 'teleop_tools_msgs' build argument 'cmake_clean_first' from command line to 'False'
[0.763s] Level 5:colcon.colcon_core.verb:set package 'teleop_tools_msgs' build argument 'cmake_force_configure' from command line to 'False'
[0.763s] Level 5:colcon.colcon_core.verb:set package 'teleop_tools_msgs' build argument 'ament_cmake_args' from command line to 'None'
[0.763s] Level 5:colcon.colcon_core.verb:set package 'teleop_tools_msgs' build argument 'catkin_cmake_args' from command line to 'None'
[0.763s] Level 5:colcon.colcon_core.verb:set package 'teleop_tools_msgs' build argument 'catkin_skip_building_tests' from command line to 'False'
[0.763s] DEBUG:colcon.colcon_core.verb:Building package 'teleop_tools_msgs' with the following arguments: {'ament_cmake_args': None, 'build_base': '/home/sdc6/f1tenth_ws/build/teleop_tools_msgs', 'catkin_cmake_args': None, 'catkin_skip_building_tests': False, 'cmake_args': None, 'cmake_clean_cache': False, 'cmake_clean_first': False, 'cmake_force_configure': False, 'cmake_target': None, 'cmake_target_skip_unavailable': False, 'install_base': '/home/sdc6/f1tenth_ws/install/teleop_tools_msgs', 'merge_install': False, 'path': '/home/sdc6/f1tenth_ws/src/f1tenth_system/teleop_tools/teleop_tools_msgs', 'symlink_install': False, 'test_result_base': None}
[0.763s] Level 5:colcon.colcon_core.verb:set package 'vesc_msgs' build argument 'cmake_args' from command line to 'None'
[0.763s] Level 5:colcon.colcon_core.verb:set package 'vesc_msgs' build argument 'cmake_target' from command line to 'None'
[0.763s] Level 5:colcon.colcon_core.verb:set package 'vesc_msgs' build argument 'cmake_target_skip_unavailable' from command line to 'False'
[0.763s] Level 5:colcon.colcon_core.verb:set package 'vesc_msgs' build argument 'cmake_clean_cache' from command line to 'False'
[0.763s] Level 5:colcon.colcon_core.verb:set package 'vesc_msgs' build argument 'cmake_clean_first' from command line to 'False'
[0.763s] Level 5:colcon.colcon_core.verb:set package 'vesc_msgs' build argument 'cmake_force_configure' from command line to 'False'
[0.763s] Level 5:colcon.colcon_core.verb:set package 'vesc_msgs' build argument 'ament_cmake_args' from command line to 'None'
[0.764s] Level 5:colcon.colcon_core.verb:set package 'vesc_msgs' build argument 'catkin_cmake_args' from command line to 'None'
[0.764s] Level 5:colcon.colcon_core.verb:set package 'vesc_msgs' build argument 'catkin_skip_building_tests' from command line to 'False'
[0.764s] DEBUG:colcon.colcon_core.verb:Building package 'vesc_msgs' with the following arguments: {'ament_cmake_args': None, 'build_base': '/home/sdc6/f1tenth_ws/build/vesc_msgs', 'catkin_cmake_args': None, 'catkin_skip_building_tests': False, 'cmake_args': None, 'cmake_clean_cache': False, 'cmake_clean_first': False, 'cmake_force_configure': False, 'cmake_target': None, 'cmake_target_skip_unavailable': False, 'install_base': '/home/sdc6/f1tenth_ws/install/vesc_msgs', 'merge_install': False, 'path': '/home/sdc6/f1tenth_ws/src/f1tenth_system/vesc/vesc_msgs', 'symlink_install': False, 'test_result_base': None}
[0.764s] Level 5:colcon.colcon_core.verb:set package 'joy_teleop' build argument 'cmake_args' from command line to 'None'
[0.764s] Level 5:colcon.colcon_core.verb:set package 'joy_teleop' build argument 'cmake_target' from command line to 'None'
[0.764s] Level 5:colcon.colcon_core.verb:set package 'joy_teleop' build argument 'cmake_target_skip_unavailable' from command line to 'False'
[0.764s] Level 5:colcon.colcon_core.verb:set package 'joy_teleop' build argument 'cmake_clean_cache' from command line to 'False'
[0.764s] Level 5:colcon.colcon_core.verb:set package 'joy_teleop' build argument 'cmake_clean_first' from command line to 'False'
[0.764s] Level 5:colcon.colcon_core.verb:set package 'joy_teleop' build argument 'cmake_force_configure' from command line to 'False'
[0.764s] Level 5:colcon.colcon_core.verb:set package 'joy_teleop' build argument 'ament_cmake_args' from command line to 'None'
[0.764s] Level 5:colcon.colcon_core.verb:set package 'joy_teleop' build argument 'catkin_cmake_args' from command line to 'None'
[0.765s] Level 5:colcon.colcon_core.verb:set package 'joy_teleop' build argument 'catkin_skip_building_tests' from command line to 'False'
[0.765s] DEBUG:colcon.colcon_core.verb:Building package 'joy_teleop' with the following arguments: {'ament_cmake_args': None, 'build_base': '/home/sdc6/f1tenth_ws/build/joy_teleop', 'catkin_cmake_args': None, 'catkin_skip_building_tests': False, 'cmake_args': None, 'cmake_clean_cache': False, 'cmake_clean_first': False, 'cmake_force_configure': False, 'cmake_target': None, 'cmake_target_skip_unavailable': False, 'install_base': '/home/sdc6/f1tenth_ws/install/joy_teleop', 'merge_install': False, 'path': '/home/sdc6/f1tenth_ws/src/f1tenth_system/teleop_tools/joy_teleop', 'symlink_install': False, 'test_result_base': None}
[0.765s] Level 5:colcon.colcon_core.verb:set package 'vesc_ackermann' build argument 'cmake_args' from command line to 'None'
[0.765s] Level 5:colcon.colcon_core.verb:set package 'vesc_ackermann' build argument 'cmake_target' from command line to 'None'
[0.765s] Level 5:colcon.colcon_core.verb:set package 'vesc_ackermann' build argument 'cmake_target_skip_unavailable' from command line to 'False'
[0.765s] Level 5:colcon.colcon_core.verb:set package 'vesc_ackermann' build argument 'cmake_clean_cache' from command line to 'False'
[0.765s] Level 5:colcon.colcon_core.verb:set package 'vesc_ackermann' build argument 'cmake_clean_first' from command line to 'False'
[0.765s] Level 5:colcon.colcon_core.verb:set package 'vesc_ackermann' build argument 'cmake_force_configure' from command line to 'False'
[0.765s] Level 5:colcon.colcon_core.verb:set package 'vesc_ackermann' build argument 'ament_cmake_args' from command line to 'None'
[0.765s] Level 5:colcon.colcon_core.verb:set package 'vesc_ackermann' build argument 'catkin_cmake_args' from command line to 'None'
[0.765s] Level 5:colcon.colcon_core.verb:set package 'vesc_ackermann' build argument 'catkin_skip_building_tests' from command line to 'False'
[0.766s] DEBUG:colcon.colcon_core.verb:Building package 'vesc_ackermann' with the following arguments: {'ament_cmake_args': None, 'build_base': '/home/sdc6/f1tenth_ws/build/vesc_ackermann', 'catkin_cmake_args': None, 'catkin_skip_building_tests': False, 'cmake_args': None, 'cmake_clean_cache': False, 'cmake_clean_first': False, 'cmake_force_configure': False, 'cmake_target': None, 'cmake_target_skip_unavailable': False, 'install_base': '/home/sdc6/f1tenth_ws/install/vesc_ackermann', 'merge_install': False, 'path': '/home/sdc6/f1tenth_ws/src/f1tenth_system/vesc/vesc_ackermann', 'symlink_install': False, 'test_result_base': None}
[0.766s] Level 5:colcon.colcon_core.verb:set package 'vesc_driver' build argument 'cmake_args' from command line to 'None'
[0.766s] Level 5:colcon.colcon_core.verb:set package 'vesc_driver' build argument 'cmake_target' from command line to 'None'
[0.766s] Level 5:colcon.colcon_core.verb:set package 'vesc_driver' build argument 'cmake_target_skip_unavailable' from command line to 'False'
[0.766s] Level 5:colcon.colcon_core.verb:set package 'vesc_driver' build argument 'cmake_clean_cache' from command line to 'False'
[0.766s] Level 5:colcon.colcon_core.verb:set package 'vesc_driver' build argument 'cmake_clean_first' from command line to 'False'
[0.766s] Level 5:colcon.colcon_core.verb:set package 'vesc_driver' build argument 'cmake_force_configure' from command line to 'False'
[0.766s] Level 5:colcon.colcon_core.verb:set package 'vesc_driver' build argument 'ament_cmake_args' from command line to 'None'
[0.766s] Level 5:colcon.colcon_core.verb:set package 'vesc_driver' build argument 'catkin_cmake_args' from command line to 'None'
[0.766s] Level 5:colcon.colcon_core.verb:set package 'vesc_driver' build argument 'catkin_skip_building_tests' from command line to 'False'
[0.766s] DEBUG:colcon.colcon_core.verb:Building package 'vesc_driver' with the following arguments: {'ament_cmake_args': None, 'build_base': '/home/sdc6/f1tenth_ws/build/vesc_driver', 'catkin_cmake_args': None, 'catkin_skip_building_tests': False, 'cmake_args': None, 'cmake_clean_cache': False, 'cmake_clean_first': False, 'cmake_force_configure': False, 'cmake_target': None, 'cmake_target_skip_unavailable': False, 'install_base': '/home/sdc6/f1tenth_ws/install/vesc_driver', 'merge_install': False, 'path': '/home/sdc6/f1tenth_ws/src/f1tenth_system/vesc/vesc_driver', 'symlink_install': False, 'test_result_base': None}
[0.767s] Level 5:colcon.colcon_core.verb:set package 'teleop_tools' build argument 'cmake_args' from command line to 'None'
[0.767s] Level 5:colcon.colcon_core.verb:set package 'teleop_tools' build argument 'cmake_target' from command line to 'None'
[0.767s] Level 5:colcon.colcon_core.verb:set package 'teleop_tools' build argument 'cmake_target_skip_unavailable' from command line to 'False'
[0.767s] Level 5:colcon.colcon_core.verb:set package 'teleop_tools' build argument 'cmake_clean_cache' from command line to 'False'
[0.767s] Level 5:colcon.colcon_core.verb:set package 'teleop_tools' build argument 'cmake_clean_first' from command line to 'False'
[0.767s] Level 5:colcon.colcon_core.verb:set package 'teleop_tools' build argument 'cmake_force_configure' from command line to 'False'
[0.767s] Level 5:colcon.colcon_core.verb:set package 'teleop_tools' build argument 'ament_cmake_args' from command line to 'None'
[0.767s] Level 5:colcon.colcon_core.verb:set package 'teleop_tools' build argument 'catkin_cmake_args' from command line to 'None'
[0.767s] Level 5:colcon.colcon_core.verb:set package 'teleop_tools' build argument 'catkin_skip_building_tests' from command line to 'False'
[0.767s] DEBUG:colcon.colcon_core.verb:Building package 'teleop_tools' with the following arguments: {'ament_cmake_args': None, 'build_base': '/home/sdc6/f1tenth_ws/build/teleop_tools', 'catkin_cmake_args': None, 'catkin_skip_building_tests': False, 'cmake_args': None, 'cmake_clean_cache': False, 'cmake_clean_first': False, 'cmake_force_configure': False, 'cmake_target': None, 'cmake_target_skip_unavailable': False, 'install_base': '/home/sdc6/f1tenth_ws/install/teleop_tools', 'merge_install': False, 'path': '/home/sdc6/f1tenth_ws/src/f1tenth_system/teleop_tools/teleop_tools', 'symlink_install': False, 'test_result_base': None}
[0.768s] Level 5:colcon.colcon_core.verb:set package 'vesc' build argument 'cmake_args' from command line to 'None'
[0.768s] Level 5:colcon.colcon_core.verb:set package 'vesc' build argument 'cmake_target' from command line to 'None'
[0.768s] Level 5:colcon.colcon_core.verb:set package 'vesc' build argument 'cmake_target_skip_unavailable' from command line to 'False'
[0.768s] Level 5:colcon.colcon_core.verb:set package 'vesc' build argument 'cmake_clean_cache' from command line to 'False'
[0.768s] Level 5:colcon.colcon_core.verb:set package 'vesc' build argument 'cmake_clean_first' from command line to 'False'
[0.768s] Level 5:colcon.colcon_core.verb:set package 'vesc' build argument 'cmake_force_configure' from command line to 'False'
[0.768s] Level 5:colcon.colcon_core.verb:set package 'vesc' build argument 'ament_cmake_args' from command line to 'None'
[0.768s] Level 5:colcon.colcon_core.verb:set package 'vesc' build argument 'catkin_cmake_args' from command line to 'None'
[0.768s] Level 5:colcon.colcon_core.verb:set package 'vesc' build argument 'catkin_skip_building_tests' from command line to 'False'
[0.768s] DEBUG:colcon.colcon_core.verb:Building package 'vesc' with the following arguments: {'ament_cmake_args': None, 'build_base': '/home/sdc6/f1tenth_ws/build/vesc', 'catkin_cmake_args': None, 'catkin_skip_building_tests': False, 'cmake_args': None, 'cmake_clean_cache': False, 'cmake_clean_first': False, 'cmake_force_configure': False, 'cmake_target': None, 'cmake_target_skip_unavailable': False, 'install_base': '/home/sdc6/f1tenth_ws/install/vesc', 'merge_install': False, 'path': '/home/sdc6/f1tenth_ws/src/f1tenth_system/vesc/vesc', 'symlink_install': False, 'test_result_base': None}
[0.769s] Level 5:colcon.colcon_core.verb:set package 'f1tenth_stack' build argument 'cmake_args' from command line to 'None'
[0.769s] Level 5:colcon.colcon_core.verb:set package 'f1tenth_stack' build argument 'cmake_target' from command line to 'None'
[0.769s] Level 5:colcon.colcon_core.verb:set package 'f1tenth_stack' build argument 'cmake_target_skip_unavailable' from command line to 'False'
[0.769s] Level 5:colcon.colcon_core.verb:set package 'f1tenth_stack' build argument 'cmake_clean_cache' from command line to 'False'
[0.769s] Level 5:colcon.colcon_core.verb:set package 'f1tenth_stack' build argument 'cmake_clean_first' from command line to 'False'
[0.769s] Level 5:colcon.colcon_core.verb:set package 'f1tenth_stack' build argument 'cmake_force_configure' from command line to 'False'
[0.769s] Level 5:colcon.colcon_core.verb:set package 'f1tenth_stack' build argument 'ament_cmake_args' from command line to 'None'
[0.769s] Level 5:colcon.colcon_core.verb:set package 'f1tenth_stack' build argument 'catkin_cmake_args' from command line to 'None'
[0.769s] Level 5:colcon.colcon_core.verb:set package 'f1tenth_stack' build argument 'catkin_skip_building_tests' from command line to 'False'
[0.769s] DEBUG:colcon.colcon_core.verb:Building package 'f1tenth_stack' with the following arguments: {'ament_cmake_args': None, 'build_base': '/home/sdc6/f1tenth_ws/build/f1tenth_stack', 'catkin_cmake_args': None, 'catkin_skip_building_tests': False, 'cmake_args': None, 'cmake_clean_cache': False, 'cmake_clean_first': False, 'cmake_force_configure': False, 'cmake_target': None, 'cmake_target_skip_unavailable': False, 'install_base': '/home/sdc6/f1tenth_ws/install/f1tenth_stack', 'merge_install': False, 'path': '/home/sdc6/f1tenth_ws/src/f1tenth_system/f1tenth_stack', 'symlink_install': False, 'test_result_base': None}
[0.770s] INFO:colcon.colcon_core.executor:Executing jobs using 'parallel' executor
[0.771s] DEBUG:colcon.colcon_parallel_executor.executor.parallel:run_until_complete
[0.772s] INFO:colcon.colcon_ros.task.ament_cmake.build:Building ROS package in '/home/sdc6/f1tenth_ws/src/f1tenth_system/vesc/vesc_msgs' with build type 'ament_cmake'
[0.772s] INFO:colcon.colcon_cmake.task.cmake.build:Building CMake package in '/home/sdc6/f1tenth_ws/src/f1tenth_system/vesc/vesc_msgs'
[0.777s] INFO:colcon.colcon_core.plugin_system:Skipping extension 'colcon_core.shell.bat': Not used on non-Windows systems
[0.777s] INFO:colcon.colcon_core.shell:Skip shell extension 'powershell' for command environment: Not usable outside of PowerShell
[0.777s] DEBUG:colcon.colcon_core.shell:Skip shell extension 'dsv' for command environment
[0.784s] INFO:colcon.colcon_ros.task.ament_cmake.build:Building ROS package in '/home/sdc6/f1tenth_ws/src/f1tenth_system/teleop_tools/teleop_tools_msgs' with build type 'ament_cmake'
[0.784s] INFO:colcon.colcon_cmake.task.cmake.build:Building CMake package in '/home/sdc6/f1tenth_ws/src/f1tenth_system/teleop_tools/teleop_tools_msgs'
[0.785s] INFO:colcon.colcon_core.shell:Skip shell extension 'powershell' for command environment: Not usable outside of PowerShell
[0.785s] DEBUG:colcon.colcon_core.shell:Skip shell extension 'dsv' for command environment
[0.791s] INFO:colcon.colcon_ros.task.ament_cmake.build:Building ROS package in '/home/sdc6/f1tenth_ws/src/f1tenth_system/ackermann_mux' with build type 'ament_cmake'
[0.792s] INFO:colcon.colcon_cmake.task.cmake.build:Building CMake package in '/home/sdc6/f1tenth_ws/src/f1tenth_system/ackermann_mux'
[0.792s] INFO:colcon.colcon_core.shell:Skip shell extension 'powershell' for command environment: Not usable outside of PowerShell
[0.792s] DEBUG:colcon.colcon_core.shell:Skip shell extension 'dsv' for command environment
[0.799s] INFO:colcon.colcon_ros.task.ament_python.build:Building ROS package in '/home/sdc6/f1tenth_ws/src/f1tenth_system/teleop_tools/key_teleop' with build type 'ament_python'
[0.799s] Level 1:colcon.colcon_core.shell:create_environment_hook('key_teleop', 'ament_prefix_path')
[0.799s] INFO:colcon.colcon_core.shell:Creating environment hook '/home/sdc6/f1tenth_ws/install/key_teleop/share/key_teleop/hook/ament_prefix_path.ps1'
[0.801s] INFO:colcon.colcon_core.shell:Creating environment descriptor '/home/sdc6/f1tenth_ws/install/key_teleop/share/key_teleop/hook/ament_prefix_path.dsv'
[0.802s] INFO:colcon.colcon_core.shell:Creating environment hook '/home/sdc6/f1tenth_ws/install/key_teleop/share/key_teleop/hook/ament_prefix_path.sh'
[0.803s] INFO:colcon.colcon_core.shell:Skip shell extension 'powershell' for command environment: Not usable outside of PowerShell
[0.803s] DEBUG:colcon.colcon_core.shell:Skip shell extension 'dsv' for command environment
[0.809s] INFO:colcon.colcon_ros.task.ament_cmake.build:Building ROS package in '/home/sdc6/f1tenth_ws/src/f1tenth_mppi' with build type 'ament_cmake'
[0.809s] INFO:colcon.colcon_cmake.task.cmake.build:Building CMake package in '/home/sdc6/f1tenth_ws/src/f1tenth_mppi'
[0.810s] INFO:colcon.colcon_core.shell:Skip shell extension 'powershell' for command environment: Not usable outside of PowerShell
[0.810s] DEBUG:colcon.colcon_core.shell:Skip shell extension 'dsv' for command environment
[0.816s] INFO:colcon.colcon_ros.task.ament_python.build:Building ROS package in '/home/sdc6/f1tenth_ws/src/f1tenth_mpc' with build type 'ament_python'
[0.817s] Level 1:colcon.colcon_core.shell:create_environment_hook('kinematic_mpc', 'ament_prefix_path')
[0.817s] INFO:colcon.colcon_core.shell:Creating environment hook '/home/sdc6/f1tenth_ws/install/kinematic_mpc/share/kinematic_mpc/hook/ament_prefix_path.ps1'
[0.818s] INFO:colcon.colcon_core.shell:Creating environment descriptor '/home/sdc6/f1tenth_ws/install/kinematic_mpc/share/kinematic_mpc/hook/ament_prefix_path.dsv'
[0.819s] INFO:colcon.colcon_core.shell:Creating environment hook '/home/sdc6/f1tenth_ws/install/kinematic_mpc/share/kinematic_mpc/hook/ament_prefix_path.sh'
[0.820s] INFO:colcon.colcon_core.shell:Skip shell extension 'powershell' for command environment: Not usable outside of PowerShell
[0.820s] DEBUG:colcon.colcon_core.shell:Skip shell extension 'dsv' for command environment
[0.833s] DEBUG:colcon.colcon_core.event_handler.log_command:Invoking command in '/home/sdc6/f1tenth_ws/build/vesc_msgs': CMAKE_PREFIX_PATH=${CMAKE_PREFIX_PATH}:/home/sdc6/f1tenth_ws/install/f1tenth_stack:/home/sdc6/f1tenth_ws/install/joy_teleop:/home/sdc6/f1tenth_ws/install/mouse_teleop:/home/sdc6/f1tenth_ws/install/kinematic_mpc:/home/sdc6/f1tenth_ws/install/key_teleop:/opt/ros/humble PS1=(test_env) \[\e]0;\u@\h: \w\a\]${debian_chroot:+($debian_chroot)}\[\033[01;32m\]\u@\h\[\033[00m\]:\[\033[01;34m\]\w\[\033[00m\]\$ VIRTUAL_ENV_PROMPT=(test_env) /usr/bin/cmake --build /home/sdc6/f1tenth_ws/build/vesc_msgs -- -j6 -l6
[0.840s] DEBUG:colcon.colcon_core.event_handler.log_command:Invoking command in '/home/sdc6/f1tenth_ws/build/teleop_tools_msgs': CMAKE_PREFIX_PATH=${CMAKE_PREFIX_PATH}:/home/sdc6/f1tenth_ws/install/f1tenth_stack:/home/sdc6/f1tenth_ws/install/joy_teleop:/home/sdc6/f1tenth_ws/install/mouse_teleop:/home/sdc6/f1tenth_ws/install/kinematic_mpc:/home/sdc6/f1tenth_ws/install/key_teleop:/opt/ros/humble PS1=(test_env) \[\e]0;\u@\h: \w\a\]${debian_chroot:+($debian_chroot)}\[\033[01;32m\]\u@\h\[\033[00m\]:\[\033[01;34m\]\w\[\033[00m\]\$ VIRTUAL_ENV_PROMPT=(test_env) /usr/bin/cmake --build /home/sdc6/f1tenth_ws/build/teleop_tools_msgs -- -j6 -l6
[0.844s] DEBUG:colcon.colcon_core.event_handler.log_command:Invoking command in '/home/sdc6/f1tenth_ws/build/ackermann_mux': CMAKE_PREFIX_PATH=${CMAKE_PREFIX_PATH}:/home/sdc6/f1tenth_ws/install/f1tenth_stack:/home/sdc6/f1tenth_ws/install/joy_teleop:/home/sdc6/f1tenth_ws/install/mouse_teleop:/home/sdc6/f1tenth_ws/install/kinematic_mpc:/home/sdc6/f1tenth_ws/install/key_teleop:/opt/ros/humble PS1=(test_env) \[\e]0;\u@\h: \w\a\]${debian_chroot:+($debian_chroot)}\[\033[01;32m\]\u@\h\[\033[00m\]:\[\033[01;34m\]\w\[\033[00m\]\$ VIRTUAL_ENV_PROMPT=(test_env) /usr/bin/cmake --build /home/sdc6/f1tenth_ws/build/ackermann_mux -- -j6 -l6
[1.426s] INFO:colcon.colcon_core.task.python.build:Building Python package in '/home/sdc6/f1tenth_ws/src/f1tenth_system/teleop_tools/key_teleop'
[1.427s] INFO:colcon.colcon_core.shell:Skip shell extension 'powershell' for command environment: Not usable outside of PowerShell
[1.427s] DEBUG:colcon.colcon_core.shell:Skip shell extension 'dsv' for command environment
[1.442s] DEBUG:colcon.colcon_core.event_handler.log_command:Invoking command in '/home/sdc6/f1tenth_ws/build/f1tenth_mppi': CMAKE_PREFIX_PATH=${CMAKE_PREFIX_PATH}:/home/sdc6/f1tenth_ws/install/f1tenth_stack:/home/sdc6/f1tenth_ws/install/joy_teleop:/home/sdc6/f1tenth_ws/install/mouse_teleop:/home/sdc6/f1tenth_ws/install/kinematic_mpc:/home/sdc6/f1tenth_ws/install/key_teleop:/opt/ros/humble PS1=(test_env) \[\e]0;\u@\h: \w\a\]${debian_chroot:+($debian_chroot)}\[\033[01;32m\]\u@\h\[\033[00m\]:\[\033[01;34m\]\w\[\033[00m\]\$ VIRTUAL_ENV_PROMPT=(test_env) /usr/bin/cmake /home/sdc6/f1tenth_ws/src/f1tenth_mppi -DCMAKE_INSTALL_PREFIX=/home/sdc6/f1tenth_ws/install/f1tenth_mppi
[1.974s] INFO:colcon.colcon_core.task.python.build:Building Python package in '/home/sdc6/f1tenth_ws/src/f1tenth_mpc'
[1.975s] INFO:colcon.colcon_core.shell:Skip shell extension 'powershell' for command environment: Not usable outside of PowerShell
[1.975s] DEBUG:colcon.colcon_core.shell:Skip shell extension 'dsv' for command environment
[1.994s] DEBUG:colcon.colcon_core.event_handler.log_command:Invoked command in '/home/sdc6/f1tenth_ws/build/ackermann_mux' returned '0': CMAKE_PREFIX_PATH=${CMAKE_PREFIX_PATH}:/home/sdc6/f1tenth_ws/install/f1tenth_stack:/home/sdc6/f1tenth_ws/install/joy_teleop:/home/sdc6/f1tenth_ws/install/mouse_teleop:/home/sdc6/f1tenth_ws/install/kinematic_mpc:/home/sdc6/f1tenth_ws/install/key_teleop:/opt/ros/humble PS1=(test_env) \[\e]0;\u@\h: \w\a\]${debian_chroot:+($debian_chroot)}\[\033[01;32m\]\u@\h\[\033[00m\]:\[\033[01;34m\]\w\[\033[00m\]\$ VIRTUAL_ENV_PROMPT=(test_env) /usr/bin/cmake --build /home/sdc6/f1tenth_ws/build/ackermann_mux -- -j6 -l6
[2.015s] DEBUG:colcon.colcon_core.event_handler.log_command:Invoking command in '/home/sdc6/f1tenth_ws/build/ackermann_mux': CMAKE_PREFIX_PATH=${CMAKE_PREFIX_PATH}:/home/sdc6/f1tenth_ws/install/f1tenth_stack:/home/sdc6/f1tenth_ws/install/joy_teleop:/home/sdc6/f1tenth_ws/install/mouse_teleop:/home/sdc6/f1tenth_ws/install/kinematic_mpc:/home/sdc6/f1tenth_ws/install/key_teleop:/opt/ros/humble PS1=(test_env) \[\e]0;\u@\h: \w\a\]${debian_chroot:+($debian_chroot)}\[\033[01;32m\]\u@\h\[\033[00m\]:\[\033[01;34m\]\w\[\033[00m\]\$ VIRTUAL_ENV_PROMPT=(test_env) /usr/bin/cmake --install /home/sdc6/f1tenth_ws/build/ackermann_mux
[2.017s] DEBUG:colcon.colcon_core.event_handler.log_command:Invoked command in '/home/sdc6/f1tenth_ws/build/teleop_tools_msgs' returned '0': CMAKE_PREFIX_PATH=${CMAKE_PREFIX_PATH}:/home/sdc6/f1tenth_ws/install/f1tenth_stack:/home/sdc6/f1tenth_ws/install/joy_teleop:/home/sdc6/f1tenth_ws/install/mouse_teleop:/home/sdc6/f1tenth_ws/install/kinematic_mpc:/home/sdc6/f1tenth_ws/install/key_teleop:/opt/ros/humble PS1=(test_env) \[\e]0;\u@\h: \w\a\]${debian_chroot:+($debian_chroot)}\[\033[01;32m\]\u@\h\[\033[00m\]:\[\033[01;34m\]\w\[\033[00m\]\$ VIRTUAL_ENV_PROMPT=(test_env) /usr/bin/cmake --build /home/sdc6/f1tenth_ws/build/teleop_tools_msgs -- -j6 -l6
[2.020s] DEBUG:colcon.colcon_core.event_handler.log_command:Invoking command in '/home/sdc6/f1tenth_ws/build/teleop_tools_msgs': CMAKE_PREFIX_PATH=${CMAKE_PREFIX_PATH}:/home/sdc6/f1tenth_ws/install/f1tenth_stack:/home/sdc6/f1tenth_ws/install/joy_teleop:/home/sdc6/f1tenth_ws/install/mouse_teleop:/home/sdc6/f1tenth_ws/install/kinematic_mpc:/home/sdc6/f1tenth_ws/install/key_teleop:/opt/ros/humble PS1=(test_env) \[\e]0;\u@\h: \w\a\]${debian_chroot:+($debian_chroot)}\[\033[01;32m\]\u@\h\[\033[00m\]:\[\033[01;34m\]\w\[\033[00m\]\$ VIRTUAL_ENV_PROMPT=(test_env) /usr/bin/cmake --install /home/sdc6/f1tenth_ws/build/teleop_tools_msgs
[2.021s] DEBUG:colcon.colcon_core.event_handler.log_command:Invoked command in '/home/sdc6/f1tenth_ws/build/vesc_msgs' returned '0': CMAKE_PREFIX_PATH=${CMAKE_PREFIX_PATH}:/home/sdc6/f1tenth_ws/install/f1tenth_stack:/home/sdc6/f1tenth_ws/install/joy_teleop:/home/sdc6/f1tenth_ws/install/mouse_teleop:/home/sdc6/f1tenth_ws/install/kinematic_mpc:/home/sdc6/f1tenth_ws/install/key_teleop:/opt/ros/humble PS1=(test_env) \[\e]0;\u@\h: \w\a\]${debian_chroot:+($debian_chroot)}\[\033[01;32m\]\u@\h\[\033[00m\]:\[\033[01;34m\]\w\[\033[00m\]\$ VIRTUAL_ENV_PROMPT=(test_env) /usr/bin/cmake --build /home/sdc6/f1tenth_ws/build/vesc_msgs -- -j6 -l6
[2.023s] DEBUG:colcon.colcon_core.event_handler.log_command:Invoking command in '/home/sdc6/f1tenth_ws/build/vesc_msgs': CMAKE_PREFIX_PATH=${CMAKE_PREFIX_PATH}:/home/sdc6/f1tenth_ws/install/f1tenth_stack:/home/sdc6/f1tenth_ws/install/joy_teleop:/home/sdc6/f1tenth_ws/install/mouse_teleop:/home/sdc6/f1tenth_ws/install/kinematic_mpc:/home/sdc6/f1tenth_ws/install/key_teleop:/opt/ros/humble PS1=(test_env) \[\e]0;\u@\h: \w\a\]${debian_chroot:+($debian_chroot)}\[\033[01;32m\]\u@\h\[\033[00m\]:\[\033[01;34m\]\w\[\033[00m\]\$ VIRTUAL_ENV_PROMPT=(test_env) /usr/bin/cmake --install /home/sdc6/f1tenth_ws/build/vesc_msgs
[2.049s] Level 1:colcon.colcon_core.environment:create_environment_scripts_only(ackermann_mux)
[2.055s] Level 1:colcon.colcon_core.environment:checking '/home/sdc6/f1tenth_ws/install/ackermann_mux' for CMake module files
[2.056s] Level 1:colcon.colcon_core.environment:checking '/home/sdc6/f1tenth_ws/install/ackermann_mux' for CMake config files
[2.068s] Level 1:colcon.colcon_core.shell:create_environment_hook('ackermann_mux', 'cmake_prefix_path')
[2.069s] INFO:colcon.colcon_core.shell:Creating environment hook '/home/sdc6/f1tenth_ws/install/ackermann_mux/share/ackermann_mux/hook/cmake_prefix_path.ps1'
[2.070s] INFO:colcon.colcon_core.shell:Creating environment descriptor '/home/sdc6/f1tenth_ws/install/ackermann_mux/share/ackermann_mux/hook/cmake_prefix_path.dsv'
[2.071s] INFO:colcon.colcon_core.shell:Creating environment hook '/home/sdc6/f1tenth_ws/install/ackermann_mux/share/ackermann_mux/hook/cmake_prefix_path.sh'
[2.073s] Level 1:colcon.colcon_core.environment:checking '/home/sdc6/f1tenth_ws/install/ackermann_mux/lib'
[2.073s] Level 1:colcon.colcon_core.environment:checking '/home/sdc6/f1tenth_ws/install/ackermann_mux/bin'
[2.073s] Level 1:colcon.colcon_core.environment:checking '/home/sdc6/f1tenth_ws/install/ackermann_mux/lib/pkgconfig/ackermann_mux.pc'
[2.074s] Level 1:colcon.colcon_core.environment:checking '/home/sdc6/f1tenth_ws/install/ackermann_mux/lib/python3.10/site-packages'
[2.074s] Level 1:colcon.colcon_core.environment:checking '/home/sdc6/f1tenth_ws/install/ackermann_mux/bin'
[2.075s] INFO:colcon.colcon_core.shell:Creating package script '/home/sdc6/f1tenth_ws/install/ackermann_mux/share/ackermann_mux/package.ps1'
[2.077s] INFO:colcon.colcon_core.shell:Creating package descriptor '/home/sdc6/f1tenth_ws/install/ackermann_mux/share/ackermann_mux/package.dsv'
[2.078s] INFO:colcon.colcon_core.shell:Creating package script '/home/sdc6/f1tenth_ws/install/ackermann_mux/share/ackermann_mux/package.sh'
[2.081s] INFO:colcon.colcon_core.shell:Creating package script '/home/sdc6/f1tenth_ws/install/ackermann_mux/share/ackermann_mux/package.bash'
[2.083s] INFO:colcon.colcon_core.shell:Creating package script '/home/sdc6/f1tenth_ws/install/ackermann_mux/share/ackermann_mux/package.zsh'
[2.087s] Level 1:colcon.colcon_core.environment:create_file_with_runtime_dependencies(/home/sdc6/f1tenth_ws/install/ackermann_mux/share/colcon-core/packages/ackermann_mux)
[2.089s] Level 1:colcon.colcon_core.environment:create_environment_scripts_only(ackermann_mux)
[2.089s] Level 1:colcon.colcon_core.environment:checking '/home/sdc6/f1tenth_ws/install/ackermann_mux' for CMake module files
[2.090s] Level 1:colcon.colcon_core.environment:checking '/home/sdc6/f1tenth_ws/install/ackermann_mux' for CMake config files
[2.091s] Level 1:colcon.colcon_core.shell:create_environment_hook('ackermann_mux', 'cmake_prefix_path')
[2.091s] INFO:colcon.colcon_core.shell:Creating environment hook '/home/sdc6/f1tenth_ws/install/ackermann_mux/share/ackermann_mux/hook/cmake_prefix_path.ps1'
[2.092s] INFO:colcon.colcon_core.shell:Creating environment descriptor '/home/sdc6/f1tenth_ws/install/ackermann_mux/share/ackermann_mux/hook/cmake_prefix_path.dsv'
[2.093s] INFO:colcon.colcon_core.shell:Creating environment hook '/home/sdc6/f1tenth_ws/install/ackermann_mux/share/ackermann_mux/hook/cmake_prefix_path.sh'
[2.094s] Level 1:colcon.colcon_core.environment:checking '/home/sdc6/f1tenth_ws/install/ackermann_mux/lib'
[2.095s] Level 1:colcon.colcon_core.environment:checking '/home/sdc6/f1tenth_ws/install/ackermann_mux/bin'
[2.095s] Level 1:colcon.colcon_core.environment:checking '/home/sdc6/f1tenth_ws/install/ackermann_mux/lib/pkgconfig/ackermann_mux.pc'
[2.095s] Level 1:colcon.colcon_core.environment:checking '/home/sdc6/f1tenth_ws/install/ackermann_mux/lib/python3.10/site-packages'
[2.096s] Level 1:colcon.colcon_core.environment:checking '/home/sdc6/f1tenth_ws/install/ackermann_mux/bin'
[2.097s] INFO:colcon.colcon_core.shell:Creating package script '/home/sdc6/f1tenth_ws/install/ackermann_mux/share/ackermann_mux/package.ps1'
[2.098s] INFO:colcon.colcon_core.shell:Creating package descriptor '/home/sdc6/f1tenth_ws/install/ackermann_mux/share/ackermann_mux/package.dsv'
[2.099s] INFO:colcon.colcon_core.shell:Creating package script '/home/sdc6/f1tenth_ws/install/ackermann_mux/share/ackermann_mux/package.sh'
[2.100s] INFO:colcon.colcon_core.shell:Creating package script '/home/sdc6/f1tenth_ws/install/ackermann_mux/share/ackermann_mux/package.bash'
[2.101s] INFO:colcon.colcon_core.shell:Creating package script '/home/sdc6/f1tenth_ws/install/ackermann_mux/share/ackermann_mux/package.zsh'
[2.102s] Level 1:colcon.colcon_core.environment:create_file_with_runtime_dependencies(/home/sdc6/f1tenth_ws/install/ackermann_mux/share/colcon-core/packages/ackermann_mux)
[2.102s] INFO:colcon.colcon_ros.task.ament_python.build:Building ROS package in '/home/sdc6/f1tenth_ws/src/f1tenth_system/teleop_tools/mouse_teleop' with build type 'ament_python'
[2.103s] Level 1:colcon.colcon_core.shell:create_environment_hook('mouse_teleop', 'ament_prefix_path')
[2.103s] INFO:colcon.colcon_core.shell:Creating environment hook '/home/sdc6/f1tenth_ws/install/mouse_teleop/share/mouse_teleop/hook/ament_prefix_path.ps1'
[2.105s] INFO:colcon.colcon_core.shell:Creating environment descriptor '/home/sdc6/f1tenth_ws/install/mouse_teleop/share/mouse_teleop/hook/ament_prefix_path.dsv'
[2.107s] INFO:colcon.colcon_core.shell:Creating environment hook '/home/sdc6/f1tenth_ws/install/mouse_teleop/share/mouse_teleop/hook/ament_prefix_path.sh'
[2.109s] INFO:colcon.colcon_core.shell:Skip shell extension 'powershell' for command environment: Not usable outside of PowerShell
[2.109s] DEBUG:colcon.colcon_core.shell:Skip shell extension 'dsv' for command environment
[2.112s] DEBUG:colcon.colcon_core.event_handler.log_command:Invoked command in '/home/sdc6/f1tenth_ws/build/ackermann_mux' returned '0': CMAKE_PREFIX_PATH=${CMAKE_PREFIX_PATH}:/home/sdc6/f1tenth_ws/install/f1tenth_stack:/home/sdc6/f1tenth_ws/install/joy_teleop:/home/sdc6/f1tenth_ws/install/mouse_teleop:/home/sdc6/f1tenth_ws/install/kinematic_mpc:/home/sdc6/f1tenth_ws/install/key_teleop:/opt/ros/humble PS1=(test_env) \[\e]0;\u@\h: \w\a\]${debian_chroot:+($debian_chroot)}\[\033[01;32m\]\u@\h\[\033[00m\]:\[\033[01;34m\]\w\[\033[00m\]\$ VIRTUAL_ENV_PROMPT=(test_env) /usr/bin/cmake --install /home/sdc6/f1tenth_ws/build/ackermann_mux
[2.697s] INFO:colcon.colcon_core.task.python.build:Building Python package in '/home/sdc6/f1tenth_ws/src/f1tenth_system/teleop_tools/mouse_teleop'
[2.697s] INFO:colcon.colcon_core.shell:Skip shell extension 'powershell' for command environment: Not usable outside of PowerShell
[2.698s] DEBUG:colcon.colcon_core.shell:Skip shell extension 'dsv' for command environment
[2.707s] Level 1:colcon.colcon_core.environment:create_environment_scripts_only(teleop_tools_msgs)
[2.708s] Level 1:colcon.colcon_core.environment:checking '/home/sdc6/f1tenth_ws/install/teleop_tools_msgs' for CMake module files
[2.709s] DEBUG:colcon.colcon_core.event_handler.log_command:Invoked command in '/home/sdc6/f1tenth_ws/build/teleop_tools_msgs' returned '0': CMAKE_PREFIX_PATH=${CMAKE_PREFIX_PATH}:/home/sdc6/f1tenth_ws/install/f1tenth_stack:/home/sdc6/f1tenth_ws/install/joy_teleop:/home/sdc6/f1tenth_ws/install/mouse_teleop:/home/sdc6/f1tenth_ws/install/kinematic_mpc:/home/sdc6/f1tenth_ws/install/key_teleop:/opt/ros/humble PS1=(test_env) \[\e]0;\u@\h: \w\a\]${debian_chroot:+($debian_chroot)}\[\033[01;32m\]\u@\h\[\033[00m\]:\[\033[01;34m\]\w\[\033[00m\]\$ VIRTUAL_ENV_PROMPT=(test_env) /usr/bin/cmake --install /home/sdc6/f1tenth_ws/build/teleop_tools_msgs
[2.710s] Level 1:colcon.colcon_core.environment:checking '/home/sdc6/f1tenth_ws/install/teleop_tools_msgs' for CMake config files
[2.711s] Level 1:colcon.colcon_core.shell:create_environment_hook('teleop_tools_msgs', 'cmake_prefix_path')
[2.711s] INFO:colcon.colcon_core.shell:Creating environment hook '/home/sdc6/f1tenth_ws/install/teleop_tools_msgs/share/teleop_tools_msgs/hook/cmake_prefix_path.ps1'
[2.713s] INFO:colcon.colcon_core.shell:Creating environment descriptor '/home/sdc6/f1tenth_ws/install/teleop_tools_msgs/share/teleop_tools_msgs/hook/cmake_prefix_path.dsv'
[2.713s] INFO:colcon.colcon_core.shell:Creating environment hook '/home/sdc6/f1tenth_ws/install/teleop_tools_msgs/share/teleop_tools_msgs/hook/cmake_prefix_path.sh'
[2.715s] Level 1:colcon.colcon_core.environment:checking '/home/sdc6/f1tenth_ws/install/teleop_tools_msgs/lib'
[2.715s] Level 1:colcon.colcon_core.shell:create_environment_hook('teleop_tools_msgs', 'ld_library_path_lib')
[2.715s] INFO:colcon.colcon_core.shell:Creating environment hook '/home/sdc6/f1tenth_ws/install/teleop_tools_msgs/share/teleop_tools_msgs/hook/ld_library_path_lib.ps1'
[2.716s] INFO:colcon.colcon_core.shell:Creating environment descriptor '/home/sdc6/f1tenth_ws/install/teleop_tools_msgs/share/teleop_tools_msgs/hook/ld_library_path_lib.dsv'
[2.717s] INFO:colcon.colcon_core.shell:Creating environment hook '/home/sdc6/f1tenth_ws/install/teleop_tools_msgs/share/teleop_tools_msgs/hook/ld_library_path_lib.sh'
[2.718s] Level 1:colcon.colcon_core.environment:checking '/home/sdc6/f1tenth_ws/install/teleop_tools_msgs/bin'
[2.718s] Level 1:colcon.colcon_core.environment:checking '/home/sdc6/f1tenth_ws/install/teleop_tools_msgs/lib/pkgconfig/teleop_tools_msgs.pc'
[2.718s] Level 1:colcon.colcon_core.environment:checking '/home/sdc6/f1tenth_ws/install/teleop_tools_msgs/lib/python3.10/site-packages'
[2.719s] Level 1:colcon.colcon_core.environment:checking '/home/sdc6/f1tenth_ws/install/teleop_tools_msgs/bin'
[2.720s] INFO:colcon.colcon_core.shell:Creating package script '/home/sdc6/f1tenth_ws/install/teleop_tools_msgs/share/teleop_tools_msgs/package.ps1'
[2.721s] INFO:colcon.colcon_core.shell:Creating package descriptor '/home/sdc6/f1tenth_ws/install/teleop_tools_msgs/share/teleop_tools_msgs/package.dsv'
[2.722s] INFO:colcon.colcon_core.shell:Creating package script '/home/sdc6/f1tenth_ws/install/teleop_tools_msgs/share/teleop_tools_msgs/package.sh'
[2.723s] INFO:colcon.colcon_core.shell:Creating package script '/home/sdc6/f1tenth_ws/install/teleop_tools_msgs/share/teleop_tools_msgs/package.bash'
[2.723s] INFO:colcon.colcon_core.shell:Creating package script '/home/sdc6/f1tenth_ws/install/teleop_tools_msgs/share/teleop_tools_msgs/package.zsh'
[2.724s] Level 1:colcon.colcon_core.environment:create_file_with_runtime_dependencies(/home/sdc6/f1tenth_ws/install/teleop_tools_msgs/share/colcon-core/packages/teleop_tools_msgs)
[2.726s] Level 1:colcon.colcon_core.environment:create_environment_scripts_only(teleop_tools_msgs)
[2.726s] Level 1:colcon.colcon_core.environment:checking '/home/sdc6/f1tenth_ws/install/teleop_tools_msgs' for CMake module files
[2.727s] Level 1:colcon.colcon_core.environment:checking '/home/sdc6/f1tenth_ws/install/teleop_tools_msgs' for CMake config files
[2.728s] Level 1:colcon.colcon_core.shell:create_environment_hook('teleop_tools_msgs', 'cmake_prefix_path')
[2.728s] INFO:colcon.colcon_core.shell:Creating environment hook '/home/sdc6/f1tenth_ws/install/teleop_tools_msgs/share/teleop_tools_msgs/hook/cmake_prefix_path.ps1'
[2.729s] INFO:colcon.colcon_core.shell:Creating environment descriptor '/home/sdc6/f1tenth_ws/install/teleop_tools_msgs/share/teleop_tools_msgs/hook/cmake_prefix_path.dsv'
[2.730s] INFO:colcon.colcon_core.shell:Creating environment hook '/home/sdc6/f1tenth_ws/install/teleop_tools_msgs/share/teleop_tools_msgs/hook/cmake_prefix_path.sh'
[2.731s] Level 1:colcon.colcon_core.environment:checking '/home/sdc6/f1tenth_ws/install/teleop_tools_msgs/lib'
[2.731s] Level 1:colcon.colcon_core.shell:create_environment_hook('teleop_tools_msgs', 'ld_library_path_lib')
[2.732s] INFO:colcon.colcon_core.shell:Creating environment hook '/home/sdc6/f1tenth_ws/install/teleop_tools_msgs/share/teleop_tools_msgs/hook/ld_library_path_lib.ps1'
[2.733s] INFO:colcon.colcon_core.shell:Creating environment descriptor '/home/sdc6/f1tenth_ws/install/teleop_tools_msgs/share/teleop_tools_msgs/hook/ld_library_path_lib.dsv'
[2.733s] INFO:colcon.colcon_core.shell:Creating environment hook '/home/sdc6/f1tenth_ws/install/teleop_tools_msgs/share/teleop_tools_msgs/hook/ld_library_path_lib.sh'
[2.734s] Level 1:colcon.colcon_core.environment:checking '/home/sdc6/f1tenth_ws/install/teleop_tools_msgs/bin'
[2.734s] Level 1:colcon.colcon_core.environment:checking '/home/sdc6/f1tenth_ws/install/teleop_tools_msgs/lib/pkgconfig/teleop_tools_msgs.pc'
[2.734s] Level 1:colcon.colcon_core.environment:checking '/home/sdc6/f1tenth_ws/install/teleop_tools_msgs/lib/python3.10/site-packages'
[2.735s] Level 1:colcon.colcon_core.environment:checking '/home/sdc6/f1tenth_ws/install/teleop_tools_msgs/bin'
[2.736s] INFO:colcon.colcon_core.shell:Creating package script '/home/sdc6/f1tenth_ws/install/teleop_tools_msgs/share/teleop_tools_msgs/package.ps1'
[2.737s] INFO:colcon.colcon_core.shell:Creating package descriptor '/home/sdc6/f1tenth_ws/install/teleop_tools_msgs/share/teleop_tools_msgs/package.dsv'
[2.738s] INFO:colcon.colcon_core.shell:Creating package script '/home/sdc6/f1tenth_ws/install/teleop_tools_msgs/share/teleop_tools_msgs/package.sh'
[2.739s] INFO:colcon.colcon_core.shell:Creating package script '/home/sdc6/f1tenth_ws/install/teleop_tools_msgs/share/teleop_tools_msgs/package.bash'
[2.740s] INFO:colcon.colcon_core.shell:Creating package script '/home/sdc6/f1tenth_ws/install/teleop_tools_msgs/share/teleop_tools_msgs/package.zsh'
[2.741s] Level 1:colcon.colcon_core.environment:create_file_with_runtime_dependencies(/home/sdc6/f1tenth_ws/install/teleop_tools_msgs/share/colcon-core/packages/teleop_tools_msgs)
[2.744s] INFO:colcon.colcon_ros.task.ament_python.build:Building ROS package in '/home/sdc6/f1tenth_ws/src/f1tenth_system/teleop_tools/joy_teleop' with build type 'ament_python'
[2.744s] Level 1:colcon.colcon_core.shell:create_environment_hook('joy_teleop', 'ament_prefix_path')
[2.745s] INFO:colcon.colcon_core.shell:Creating environment hook '/home/sdc6/f1tenth_ws/install/joy_teleop/share/joy_teleop/hook/ament_prefix_path.ps1'
[2.746s] INFO:colcon.colcon_core.shell:Creating environment descriptor '/home/sdc6/f1tenth_ws/install/joy_teleop/share/joy_teleop/hook/ament_prefix_path.dsv'
[2.747s] INFO:colcon.colcon_core.shell:Creating environment hook '/home/sdc6/f1tenth_ws/install/joy_teleop/share/joy_teleop/hook/ament_prefix_path.sh'
[2.748s] INFO:colcon.colcon_core.shell:Skip shell extension 'powershell' for command environment: Not usable outside of PowerShell
[2.748s] DEBUG:colcon.colcon_core.shell:Skip shell extension 'dsv' for command environment
[2.756s] Level 1:colcon.colcon_core.environment:create_environment_scripts_only(vesc_msgs)
[2.756s] Level 1:colcon.colcon_core.environment:checking '/home/sdc6/f1tenth_ws/install/vesc_msgs' for CMake module files
[2.757s] DEBUG:colcon.colcon_core.event_handler.log_command:Invoked command in '/home/sdc6/f1tenth_ws/build/vesc_msgs' returned '0': CMAKE_PREFIX_PATH=${CMAKE_PREFIX_PATH}:/home/sdc6/f1tenth_ws/install/f1tenth_stack:/home/sdc6/f1tenth_ws/install/joy_teleop:/home/sdc6/f1tenth_ws/install/mouse_teleop:/home/sdc6/f1tenth_ws/install/kinematic_mpc:/home/sdc6/f1tenth_ws/install/key_teleop:/opt/ros/humble PS1=(test_env) \[\e]0;\u@\h: \w\a\]${debian_chroot:+($debian_chroot)}\[\033[01;32m\]\u@\h\[\033[00m\]:\[\033[01;34m\]\w\[\033[00m\]\$ VIRTUAL_ENV_PROMPT=(test_env) /usr/bin/cmake --install /home/sdc6/f1tenth_ws/build/vesc_msgs
[2.758s] Level 1:colcon.colcon_core.environment:checking '/home/sdc6/f1tenth_ws/install/vesc_msgs' for CMake config files
[2.759s] Level 1:colcon.colcon_core.shell:create_environment_hook('vesc_msgs', 'cmake_prefix_path')
[2.759s] INFO:colcon.colcon_core.shell:Creating environment hook '/home/sdc6/f1tenth_ws/install/vesc_msgs/share/vesc_msgs/hook/cmake_prefix_path.ps1'
[2.760s] INFO:colcon.colcon_core.shell:Creating environment descriptor '/home/sdc6/f1tenth_ws/install/vesc_msgs/share/vesc_msgs/hook/cmake_prefix_path.dsv'
[2.761s] INFO:colcon.colcon_core.shell:Creating environment hook '/home/sdc6/f1tenth_ws/install/vesc_msgs/share/vesc_msgs/hook/cmake_prefix_path.sh'
[2.762s] Level 1:colcon.colcon_core.environment:checking '/home/sdc6/f1tenth_ws/install/vesc_msgs/lib'
[2.763s] Level 1:colcon.colcon_core.shell:create_environment_hook('vesc_msgs', 'ld_library_path_lib')
[2.763s] INFO:colcon.colcon_core.shell:Creating environment hook '/home/sdc6/f1tenth_ws/install/vesc_msgs/share/vesc_msgs/hook/ld_library_path_lib.ps1'
[2.764s] INFO:colcon.colcon_core.shell:Creating environment descriptor '/home/sdc6/f1tenth_ws/install/vesc_msgs/share/vesc_msgs/hook/ld_library_path_lib.dsv'
[2.765s] INFO:colcon.colcon_core.shell:Creating environment hook '/home/sdc6/f1tenth_ws/install/vesc_msgs/share/vesc_msgs/hook/ld_library_path_lib.sh'
[2.765s] Level 1:colcon.colcon_core.environment:checking '/home/sdc6/f1tenth_ws/install/vesc_msgs/bin'
[2.765s] Level 1:colcon.colcon_core.environment:checking '/home/sdc6/f1tenth_ws/install/vesc_msgs/lib/pkgconfig/vesc_msgs.pc'
[2.766s] Level 1:colcon.colcon_core.environment:checking '/home/sdc6/f1tenth_ws/install/vesc_msgs/lib/python3.10/site-packages'
[2.767s] Level 1:colcon.colcon_core.environment:checking '/home/sdc6/f1tenth_ws/install/vesc_msgs/bin'
[2.767s] INFO:colcon.colcon_core.shell:Creating package script '/home/sdc6/f1tenth_ws/install/vesc_msgs/share/vesc_msgs/package.ps1'
[2.768s] INFO:colcon.colcon_core.shell:Creating package descriptor '/home/sdc6/f1tenth_ws/install/vesc_msgs/share/vesc_msgs/package.dsv'
[2.769s] INFO:colcon.colcon_core.shell:Creating package script '/home/sdc6/f1tenth_ws/install/vesc_msgs/share/vesc_msgs/package.sh'
[2.770s] INFO:colcon.colcon_core.shell:Creating package script '/home/sdc6/f1tenth_ws/install/vesc_msgs/share/vesc_msgs/package.bash'
[2.771s] INFO:colcon.colcon_core.shell:Creating package script '/home/sdc6/f1tenth_ws/install/vesc_msgs/share/vesc_msgs/package.zsh'
[2.771s] Level 1:colcon.colcon_core.environment:create_file_with_runtime_dependencies(/home/sdc6/f1tenth_ws/install/vesc_msgs/share/colcon-core/packages/vesc_msgs)
[2.773s] Level 1:colcon.colcon_core.environment:create_environment_scripts_only(vesc_msgs)
[2.773s] Level 1:colcon.colcon_core.environment:checking '/home/sdc6/f1tenth_ws/install/vesc_msgs' for CMake module files
[2.774s] Level 1:colcon.colcon_core.environment:checking '/home/sdc6/f1tenth_ws/install/vesc_msgs' for CMake config files
[2.775s] Level 1:colcon.colcon_core.shell:create_environment_hook('vesc_msgs', 'cmake_prefix_path')
[2.775s] INFO:colcon.colcon_core.shell:Creating environment hook '/home/sdc6/f1tenth_ws/install/vesc_msgs/share/vesc_msgs/hook/cmake_prefix_path.ps1'
[2.776s] INFO:colcon.colcon_core.shell:Creating environment descriptor '/home/sdc6/f1tenth_ws/install/vesc_msgs/share/vesc_msgs/hook/cmake_prefix_path.dsv'
[2.777s] INFO:colcon.colcon_core.shell:Creating environment hook '/home/sdc6/f1tenth_ws/install/vesc_msgs/share/vesc_msgs/hook/cmake_prefix_path.sh'
[2.778s] Level 1:colcon.colcon_core.environment:checking '/home/sdc6/f1tenth_ws/install/vesc_msgs/lib'
[2.778s] Level 1:colcon.colcon_core.shell:create_environment_hook('vesc_msgs', 'ld_library_path_lib')
[2.779s] INFO:colcon.colcon_core.shell:Creating environment hook '/home/sdc6/f1tenth_ws/install/vesc_msgs/share/vesc_msgs/hook/ld_library_path_lib.ps1'
[2.780s] INFO:colcon.colcon_core.shell:Creating environment descriptor '/home/sdc6/f1tenth_ws/install/vesc_msgs/share/vesc_msgs/hook/ld_library_path_lib.dsv'
[2.780s] INFO:colcon.colcon_core.shell:Creating environment hook '/home/sdc6/f1tenth_ws/install/vesc_msgs/share/vesc_msgs/hook/ld_library_path_lib.sh'
[2.781s] Level 1:colcon.colcon_core.environment:checking '/home/sdc6/f1tenth_ws/install/vesc_msgs/bin'
[2.781s] Level 1:colcon.colcon_core.environment:checking '/home/sdc6/f1tenth_ws/install/vesc_msgs/lib/pkgconfig/vesc_msgs.pc'
[2.782s] Level 1:colcon.colcon_core.environment:checking '/home/sdc6/f1tenth_ws/install/vesc_msgs/lib/python3.10/site-packages'
[2.782s] Level 1:colcon.colcon_core.environment:checking '/home/sdc6/f1tenth_ws/install/vesc_msgs/bin'
[2.783s] INFO:colcon.colcon_core.shell:Creating package script '/home/sdc6/f1tenth_ws/install/vesc_msgs/share/vesc_msgs/package.ps1'
[2.785s] INFO:colcon.colcon_core.shell:Creating package descriptor '/home/sdc6/f1tenth_ws/install/vesc_msgs/share/vesc_msgs/package.dsv'
[2.786s] INFO:colcon.colcon_core.shell:Creating package script '/home/sdc6/f1tenth_ws/install/vesc_msgs/share/vesc_msgs/package.sh'
[2.787s] INFO:colcon.colcon_core.shell:Creating package script '/home/sdc6/f1tenth_ws/install/vesc_msgs/share/vesc_msgs/package.bash'
[2.788s] INFO:colcon.colcon_core.shell:Creating package script '/home/sdc6/f1tenth_ws/install/vesc_msgs/share/vesc_msgs/package.zsh'
[2.789s] Level 1:colcon.colcon_core.environment:create_file_with_runtime_dependencies(/home/sdc6/f1tenth_ws/install/vesc_msgs/share/colcon-core/packages/vesc_msgs)
[2.791s] INFO:colcon.colcon_ros.task.ament_cmake.build:Building ROS package in '/home/sdc6/f1tenth_ws/src/f1tenth_system/vesc/vesc_ackermann' with build type 'ament_cmake'
[2.791s] INFO:colcon.colcon_cmake.task.cmake.build:Building CMake package in '/home/sdc6/f1tenth_ws/src/f1tenth_system/vesc/vesc_ackermann'
[2.792s] INFO:colcon.colcon_core.shell:Skip shell extension 'powershell' for command environment: Not usable outside of PowerShell
[2.792s] DEBUG:colcon.colcon_core.shell:Skip shell extension 'dsv' for command environment
[2.805s] DEBUG:colcon.colcon_core.event_handler.log_command:Invoking command in '/home/sdc6/f1tenth_ws/src/f1tenth_mpc': PS1=(test_env) \[\e]0;\u@\h: \w\a\]${debian_chroot:+($debian_chroot)}\[\033[01;32m\]\u@\h\[\033[00m\]:\[\033[01;34m\]\w\[\033[00m\]\$ PYTHONPATH=/home/sdc6/f1tenth_ws/build/kinematic_mpc/prefix_override:/usr/lib/python3/dist-packages/colcon_core/task/python/colcon_distutils_commands:/home/sdc6/f1tenth_ws/install/kinematic_mpc/lib/python3.10/site-packages:${PYTHONPATH} VIRTUAL_ENV_PROMPT=(test_env) /usr/bin/python3 -W ignore:setup.py install is deprecated -W ignore:easy_install command is deprecated setup.py egg_info --egg-base ../../build/kinematic_mpc build --build-base /home/sdc6/f1tenth_ws/build/kinematic_mpc/build install --record /home/sdc6/f1tenth_ws/build/kinematic_mpc/install.log --install-scripts $base/lib/kinematic_mpc --single-version-externally-managed install_data
[2.809s] DEBUG:colcon.colcon_core.event_handler.log_command:Invoking command in '/home/sdc6/f1tenth_ws/src/f1tenth_system/teleop_tools/key_teleop': PS1=(test_env) \[\e]0;\u@\h: \w\a\]${debian_chroot:+($debian_chroot)}\[\033[01;32m\]\u@\h\[\033[00m\]:\[\033[01;34m\]\w\[\033[00m\]\$ PYTHONPATH=/home/sdc6/f1tenth_ws/build/key_teleop/prefix_override:/usr/lib/python3/dist-packages/colcon_core/task/python/colcon_distutils_commands:/home/sdc6/f1tenth_ws/install/key_teleop/lib/python3.10/site-packages:${PYTHONPATH} VIRTUAL_ENV_PROMPT=(test_env) /usr/bin/python3 -W ignore:setup.py install is deprecated -W ignore:easy_install command is deprecated setup.py egg_info --egg-base ../../../../build/key_teleop build --build-base /home/sdc6/f1tenth_ws/build/key_teleop/build install --record /home/sdc6/f1tenth_ws/build/key_teleop/install.log --single-version-externally-managed install_data
[3.368s] INFO:colcon.colcon_core.task.python.build:Building Python package in '/home/sdc6/f1tenth_ws/src/f1tenth_system/teleop_tools/joy_teleop'
[3.369s] INFO:colcon.colcon_core.shell:Skip shell extension 'powershell' for command environment: Not usable outside of PowerShell
[3.369s] DEBUG:colcon.colcon_core.shell:Skip shell extension 'dsv' for command environment
[3.383s] DEBUG:colcon.colcon_core.event_handler.log_command:Invoking command in '/home/sdc6/f1tenth_ws/build/vesc_ackermann': CMAKE_PREFIX_PATH=/home/sdc6/f1tenth_ws/install/vesc_msgs:/home/sdc6/f1tenth_ws/install/vesc:/home/sdc6/f1tenth_ws/install/vesc_driver:/home/sdc6/f1tenth_ws/install/vesc_ackermann:/home/sdc6/f1tenth_ws/install/teleop_tools:/home/sdc6/f1tenth_ws/install/teleop_tools_msgs:/home/sdc6/f1tenth_ws/install/ackermann_mux:/home/sdc6/f1tenth_ws/install/f1tenth_stack:/home/sdc6/f1tenth_ws/install/joy_teleop:/home/sdc6/f1tenth_ws/install/mouse_teleop:/home/sdc6/f1tenth_ws/install/kinematic_mpc:/home/sdc6/f1tenth_ws/install/key_teleop:/opt/ros/humble LD_LIBRARY_PATH=/home/sdc6/f1tenth_ws/install/vesc_msgs/lib:/home/sdc6/f1tenth_ws/install/vesc_driver/lib:/home/sdc6/f1tenth_ws/install/vesc_ackermann/lib:/home/sdc6/f1tenth_ws/install/teleop_tools_msgs/lib:/usr/local/cuda/lib64:/opt/ros/humble/opt/rviz_ogre_vendor/lib:/opt/ros/humble/lib/aarch64-linux-gnu:/opt/ros/humble/lib:/usr/local/cuda-12.6/lib64 PS1=(test_env) \[\e]0;\u@\h: \w\a\]${debian_chroot:+($debian_chroot)}\[\033[01;32m\]\u@\h\[\033[00m\]:\[\033[01;34m\]\w\[\033[00m\]\$ VIRTUAL_ENV_PROMPT=(test_env) /usr/bin/cmake --build /home/sdc6/f1tenth_ws/build/vesc_ackermann -- -j6 -l6
[3.387s] DEBUG:colcon.colcon_core.event_handler.log_command:Invoked command in '/home/sdc6/f1tenth_ws/build/f1tenth_mppi' returned '0': CMAKE_PREFIX_PATH=${CMAKE_PREFIX_PATH}:/home/sdc6/f1tenth_ws/install/f1tenth_stack:/home/sdc6/f1tenth_ws/install/joy_teleop:/home/sdc6/f1tenth_ws/install/mouse_teleop:/home/sdc6/f1tenth_ws/install/kinematic_mpc:/home/sdc6/f1tenth_ws/install/key_teleop:/opt/ros/humble PS1=(test_env) \[\e]0;\u@\h: \w\a\]${debian_chroot:+($debian_chroot)}\[\033[01;32m\]\u@\h\[\033[00m\]:\[\033[01;34m\]\w\[\033[00m\]\$ VIRTUAL_ENV_PROMPT=(test_env) /usr/bin/cmake /home/sdc6/f1tenth_ws/src/f1tenth_mppi -DCMAKE_INSTALL_PREFIX=/home/sdc6/f1tenth_ws/install/f1tenth_mppi
[3.389s] DEBUG:colcon.colcon_core.event_handler.log_command:Invoking command in '/home/sdc6/f1tenth_ws/build/f1tenth_mppi': CMAKE_PREFIX_PATH=${CMAKE_PREFIX_PATH}:/home/sdc6/f1tenth_ws/install/f1tenth_stack:/home/sdc6/f1tenth_ws/install/joy_teleop:/home/sdc6/f1tenth_ws/install/mouse_teleop:/home/sdc6/f1tenth_ws/install/kinematic_mpc:/home/sdc6/f1tenth_ws/install/key_teleop:/opt/ros/humble PS1=(test_env) \[\e]0;\u@\h: \w\a\]${debian_chroot:+($debian_chroot)}\[\033[01;32m\]\u@\h\[\033[00m\]:\[\033[01;34m\]\w\[\033[00m\]\$ VIRTUAL_ENV_PROMPT=(test_env) /usr/bin/cmake --build /home/sdc6/f1tenth_ws/build/f1tenth_mppi -- -j6 -l6
[3.450s] Level 1:colcon.colcon_core.environment:checking '/home/sdc6/f1tenth_ws/install/kinematic_mpc' for CMake module files
[3.451s] DEBUG:colcon.colcon_core.event_handler.log_command:Invoked command in '/home/sdc6/f1tenth_ws/src/f1tenth_mpc' returned '0': PS1=(test_env) \[\e]0;\u@\h: \w\a\]${debian_chroot:+($debian_chroot)}\[\033[01;32m\]\u@\h\[\033[00m\]:\[\033[01;34m\]\w\[\033[00m\]\$ PYTHONPATH=/home/sdc6/f1tenth_ws/build/kinematic_mpc/prefix_override:/usr/lib/python3/dist-packages/colcon_core/task/python/colcon_distutils_commands:/home/sdc6/f1tenth_ws/install/kinematic_mpc/lib/python3.10/site-packages:${PYTHONPATH} VIRTUAL_ENV_PROMPT=(test_env) /usr/bin/python3 -W ignore:setup.py install is deprecated -W ignore:easy_install command is deprecated setup.py egg_info --egg-base ../../build/kinematic_mpc build --build-base /home/sdc6/f1tenth_ws/build/kinematic_mpc/build install --record /home/sdc6/f1tenth_ws/build/kinematic_mpc/install.log --install-scripts $base/lib/kinematic_mpc --single-version-externally-managed install_data
[3.452s] Level 1:colcon.colcon_core.environment:checking '/home/sdc6/f1tenth_ws/install/kinematic_mpc' for CMake config files
[3.453s] Level 1:colcon.colcon_core.environment:checking '/home/sdc6/f1tenth_ws/install/kinematic_mpc/lib'
[3.453s] Level 1:colcon.colcon_core.environment:checking '/home/sdc6/f1tenth_ws/install/kinematic_mpc/bin'
[3.453s] Level 1:colcon.colcon_core.environment:checking '/home/sdc6/f1tenth_ws/install/kinematic_mpc/lib/pkgconfig/kinematic_mpc.pc'
[3.454s] Level 1:colcon.colcon_core.environment:checking '/home/sdc6/f1tenth_ws/install/kinematic_mpc/lib/python3.10/site-packages'
[3.454s] Level 1:colcon.colcon_core.shell:create_environment_hook('kinematic_mpc', 'pythonpath')
[3.454s] INFO:colcon.colcon_core.shell:Creating environment hook '/home/sdc6/f1tenth_ws/install/kinematic_mpc/share/kinematic_mpc/hook/pythonpath.ps1'
[3.455s] INFO:colcon.colcon_core.shell:Creating environment descriptor '/home/sdc6/f1tenth_ws/install/kinematic_mpc/share/kinematic_mpc/hook/pythonpath.dsv'
[3.456s] INFO:colcon.colcon_core.shell:Creating environment hook '/home/sdc6/f1tenth_ws/install/kinematic_mpc/share/kinematic_mpc/hook/pythonpath.sh'
[3.458s] Level 1:colcon.colcon_core.environment:checking '/home/sdc6/f1tenth_ws/install/kinematic_mpc/bin'
[3.458s] Level 1:colcon.colcon_core.environment:create_environment_scripts_only(kinematic_mpc)
[3.459s] INFO:colcon.colcon_core.shell:Creating package script '/home/sdc6/f1tenth_ws/install/kinematic_mpc/share/kinematic_mpc/package.ps1'
[3.461s] INFO:colcon.colcon_core.shell:Creating package descriptor '/home/sdc6/f1tenth_ws/install/kinematic_mpc/share/kinematic_mpc/package.dsv'
[3.462s] INFO:colcon.colcon_core.shell:Creating package script '/home/sdc6/f1tenth_ws/install/kinematic_mpc/share/kinematic_mpc/package.sh'
[3.463s] INFO:colcon.colcon_core.shell:Creating package script '/home/sdc6/f1tenth_ws/install/kinematic_mpc/share/kinematic_mpc/package.bash'
[3.463s] INFO:colcon.colcon_core.shell:Creating package script '/home/sdc6/f1tenth_ws/install/kinematic_mpc/share/kinematic_mpc/package.zsh'
[3.464s] Level 1:colcon.colcon_core.environment:create_file_with_runtime_dependencies(/home/sdc6/f1tenth_ws/install/kinematic_mpc/share/colcon-core/packages/kinematic_mpc)
[3.465s] INFO:colcon.colcon_ros.task.ament_cmake.build:Building ROS package in '/home/sdc6/f1tenth_ws/src/f1tenth_system/vesc/vesc_driver' with build type 'ament_cmake'
[3.466s] INFO:colcon.colcon_cmake.task.cmake.build:Building CMake package in '/home/sdc6/f1tenth_ws/src/f1tenth_system/vesc/vesc_driver'
[3.466s] INFO:colcon.colcon_core.shell:Skip shell extension 'powershell' for command environment: Not usable outside of PowerShell
[3.466s] DEBUG:colcon.colcon_core.shell:Skip shell extension 'dsv' for command environment
[3.487s] Level 1:colcon.colcon_core.environment:checking '/home/sdc6/f1tenth_ws/install/key_teleop' for CMake module files
[3.489s] Level 1:colcon.colcon_core.environment:checking '/home/sdc6/f1tenth_ws/install/key_teleop' for CMake config files
[3.490s] Level 1:colcon.colcon_core.environment:checking '/home/sdc6/f1tenth_ws/install/key_teleop/lib'
[3.490s] Level 1:colcon.colcon_core.environment:checking '/home/sdc6/f1tenth_ws/install/key_teleop/bin'
[3.490s] Level 1:colcon.colcon_core.environment:checking '/home/sdc6/f1tenth_ws/install/key_teleop/lib/pkgconfig/key_teleop.pc'
[3.491s] Level 1:colcon.colcon_core.environment:checking '/home/sdc6/f1tenth_ws/install/key_teleop/lib/python3.10/site-packages'
[3.491s] Level 1:colcon.colcon_core.shell:create_environment_hook('key_teleop', 'pythonpath')
[3.491s] INFO:colcon.colcon_core.shell:Creating environment hook '/home/sdc6/f1tenth_ws/install/key_teleop/share/key_teleop/hook/pythonpath.ps1'
[3.493s] DEBUG:colcon.colcon_core.event_handler.log_command:Invoked command in '/home/sdc6/f1tenth_ws/src/f1tenth_system/teleop_tools/key_teleop' returned '0': PS1=(test_env) \[\e]0;\u@\h: \w\a\]${debian_chroot:+($debian_chroot)}\[\033[01;32m\]\u@\h\[\033[00m\]:\[\033[01;34m\]\w\[\033[00m\]\$ PYTHONPATH=/home/sdc6/f1tenth_ws/build/key_teleop/prefix_override:/usr/lib/python3/dist-packages/colcon_core/task/python/colcon_distutils_commands:/home/sdc6/f1tenth_ws/install/key_teleop/lib/python3.10/site-packages:${PYTHONPATH} VIRTUAL_ENV_PROMPT=(test_env) /usr/bin/python3 -W ignore:setup.py install is deprecated -W ignore:easy_install command is deprecated setup.py egg_info --egg-base ../../../../build/key_teleop build --build-base /home/sdc6/f1tenth_ws/build/key_teleop/build install --record /home/sdc6/f1tenth_ws/build/key_teleop/install.log --single-version-externally-managed install_data
[3.494s] INFO:colcon.colcon_core.shell:Creating environment descriptor '/home/sdc6/f1tenth_ws/install/key_teleop/share/key_teleop/hook/pythonpath.dsv'
[3.494s] INFO:colcon.colcon_core.shell:Creating environment hook '/home/sdc6/f1tenth_ws/install/key_teleop/share/key_teleop/hook/pythonpath.sh'
[3.496s] Level 1:colcon.colcon_core.environment:checking '/home/sdc6/f1tenth_ws/install/key_teleop/bin'
[3.496s] Level 1:colcon.colcon_core.environment:create_environment_scripts_only(key_teleop)
[3.497s] INFO:colcon.colcon_core.shell:Creating package script '/home/sdc6/f1tenth_ws/install/key_teleop/share/key_teleop/package.ps1'
[3.498s] INFO:colcon.colcon_core.shell:Creating package descriptor '/home/sdc6/f1tenth_ws/install/key_teleop/share/key_teleop/package.dsv'
[3.500s] INFO:colcon.colcon_core.shell:Creating package script '/home/sdc6/f1tenth_ws/install/key_teleop/share/key_teleop/package.sh'
[3.501s] INFO:colcon.colcon_core.shell:Creating package script '/home/sdc6/f1tenth_ws/install/key_teleop/share/key_teleop/package.bash'
[3.501s] INFO:colcon.colcon_core.shell:Creating package script '/home/sdc6/f1tenth_ws/install/key_teleop/share/key_teleop/package.zsh'
[3.502s] Level 1:colcon.colcon_core.environment:create_file_with_runtime_dependencies(/home/sdc6/f1tenth_ws/install/key_teleop/share/colcon-core/packages/key_teleop)
[3.510s] DEBUG:colcon.colcon_core.event_handler.log_command:Invoking command in '/home/sdc6/f1tenth_ws/build/vesc_driver': CMAKE_PREFIX_PATH=/home/sdc6/f1tenth_ws/install/vesc_msgs:/home/sdc6/f1tenth_ws/install/vesc:/home/sdc6/f1tenth_ws/install/vesc_driver:/home/sdc6/f1tenth_ws/install/vesc_ackermann:/home/sdc6/f1tenth_ws/install/teleop_tools:/home/sdc6/f1tenth_ws/install/teleop_tools_msgs:/home/sdc6/f1tenth_ws/install/ackermann_mux:/home/sdc6/f1tenth_ws/install/f1tenth_stack:/home/sdc6/f1tenth_ws/install/joy_teleop:/home/sdc6/f1tenth_ws/install/mouse_teleop:/home/sdc6/f1tenth_ws/install/kinematic_mpc:/home/sdc6/f1tenth_ws/install/key_teleop:/opt/ros/humble LD_LIBRARY_PATH=/home/sdc6/f1tenth_ws/install/vesc_msgs/lib:/home/sdc6/f1tenth_ws/install/vesc_driver/lib:/home/sdc6/f1tenth_ws/install/vesc_ackermann/lib:/home/sdc6/f1tenth_ws/install/teleop_tools_msgs/lib:/usr/local/cuda/lib64:/opt/ros/humble/opt/rviz_ogre_vendor/lib:/opt/ros/humble/lib/aarch64-linux-gnu:/opt/ros/humble/lib:/usr/local/cuda-12.6/lib64 PS1=(test_env) \[\e]0;\u@\h: \w\a\]${debian_chroot:+($debian_chroot)}\[\033[01;32m\]\u@\h\[\033[00m\]:\[\033[01;34m\]\w\[\033[00m\]\$ VIRTUAL_ENV_PROMPT=(test_env) /usr/bin/cmake --build /home/sdc6/f1tenth_ws/build/vesc_driver -- -j6 -l6
[3.563s] DEBUG:colcon.colcon_core.event_handler.log_command:Invoking command in '/home/sdc6/f1tenth_ws/src/f1tenth_system/teleop_tools/mouse_teleop': PS1=(test_env) \[\e]0;\u@\h: \w\a\]${debian_chroot:+($debian_chroot)}\[\033[01;32m\]\u@\h\[\033[00m\]:\[\033[01;34m\]\w\[\033[00m\]\$ PYTHONPATH=/home/sdc6/f1tenth_ws/build/mouse_teleop/prefix_override:/usr/lib/python3/dist-packages/colcon_core/task/python/colcon_distutils_commands:/home/sdc6/f1tenth_ws/install/mouse_teleop/lib/python3.10/site-packages:${PYTHONPATH} VIRTUAL_ENV_PROMPT=(test_env) /usr/bin/python3 -W ignore:setup.py install is deprecated -W ignore:easy_install command is deprecated setup.py egg_info --egg-base ../../../../build/mouse_teleop build --build-base /home/sdc6/f1tenth_ws/build/mouse_teleop/build install --record /home/sdc6/f1tenth_ws/build/mouse_teleop/install.log --single-version-externally-managed install_data
[3.566s] DEBUG:colcon.colcon_core.event_handler.log_command:Invoked command in '/home/sdc6/f1tenth_ws/build/vesc_ackermann' returned '0': CMAKE_PREFIX_PATH=/home/sdc6/f1tenth_ws/install/vesc_msgs:/home/sdc6/f1tenth_ws/install/vesc:/home/sdc6/f1tenth_ws/install/vesc_driver:/home/sdc6/f1tenth_ws/install/vesc_ackermann:/home/sdc6/f1tenth_ws/install/teleop_tools:/home/sdc6/f1tenth_ws/install/teleop_tools_msgs:/home/sdc6/f1tenth_ws/install/ackermann_mux:/home/sdc6/f1tenth_ws/install/f1tenth_stack:/home/sdc6/f1tenth_ws/install/joy_teleop:/home/sdc6/f1tenth_ws/install/mouse_teleop:/home/sdc6/f1tenth_ws/install/kinematic_mpc:/home/sdc6/f1tenth_ws/install/key_teleop:/opt/ros/humble LD_LIBRARY_PATH=/home/sdc6/f1tenth_ws/install/vesc_msgs/lib:/home/sdc6/f1tenth_ws/install/vesc_driver/lib:/home/sdc6/f1tenth_ws/install/vesc_ackermann/lib:/home/sdc6/f1tenth_ws/install/teleop_tools_msgs/lib:/usr/local/cuda/lib64:/opt/ros/humble/opt/rviz_ogre_vendor/lib:/opt/ros/humble/lib/aarch64-linux-gnu:/opt/ros/humble/lib:/usr/local/cuda-12.6/lib64 PS1=(test_env) \[\e]0;\u@\h: \w\a\]${debian_chroot:+($debian_chroot)}\[\033[01;32m\]\u@\h\[\033[00m\]:\[\033[01;34m\]\w\[\033[00m\]\$ VIRTUAL_ENV_PROMPT=(test_env) /usr/bin/cmake --build /home/sdc6/f1tenth_ws/build/vesc_ackermann -- -j6 -l6
[3.570s] DEBUG:colcon.colcon_core.event_handler.log_command:Invoking command in '/home/sdc6/f1tenth_ws/build/vesc_ackermann': CMAKE_PREFIX_PATH=/home/sdc6/f1tenth_ws/install/vesc_msgs:/home/sdc6/f1tenth_ws/install/vesc:/home/sdc6/f1tenth_ws/install/vesc_driver:/home/sdc6/f1tenth_ws/install/vesc_ackermann:/home/sdc6/f1tenth_ws/install/teleop_tools:/home/sdc6/f1tenth_ws/install/teleop_tools_msgs:/home/sdc6/f1tenth_ws/install/ackermann_mux:/home/sdc6/f1tenth_ws/install/f1tenth_stack:/home/sdc6/f1tenth_ws/install/joy_teleop:/home/sdc6/f1tenth_ws/install/mouse_teleop:/home/sdc6/f1tenth_ws/install/kinematic_mpc:/home/sdc6/f1tenth_ws/install/key_teleop:/opt/ros/humble LD_LIBRARY_PATH=/home/sdc6/f1tenth_ws/install/vesc_msgs/lib:/home/sdc6/f1tenth_ws/install/vesc_driver/lib:/home/sdc6/f1tenth_ws/install/vesc_ackermann/lib:/home/sdc6/f1tenth_ws/install/teleop_tools_msgs/lib:/usr/local/cuda/lib64:/opt/ros/humble/opt/rviz_ogre_vendor/lib:/opt/ros/humble/lib/aarch64-linux-gnu:/opt/ros/humble/lib:/usr/local/cuda-12.6/lib64 PS1=(test_env) \[\e]0;\u@\h: \w\a\]${debian_chroot:+($debian_chroot)}\[\033[01;32m\]\u@\h\[\033[00m\]:\[\033[01;34m\]\w\[\033[00m\]\$ VIRTUAL_ENV_PROMPT=(test_env) /usr/bin/cmake --install /home/sdc6/f1tenth_ws/build/vesc_ackermann
[3.592s] Level 1:colcon.colcon_core.environment:create_environment_scripts_only(vesc_ackermann)
[3.593s] Level 1:colcon.colcon_core.environment:checking '/home/sdc6/f1tenth_ws/install/vesc_ackermann' for CMake module files
[3.594s] Level 1:colcon.colcon_core.environment:checking '/home/sdc6/f1tenth_ws/install/vesc_ackermann' for CMake config files
[3.595s] Level 1:colcon.colcon_core.shell:create_environment_hook('vesc_ackermann', 'cmake_prefix_path')
[3.596s] INFO:colcon.colcon_core.shell:Creating environment hook '/home/sdc6/f1tenth_ws/install/vesc_ackermann/share/vesc_ackermann/hook/cmake_prefix_path.ps1'
[3.597s] INFO:colcon.colcon_core.shell:Creating environment descriptor '/home/sdc6/f1tenth_ws/install/vesc_ackermann/share/vesc_ackermann/hook/cmake_prefix_path.dsv'
[3.598s] INFO:colcon.colcon_core.shell:Creating environment hook '/home/sdc6/f1tenth_ws/install/vesc_ackermann/share/vesc_ackermann/hook/cmake_prefix_path.sh'
[3.598s] DEBUG:colcon.colcon_core.event_handler.log_command:Invoked command in '/home/sdc6/f1tenth_ws/build/vesc_ackermann' returned '0': CMAKE_PREFIX_PATH=/home/sdc6/f1tenth_ws/install/vesc_msgs:/home/sdc6/f1tenth_ws/install/vesc:/home/sdc6/f1tenth_ws/install/vesc_driver:/home/sdc6/f1tenth_ws/install/vesc_ackermann:/home/sdc6/f1tenth_ws/install/teleop_tools:/home/sdc6/f1tenth_ws/install/teleop_tools_msgs:/home/sdc6/f1tenth_ws/install/ackermann_mux:/home/sdc6/f1tenth_ws/install/f1tenth_stack:/home/sdc6/f1tenth_ws/install/joy_teleop:/home/sdc6/f1tenth_ws/install/mouse_teleop:/home/sdc6/f1tenth_ws/install/kinematic_mpc:/home/sdc6/f1tenth_ws/install/key_teleop:/opt/ros/humble LD_LIBRARY_PATH=/home/sdc6/f1tenth_ws/install/vesc_msgs/lib:/home/sdc6/f1tenth_ws/install/vesc_driver/lib:/home/sdc6/f1tenth_ws/install/vesc_ackermann/lib:/home/sdc6/f1tenth_ws/install/teleop_tools_msgs/lib:/usr/local/cuda/lib64:/opt/ros/humble/opt/rviz_ogre_vendor/lib:/opt/ros/humble/lib/aarch64-linux-gnu:/opt/ros/humble/lib:/usr/local/cuda-12.6/lib64 PS1=(test_env) \[\e]0;\u@\h: \w\a\]${debian_chroot:+($debian_chroot)}\[\033[01;32m\]\u@\h\[\033[00m\]:\[\033[01;34m\]\w\[\033[00m\]\$ VIRTUAL_ENV_PROMPT=(test_env) /usr/bin/cmake --install /home/sdc6/f1tenth_ws/build/vesc_ackermann
[3.600s] Level 1:colcon.colcon_core.environment:checking '/home/sdc6/f1tenth_ws/install/vesc_ackermann/lib'
[3.600s] Level 1:colcon.colcon_core.shell:create_environment_hook('vesc_ackermann', 'ld_library_path_lib')
[3.601s] INFO:colcon.colcon_core.shell:Creating environment hook '/home/sdc6/f1tenth_ws/install/vesc_ackermann/share/vesc_ackermann/hook/ld_library_path_lib.ps1'
[3.602s] INFO:colcon.colcon_core.shell:Creating environment descriptor '/home/sdc6/f1tenth_ws/install/vesc_ackermann/share/vesc_ackermann/hook/ld_library_path_lib.dsv'
[3.602s] INFO:colcon.colcon_core.shell:Creating environment hook '/home/sdc6/f1tenth_ws/install/vesc_ackermann/share/vesc_ackermann/hook/ld_library_path_lib.sh'
[3.603s] Level 1:colcon.colcon_core.environment:checking '/home/sdc6/f1tenth_ws/install/vesc_ackermann/bin'
[3.603s] Level 1:colcon.colcon_core.environment:checking '/home/sdc6/f1tenth_ws/install/vesc_ackermann/lib/pkgconfig/vesc_ackermann.pc'
[3.604s] Level 1:colcon.colcon_core.environment:checking '/home/sdc6/f1tenth_ws/install/vesc_ackermann/lib/python3.10/site-packages'
[3.604s] Level 1:colcon.colcon_core.environment:checking '/home/sdc6/f1tenth_ws/install/vesc_ackermann/bin'
[3.605s] INFO:colcon.colcon_core.shell:Creating package script '/home/sdc6/f1tenth_ws/install/vesc_ackermann/share/vesc_ackermann/package.ps1'
[3.607s] INFO:colcon.colcon_core.shell:Creating package descriptor '/home/sdc6/f1tenth_ws/install/vesc_ackermann/share/vesc_ackermann/package.dsv'
[3.607s] INFO:colcon.colcon_core.shell:Creating package script '/home/sdc6/f1tenth_ws/install/vesc_ackermann/share/vesc_ackermann/package.sh'
[3.608s] INFO:colcon.colcon_core.shell:Creating package script '/home/sdc6/f1tenth_ws/install/vesc_ackermann/share/vesc_ackermann/package.bash'
[3.609s] INFO:colcon.colcon_core.shell:Creating package script '/home/sdc6/f1tenth_ws/install/vesc_ackermann/share/vesc_ackermann/package.zsh'
[3.610s] Level 1:colcon.colcon_core.environment:create_file_with_runtime_dependencies(/home/sdc6/f1tenth_ws/install/vesc_ackermann/share/colcon-core/packages/vesc_ackermann)
[3.611s] Level 1:colcon.colcon_core.environment:create_environment_scripts_only(vesc_ackermann)
[3.612s] Level 1:colcon.colcon_core.environment:checking '/home/sdc6/f1tenth_ws/install/vesc_ackermann' for CMake module files
[3.613s] Level 1:colcon.colcon_core.environment:checking '/home/sdc6/f1tenth_ws/install/vesc_ackermann' for CMake config files
[3.613s] Level 1:colcon.colcon_core.shell:create_environment_hook('vesc_ackermann', 'cmake_prefix_path')
[3.614s] INFO:colcon.colcon_core.shell:Creating environment hook '/home/sdc6/f1tenth_ws/install/vesc_ackermann/share/vesc_ackermann/hook/cmake_prefix_path.ps1'
[3.615s] INFO:colcon.colcon_core.shell:Creating environment descriptor '/home/sdc6/f1tenth_ws/install/vesc_ackermann/share/vesc_ackermann/hook/cmake_prefix_path.dsv'
[3.616s] INFO:colcon.colcon_core.shell:Creating environment hook '/home/sdc6/f1tenth_ws/install/vesc_ackermann/share/vesc_ackermann/hook/cmake_prefix_path.sh'
[3.617s] Level 1:colcon.colcon_core.environment:checking '/home/sdc6/f1tenth_ws/install/vesc_ackermann/lib'
[3.617s] Level 1:colcon.colcon_core.shell:create_environment_hook('vesc_ackermann', 'ld_library_path_lib')
[3.618s] INFO:colcon.colcon_core.shell:Creating environment hook '/home/sdc6/f1tenth_ws/install/vesc_ackermann/share/vesc_ackermann/hook/ld_library_path_lib.ps1'
[3.619s] INFO:colcon.colcon_core.shell:Creating environment descriptor '/home/sdc6/f1tenth_ws/install/vesc_ackermann/share/vesc_ackermann/hook/ld_library_path_lib.dsv'
[3.621s] INFO:colcon.colcon_core.shell:Creating environment hook '/home/sdc6/f1tenth_ws/install/vesc_ackermann/share/vesc_ackermann/hook/ld_library_path_lib.sh'
[3.622s] Level 1:colcon.colcon_core.environment:checking '/home/sdc6/f1tenth_ws/install/vesc_ackermann/bin'
[3.622s] Level 1:colcon.colcon_core.environment:checking '/home/sdc6/f1tenth_ws/install/vesc_ackermann/lib/pkgconfig/vesc_ackermann.pc'
[3.622s] Level 1:colcon.colcon_core.environment:checking '/home/sdc6/f1tenth_ws/install/vesc_ackermann/lib/python3.10/site-packages'
[3.623s] Level 1:colcon.colcon_core.environment:checking '/home/sdc6/f1tenth_ws/install/vesc_ackermann/bin'
[3.623s] INFO:colcon.colcon_core.shell:Creating package script '/home/sdc6/f1tenth_ws/install/vesc_ackermann/share/vesc_ackermann/package.ps1'
[3.625s] INFO:colcon.colcon_core.shell:Creating package descriptor '/home/sdc6/f1tenth_ws/install/vesc_ackermann/share/vesc_ackermann/package.dsv'
[3.626s] INFO:colcon.colcon_core.shell:Creating package script '/home/sdc6/f1tenth_ws/install/vesc_ackermann/share/vesc_ackermann/package.sh'
[3.627s] INFO:colcon.colcon_core.shell:Creating package script '/home/sdc6/f1tenth_ws/install/vesc_ackermann/share/vesc_ackermann/package.bash'
[3.628s] INFO:colcon.colcon_core.shell:Creating package script '/home/sdc6/f1tenth_ws/install/vesc_ackermann/share/vesc_ackermann/package.zsh'
[3.630s] Level 1:colcon.colcon_core.environment:create_file_with_runtime_dependencies(/home/sdc6/f1tenth_ws/install/vesc_ackermann/share/colcon-core/packages/vesc_ackermann)
[3.760s] DEBUG:colcon.colcon_core.event_handler.log_command:Invoked command in '/home/sdc6/f1tenth_ws/build/vesc_driver' returned '0': CMAKE_PREFIX_PATH=/home/sdc6/f1tenth_ws/install/vesc_msgs:/home/sdc6/f1tenth_ws/install/vesc:/home/sdc6/f1tenth_ws/install/vesc_driver:/home/sdc6/f1tenth_ws/install/vesc_ackermann:/home/sdc6/f1tenth_ws/install/teleop_tools:/home/sdc6/f1tenth_ws/install/teleop_tools_msgs:/home/sdc6/f1tenth_ws/install/ackermann_mux:/home/sdc6/f1tenth_ws/install/f1tenth_stack:/home/sdc6/f1tenth_ws/install/joy_teleop:/home/sdc6/f1tenth_ws/install/mouse_teleop:/home/sdc6/f1tenth_ws/install/kinematic_mpc:/home/sdc6/f1tenth_ws/install/key_teleop:/opt/ros/humble LD_LIBRARY_PATH=/home/sdc6/f1tenth_ws/install/vesc_msgs/lib:/home/sdc6/f1tenth_ws/install/vesc_driver/lib:/home/sdc6/f1tenth_ws/install/vesc_ackermann/lib:/home/sdc6/f1tenth_ws/install/teleop_tools_msgs/lib:/usr/local/cuda/lib64:/opt/ros/humble/opt/rviz_ogre_vendor/lib:/opt/ros/humble/lib/aarch64-linux-gnu:/opt/ros/humble/lib:/usr/local/cuda-12.6/lib64 PS1=(test_env) \[\e]0;\u@\h: \w\a\]${debian_chroot:+($debian_chroot)}\[\033[01;32m\]\u@\h\[\033[00m\]:\[\033[01;34m\]\w\[\033[00m\]\$ VIRTUAL_ENV_PROMPT=(test_env) /usr/bin/cmake --build /home/sdc6/f1tenth_ws/build/vesc_driver -- -j6 -l6
[3.766s] DEBUG:colcon.colcon_core.event_handler.log_command:Invoking command in '/home/sdc6/f1tenth_ws/build/vesc_driver': CMAKE_PREFIX_PATH=/home/sdc6/f1tenth_ws/install/vesc_msgs:/home/sdc6/f1tenth_ws/install/vesc:/home/sdc6/f1tenth_ws/install/vesc_driver:/home/sdc6/f1tenth_ws/install/vesc_ackermann:/home/sdc6/f1tenth_ws/install/teleop_tools:/home/sdc6/f1tenth_ws/install/teleop_tools_msgs:/home/sdc6/f1tenth_ws/install/ackermann_mux:/home/sdc6/f1tenth_ws/install/f1tenth_stack:/home/sdc6/f1tenth_ws/install/joy_teleop:/home/sdc6/f1tenth_ws/install/mouse_teleop:/home/sdc6/f1tenth_ws/install/kinematic_mpc:/home/sdc6/f1tenth_ws/install/key_teleop:/opt/ros/humble LD_LIBRARY_PATH=/home/sdc6/f1tenth_ws/install/vesc_msgs/lib:/home/sdc6/f1tenth_ws/install/vesc_driver/lib:/home/sdc6/f1tenth_ws/install/vesc_ackermann/lib:/home/sdc6/f1tenth_ws/install/teleop_tools_msgs/lib:/usr/local/cuda/lib64:/opt/ros/humble/opt/rviz_ogre_vendor/lib:/opt/ros/humble/lib/aarch64-linux-gnu:/opt/ros/humble/lib:/usr/local/cuda-12.6/lib64 PS1=(test_env) \[\e]0;\u@\h: \w\a\]${debian_chroot:+($debian_chroot)}\[\033[01;32m\]\u@\h\[\033[00m\]:\[\033[01;34m\]\w\[\033[00m\]\$ VIRTUAL_ENV_PROMPT=(test_env) /usr/bin/cmake --install /home/sdc6/f1tenth_ws/build/vesc_driver
[3.791s] Level 1:colcon.colcon_core.environment:create_environment_scripts_only(vesc_driver)
[3.792s] Level 1:colcon.colcon_core.environment:checking '/home/sdc6/f1tenth_ws/install/vesc_driver' for CMake module files
[3.793s] DEBUG:colcon.colcon_core.event_handler.log_command:Invoked command in '/home/sdc6/f1tenth_ws/build/vesc_driver' returned '0': CMAKE_PREFIX_PATH=/home/sdc6/f1tenth_ws/install/vesc_msgs:/home/sdc6/f1tenth_ws/install/vesc:/home/sdc6/f1tenth_ws/install/vesc_driver:/home/sdc6/f1tenth_ws/install/vesc_ackermann:/home/sdc6/f1tenth_ws/install/teleop_tools:/home/sdc6/f1tenth_ws/install/teleop_tools_msgs:/home/sdc6/f1tenth_ws/install/ackermann_mux:/home/sdc6/f1tenth_ws/install/f1tenth_stack:/home/sdc6/f1tenth_ws/install/joy_teleop:/home/sdc6/f1tenth_ws/install/mouse_teleop:/home/sdc6/f1tenth_ws/install/kinematic_mpc:/home/sdc6/f1tenth_ws/install/key_teleop:/opt/ros/humble LD_LIBRARY_PATH=/home/sdc6/f1tenth_ws/install/vesc_msgs/lib:/home/sdc6/f1tenth_ws/install/vesc_driver/lib:/home/sdc6/f1tenth_ws/install/vesc_ackermann/lib:/home/sdc6/f1tenth_ws/install/teleop_tools_msgs/lib:/usr/local/cuda/lib64:/opt/ros/humble/opt/rviz_ogre_vendor/lib:/opt/ros/humble/lib/aarch64-linux-gnu:/opt/ros/humble/lib:/usr/local/cuda-12.6/lib64 PS1=(test_env) \[\e]0;\u@\h: \w\a\]${debian_chroot:+($debian_chroot)}\[\033[01;32m\]\u@\h\[\033[00m\]:\[\033[01;34m\]\w\[\033[00m\]\$ VIRTUAL_ENV_PROMPT=(test_env) /usr/bin/cmake --install /home/sdc6/f1tenth_ws/build/vesc_driver
[3.794s] Level 1:colcon.colcon_core.environment:checking '/home/sdc6/f1tenth_ws/install/vesc_driver' for CMake config files
[3.794s] Level 1:colcon.colcon_core.shell:create_environment_hook('vesc_driver', 'cmake_prefix_path')
[3.795s] INFO:colcon.colcon_core.shell:Creating environment hook '/home/sdc6/f1tenth_ws/install/vesc_driver/share/vesc_driver/hook/cmake_prefix_path.ps1'
[3.796s] INFO:colcon.colcon_core.shell:Creating environment descriptor '/home/sdc6/f1tenth_ws/install/vesc_driver/share/vesc_driver/hook/cmake_prefix_path.dsv'
[3.797s] INFO:colcon.colcon_core.shell:Creating environment hook '/home/sdc6/f1tenth_ws/install/vesc_driver/share/vesc_driver/hook/cmake_prefix_path.sh'
[3.798s] Level 1:colcon.colcon_core.environment:checking '/home/sdc6/f1tenth_ws/install/vesc_driver/lib'
[3.798s] Level 1:colcon.colcon_core.shell:create_environment_hook('vesc_driver', 'ld_library_path_lib')
[3.798s] INFO:colcon.colcon_core.shell:Creating environment hook '/home/sdc6/f1tenth_ws/install/vesc_driver/share/vesc_driver/hook/ld_library_path_lib.ps1'
[3.799s] INFO:colcon.colcon_core.shell:Creating environment descriptor '/home/sdc6/f1tenth_ws/install/vesc_driver/share/vesc_driver/hook/ld_library_path_lib.dsv'
[3.800s] INFO:colcon.colcon_core.shell:Creating environment hook '/home/sdc6/f1tenth_ws/install/vesc_driver/share/vesc_driver/hook/ld_library_path_lib.sh'
[3.801s] Level 1:colcon.colcon_core.environment:checking '/home/sdc6/f1tenth_ws/install/vesc_driver/bin'
[3.801s] Level 1:colcon.colcon_core.environment:checking '/home/sdc6/f1tenth_ws/install/vesc_driver/lib/pkgconfig/vesc_driver.pc'
[3.801s] Level 1:colcon.colcon_core.environment:checking '/home/sdc6/f1tenth_ws/install/vesc_driver/lib/python3.10/site-packages'
[3.802s] Level 1:colcon.colcon_core.environment:checking '/home/sdc6/f1tenth_ws/install/vesc_driver/bin'
[3.802s] INFO:colcon.colcon_core.shell:Creating package script '/home/sdc6/f1tenth_ws/install/vesc_driver/share/vesc_driver/package.ps1'
[3.804s] INFO:colcon.colcon_core.shell:Creating package descriptor '/home/sdc6/f1tenth_ws/install/vesc_driver/share/vesc_driver/package.dsv'
[3.805s] INFO:colcon.colcon_core.shell:Creating package script '/home/sdc6/f1tenth_ws/install/vesc_driver/share/vesc_driver/package.sh'
[3.805s] INFO:colcon.colcon_core.shell:Creating package script '/home/sdc6/f1tenth_ws/install/vesc_driver/share/vesc_driver/package.bash'
[3.806s] INFO:colcon.colcon_core.shell:Creating package script '/home/sdc6/f1tenth_ws/install/vesc_driver/share/vesc_driver/package.zsh'
[3.807s] Level 1:colcon.colcon_core.environment:create_file_with_runtime_dependencies(/home/sdc6/f1tenth_ws/install/vesc_driver/share/colcon-core/packages/vesc_driver)
[3.808s] Level 1:colcon.colcon_core.environment:create_environment_scripts_only(vesc_driver)
[3.808s] Level 1:colcon.colcon_core.environment:checking '/home/sdc6/f1tenth_ws/install/vesc_driver' for CMake module files
[3.809s] Level 1:colcon.colcon_core.environment:checking '/home/sdc6/f1tenth_ws/install/vesc_driver' for CMake config files
[3.810s] Level 1:colcon.colcon_core.shell:create_environment_hook('vesc_driver', 'cmake_prefix_path')
[3.810s] INFO:colcon.colcon_core.shell:Creating environment hook '/home/sdc6/f1tenth_ws/install/vesc_driver/share/vesc_driver/hook/cmake_prefix_path.ps1'
[3.811s] INFO:colcon.colcon_core.shell:Creating environment descriptor '/home/sdc6/f1tenth_ws/install/vesc_driver/share/vesc_driver/hook/cmake_prefix_path.dsv'
[3.811s] INFO:colcon.colcon_core.shell:Creating environment hook '/home/sdc6/f1tenth_ws/install/vesc_driver/share/vesc_driver/hook/cmake_prefix_path.sh'
[3.812s] Level 1:colcon.colcon_core.environment:checking '/home/sdc6/f1tenth_ws/install/vesc_driver/lib'
[3.813s] Level 1:colcon.colcon_core.shell:create_environment_hook('vesc_driver', 'ld_library_path_lib')
[3.813s] INFO:colcon.colcon_core.shell:Creating environment hook '/home/sdc6/f1tenth_ws/install/vesc_driver/share/vesc_driver/hook/ld_library_path_lib.ps1'
[3.814s] INFO:colcon.colcon_core.shell:Creating environment descriptor '/home/sdc6/f1tenth_ws/install/vesc_driver/share/vesc_driver/hook/ld_library_path_lib.dsv'
[3.814s] INFO:colcon.colcon_core.shell:Creating environment hook '/home/sdc6/f1tenth_ws/install/vesc_driver/share/vesc_driver/hook/ld_library_path_lib.sh'
[3.815s] Level 1:colcon.colcon_core.environment:checking '/home/sdc6/f1tenth_ws/install/vesc_driver/bin'
[3.815s] Level 1:colcon.colcon_core.environment:checking '/home/sdc6/f1tenth_ws/install/vesc_driver/lib/pkgconfig/vesc_driver.pc'
[3.816s] Level 1:colcon.colcon_core.environment:checking '/home/sdc6/f1tenth_ws/install/vesc_driver/lib/python3.10/site-packages'
[3.816s] Level 1:colcon.colcon_core.environment:checking '/home/sdc6/f1tenth_ws/install/vesc_driver/bin'
[3.817s] INFO:colcon.colcon_core.shell:Creating package script '/home/sdc6/f1tenth_ws/install/vesc_driver/share/vesc_driver/package.ps1'
[3.818s] INFO:colcon.colcon_core.shell:Creating package descriptor '/home/sdc6/f1tenth_ws/install/vesc_driver/share/vesc_driver/package.dsv'
[3.819s] INFO:colcon.colcon_core.shell:Creating package script '/home/sdc6/f1tenth_ws/install/vesc_driver/share/vesc_driver/package.sh'
[3.820s] INFO:colcon.colcon_core.shell:Creating package script '/home/sdc6/f1tenth_ws/install/vesc_driver/share/vesc_driver/package.bash'
[3.821s] INFO:colcon.colcon_core.shell:Creating package script '/home/sdc6/f1tenth_ws/install/vesc_driver/share/vesc_driver/package.zsh'
[3.822s] Level 1:colcon.colcon_core.environment:create_file_with_runtime_dependencies(/home/sdc6/f1tenth_ws/install/vesc_driver/share/colcon-core/packages/vesc_driver)
[3.823s] INFO:colcon.colcon_ros.task.ament_cmake.build:Building ROS package in '/home/sdc6/f1tenth_ws/src/f1tenth_system/vesc/vesc' with build type 'ament_cmake'
[3.823s] INFO:colcon.colcon_cmake.task.cmake.build:Building CMake package in '/home/sdc6/f1tenth_ws/src/f1tenth_system/vesc/vesc'
[3.823s] INFO:colcon.colcon_core.shell:Skip shell extension 'powershell' for command environment: Not usable outside of PowerShell
[3.824s] DEBUG:colcon.colcon_core.shell:Skip shell extension 'dsv' for command environment
[3.853s] DEBUG:colcon.colcon_core.event_handler.log_command:Invoking command in '/home/sdc6/f1tenth_ws/build/vesc': CMAKE_PREFIX_PATH=/home/sdc6/f1tenth_ws/install/vesc_driver:/home/sdc6/f1tenth_ws/install/vesc_ackermann:/home/sdc6/f1tenth_ws/install/vesc_msgs:/home/sdc6/f1tenth_ws/install/vesc:/home/sdc6/f1tenth_ws/install/teleop_tools:/home/sdc6/f1tenth_ws/install/teleop_tools_msgs:/home/sdc6/f1tenth_ws/install/ackermann_mux:/home/sdc6/f1tenth_ws/install/f1tenth_stack:/home/sdc6/f1tenth_ws/install/joy_teleop:/home/sdc6/f1tenth_ws/install/mouse_teleop:/home/sdc6/f1tenth_ws/install/kinematic_mpc:/home/sdc6/f1tenth_ws/install/key_teleop:/opt/ros/humble LD_LIBRARY_PATH=/home/sdc6/f1tenth_ws/install/vesc_driver/lib:/home/sdc6/f1tenth_ws/install/vesc_ackermann/lib:/home/sdc6/f1tenth_ws/install/vesc_msgs/lib:/home/sdc6/f1tenth_ws/install/teleop_tools_msgs/lib:/usr/local/cuda/lib64:/opt/ros/humble/opt/rviz_ogre_vendor/lib:/opt/ros/humble/lib/aarch64-linux-gnu:/opt/ros/humble/lib:/usr/local/cuda-12.6/lib64 PS1=(test_env) \[\e]0;\u@\h: \w\a\]${debian_chroot:+($debian_chroot)}\[\033[01;32m\]\u@\h\[\033[00m\]:\[\033[01;34m\]\w\[\033[00m\]\$ VIRTUAL_ENV_PROMPT=(test_env) /usr/bin/cmake --build /home/sdc6/f1tenth_ws/build/vesc -- -j6 -l6
[3.936s] DEBUG:colcon.colcon_core.event_handler.log_command:Invoked command in '/home/sdc6/f1tenth_ws/build/vesc' returned '0': CMAKE_PREFIX_PATH=/home/sdc6/f1tenth_ws/install/vesc_driver:/home/sdc6/f1tenth_ws/install/vesc_ackermann:/home/sdc6/f1tenth_ws/install/vesc_msgs:/home/sdc6/f1tenth_ws/install/vesc:/home/sdc6/f1tenth_ws/install/teleop_tools:/home/sdc6/f1tenth_ws/install/teleop_tools_msgs:/home/sdc6/f1tenth_ws/install/ackermann_mux:/home/sdc6/f1tenth_ws/install/f1tenth_stack:/home/sdc6/f1tenth_ws/install/joy_teleop:/home/sdc6/f1tenth_ws/install/mouse_teleop:/home/sdc6/f1tenth_ws/install/kinematic_mpc:/home/sdc6/f1tenth_ws/install/key_teleop:/opt/ros/humble LD_LIBRARY_PATH=/home/sdc6/f1tenth_ws/install/vesc_driver/lib:/home/sdc6/f1tenth_ws/install/vesc_ackermann/lib:/home/sdc6/f1tenth_ws/install/vesc_msgs/lib:/home/sdc6/f1tenth_ws/install/teleop_tools_msgs/lib:/usr/local/cuda/lib64:/opt/ros/humble/opt/rviz_ogre_vendor/lib:/opt/ros/humble/lib/aarch64-linux-gnu:/opt/ros/humble/lib:/usr/local/cuda-12.6/lib64 PS1=(test_env) \[\e]0;\u@\h: \w\a\]${debian_chroot:+($debian_chroot)}\[\033[01;32m\]\u@\h\[\033[00m\]:\[\033[01;34m\]\w\[\033[00m\]\$ VIRTUAL_ENV_PROMPT=(test_env) /usr/bin/cmake --build /home/sdc6/f1tenth_ws/build/vesc -- -j6 -l6
[3.939s] DEBUG:colcon.colcon_core.event_handler.log_command:Invoking command in '/home/sdc6/f1tenth_ws/build/vesc': CMAKE_PREFIX_PATH=/home/sdc6/f1tenth_ws/install/vesc_driver:/home/sdc6/f1tenth_ws/install/vesc_ackermann:/home/sdc6/f1tenth_ws/install/vesc_msgs:/home/sdc6/f1tenth_ws/install/vesc:/home/sdc6/f1tenth_ws/install/teleop_tools:/home/sdc6/f1tenth_ws/install/teleop_tools_msgs:/home/sdc6/f1tenth_ws/install/ackermann_mux:/home/sdc6/f1tenth_ws/install/f1tenth_stack:/home/sdc6/f1tenth_ws/install/joy_teleop:/home/sdc6/f1tenth_ws/install/mouse_teleop:/home/sdc6/f1tenth_ws/install/kinematic_mpc:/home/sdc6/f1tenth_ws/install/key_teleop:/opt/ros/humble LD_LIBRARY_PATH=/home/sdc6/f1tenth_ws/install/vesc_driver/lib:/home/sdc6/f1tenth_ws/install/vesc_ackermann/lib:/home/sdc6/f1tenth_ws/install/vesc_msgs/lib:/home/sdc6/f1tenth_ws/install/teleop_tools_msgs/lib:/usr/local/cuda/lib64:/opt/ros/humble/opt/rviz_ogre_vendor/lib:/opt/ros/humble/lib/aarch64-linux-gnu:/opt/ros/humble/lib:/usr/local/cuda-12.6/lib64 PS1=(test_env) \[\e]0;\u@\h: \w\a\]${debian_chroot:+($debian_chroot)}\[\033[01;32m\]\u@\h\[\033[00m\]:\[\033[01;34m\]\w\[\033[00m\]\$ VIRTUAL_ENV_PROMPT=(test_env) /usr/bin/cmake --install /home/sdc6/f1tenth_ws/build/vesc
[3.965s] Level 1:colcon.colcon_core.environment:create_environment_scripts_only(vesc)
[3.966s] Level 1:colcon.colcon_core.environment:checking '/home/sdc6/f1tenth_ws/install/vesc' for CMake module files
[3.967s] DEBUG:colcon.colcon_core.event_handler.log_command:Invoked command in '/home/sdc6/f1tenth_ws/build/vesc' returned '0': CMAKE_PREFIX_PATH=/home/sdc6/f1tenth_ws/install/vesc_driver:/home/sdc6/f1tenth_ws/install/vesc_ackermann:/home/sdc6/f1tenth_ws/install/vesc_msgs:/home/sdc6/f1tenth_ws/install/vesc:/home/sdc6/f1tenth_ws/install/teleop_tools:/home/sdc6/f1tenth_ws/install/teleop_tools_msgs:/home/sdc6/f1tenth_ws/install/ackermann_mux:/home/sdc6/f1tenth_ws/install/f1tenth_stack:/home/sdc6/f1tenth_ws/install/joy_teleop:/home/sdc6/f1tenth_ws/install/mouse_teleop:/home/sdc6/f1tenth_ws/install/kinematic_mpc:/home/sdc6/f1tenth_ws/install/key_teleop:/opt/ros/humble LD_LIBRARY_PATH=/home/sdc6/f1tenth_ws/install/vesc_driver/lib:/home/sdc6/f1tenth_ws/install/vesc_ackermann/lib:/home/sdc6/f1tenth_ws/install/vesc_msgs/lib:/home/sdc6/f1tenth_ws/install/teleop_tools_msgs/lib:/usr/local/cuda/lib64:/opt/ros/humble/opt/rviz_ogre_vendor/lib:/opt/ros/humble/lib/aarch64-linux-gnu:/opt/ros/humble/lib:/usr/local/cuda-12.6/lib64 PS1=(test_env) \[\e]0;\u@\h: \w\a\]${debian_chroot:+($debian_chroot)}\[\033[01;32m\]\u@\h\[\033[00m\]:\[\033[01;34m\]\w\[\033[00m\]\$ VIRTUAL_ENV_PROMPT=(test_env) /usr/bin/cmake --install /home/sdc6/f1tenth_ws/build/vesc
[3.968s] Level 1:colcon.colcon_core.environment:checking '/home/sdc6/f1tenth_ws/install/vesc' for CMake config files
[3.968s] Level 1:colcon.colcon_core.shell:create_environment_hook('vesc', 'cmake_prefix_path')
[3.969s] INFO:colcon.colcon_core.shell:Creating environment hook '/home/sdc6/f1tenth_ws/install/vesc/share/vesc/hook/cmake_prefix_path.ps1'
[3.970s] INFO:colcon.colcon_core.shell:Creating environment descriptor '/home/sdc6/f1tenth_ws/install/vesc/share/vesc/hook/cmake_prefix_path.dsv'
[3.971s] INFO:colcon.colcon_core.shell:Creating environment hook '/home/sdc6/f1tenth_ws/install/vesc/share/vesc/hook/cmake_prefix_path.sh'
[3.972s] Level 1:colcon.colcon_core.environment:checking '/home/sdc6/f1tenth_ws/install/vesc/bin'
[3.972s] Level 1:colcon.colcon_core.environment:checking '/home/sdc6/f1tenth_ws/install/vesc/lib/pkgconfig/vesc.pc'
[3.972s] Level 1:colcon.colcon_core.environment:checking '/home/sdc6/f1tenth_ws/install/vesc/lib/python3.10/site-packages'
[3.973s] Level 1:colcon.colcon_core.environment:checking '/home/sdc6/f1tenth_ws/install/vesc/bin'
[3.974s] INFO:colcon.colcon_core.shell:Creating package script '/home/sdc6/f1tenth_ws/install/vesc/share/vesc/package.ps1'
[3.975s] INFO:colcon.colcon_core.shell:Creating package descriptor '/home/sdc6/f1tenth_ws/install/vesc/share/vesc/package.dsv'
[3.976s] INFO:colcon.colcon_core.shell:Creating package script '/home/sdc6/f1tenth_ws/install/vesc/share/vesc/package.sh'
[3.976s] INFO:colcon.colcon_core.shell:Creating package script '/home/sdc6/f1tenth_ws/install/vesc/share/vesc/package.bash'
[3.977s] INFO:colcon.colcon_core.shell:Creating package script '/home/sdc6/f1tenth_ws/install/vesc/share/vesc/package.zsh'
[3.978s] Level 1:colcon.colcon_core.environment:create_file_with_runtime_dependencies(/home/sdc6/f1tenth_ws/install/vesc/share/colcon-core/packages/vesc)
[3.979s] Level 1:colcon.colcon_core.environment:create_environment_scripts_only(vesc)
[3.979s] Level 1:colcon.colcon_core.environment:checking '/home/sdc6/f1tenth_ws/install/vesc' for CMake module files
[3.980s] Level 1:colcon.colcon_core.environment:checking '/home/sdc6/f1tenth_ws/install/vesc' for CMake config files
[3.981s] Level 1:colcon.colcon_core.shell:create_environment_hook('vesc', 'cmake_prefix_path')
[3.981s] INFO:colcon.colcon_core.shell:Creating environment hook '/home/sdc6/f1tenth_ws/install/vesc/share/vesc/hook/cmake_prefix_path.ps1'
[3.982s] INFO:colcon.colcon_core.shell:Creating environment descriptor '/home/sdc6/f1tenth_ws/install/vesc/share/vesc/hook/cmake_prefix_path.dsv'
[3.982s] INFO:colcon.colcon_core.shell:Creating environment hook '/home/sdc6/f1tenth_ws/install/vesc/share/vesc/hook/cmake_prefix_path.sh'
[3.983s] Level 1:colcon.colcon_core.environment:checking '/home/sdc6/f1tenth_ws/install/vesc/bin'
[3.984s] Level 1:colcon.colcon_core.environment:checking '/home/sdc6/f1tenth_ws/install/vesc/lib/pkgconfig/vesc.pc'
[3.984s] Level 1:colcon.colcon_core.environment:checking '/home/sdc6/f1tenth_ws/install/vesc/lib/python3.10/site-packages'
[3.985s] Level 1:colcon.colcon_core.environment:checking '/home/sdc6/f1tenth_ws/install/vesc/bin'
[3.985s] INFO:colcon.colcon_core.shell:Creating package script '/home/sdc6/f1tenth_ws/install/vesc/share/vesc/package.ps1'
[3.987s] INFO:colcon.colcon_core.shell:Creating package descriptor '/home/sdc6/f1tenth_ws/install/vesc/share/vesc/package.dsv'
[3.988s] INFO:colcon.colcon_core.shell:Creating package script '/home/sdc6/f1tenth_ws/install/vesc/share/vesc/package.sh'
[3.989s] INFO:colcon.colcon_core.shell:Creating package script '/home/sdc6/f1tenth_ws/install/vesc/share/vesc/package.bash'
[3.990s] INFO:colcon.colcon_core.shell:Creating package script '/home/sdc6/f1tenth_ws/install/vesc/share/vesc/package.zsh'
[3.991s] Level 1:colcon.colcon_core.environment:create_file_with_runtime_dependencies(/home/sdc6/f1tenth_ws/install/vesc/share/colcon-core/packages/vesc)
[4.119s] DEBUG:colcon.colcon_core.event_handler.log_command:Invoked command in '/home/sdc6/f1tenth_ws/build/f1tenth_mppi' returned '0': CMAKE_PREFIX_PATH=${CMAKE_PREFIX_PATH}:/home/sdc6/f1tenth_ws/install/f1tenth_stack:/home/sdc6/f1tenth_ws/install/joy_teleop:/home/sdc6/f1tenth_ws/install/mouse_teleop:/home/sdc6/f1tenth_ws/install/kinematic_mpc:/home/sdc6/f1tenth_ws/install/key_teleop:/opt/ros/humble PS1=(test_env) \[\e]0;\u@\h: \w\a\]${debian_chroot:+($debian_chroot)}\[\033[01;32m\]\u@\h\[\033[00m\]:\[\033[01;34m\]\w\[\033[00m\]\$ VIRTUAL_ENV_PROMPT=(test_env) /usr/bin/cmake --build /home/sdc6/f1tenth_ws/build/f1tenth_mppi -- -j6 -l6
[4.122s] DEBUG:colcon.colcon_core.event_handler.log_command:Invoking command in '/home/sdc6/f1tenth_ws/build/f1tenth_mppi': CMAKE_PREFIX_PATH=${CMAKE_PREFIX_PATH}:/home/sdc6/f1tenth_ws/install/f1tenth_stack:/home/sdc6/f1tenth_ws/install/joy_teleop:/home/sdc6/f1tenth_ws/install/mouse_teleop:/home/sdc6/f1tenth_ws/install/kinematic_mpc:/home/sdc6/f1tenth_ws/install/key_teleop:/opt/ros/humble PS1=(test_env) \[\e]0;\u@\h: \w\a\]${debian_chroot:+($debian_chroot)}\[\033[01;32m\]\u@\h\[\033[00m\]:\[\033[01;34m\]\w\[\033[00m\]\$ VIRTUAL_ENV_PROMPT=(test_env) /usr/bin/cmake --install /home/sdc6/f1tenth_ws/build/f1tenth_mppi
[4.169s] DEBUG:colcon.colcon_core.event_handler.log_command:Invoking command in '/home/sdc6/f1tenth_ws/src/f1tenth_system/teleop_tools/joy_teleop': CMAKE_PREFIX_PATH=/home/sdc6/f1tenth_ws/install/teleop_tools_msgs:/home/sdc6/f1tenth_ws/install/vesc:/home/sdc6/f1tenth_ws/install/vesc_driver:/home/sdc6/f1tenth_ws/install/vesc_ackermann:/home/sdc6/f1tenth_ws/install/vesc_msgs:/home/sdc6/f1tenth_ws/install/teleop_tools:/home/sdc6/f1tenth_ws/install/ackermann_mux LD_LIBRARY_PATH=/home/sdc6/f1tenth_ws/install/teleop_tools_msgs/lib:/home/sdc6/f1tenth_ws/install/vesc_driver/lib:/home/sdc6/f1tenth_ws/install/vesc_ackermann/lib:/home/sdc6/f1tenth_ws/install/vesc_msgs/lib:/usr/local/cuda/lib64:/opt/ros/humble/opt/rviz_ogre_vendor/lib:/opt/ros/humble/lib/aarch64-linux-gnu:/opt/ros/humble/lib:/usr/local/cuda-12.6/lib64 PS1=(test_env) \[\e]0;\u@\h: \w\a\]${debian_chroot:+($debian_chroot)}\[\033[01;32m\]\u@\h\[\033[00m\]:\[\033[01;34m\]\w\[\033[00m\]\$ PYTHONPATH=/home/sdc6/f1tenth_ws/build/joy_teleop/prefix_override:/usr/lib/python3/dist-packages/colcon_core/task/python/colcon_distutils_commands:/home/sdc6/f1tenth_ws/install/joy_teleop/lib/python3.10/site-packages:${PYTHONPATH} VIRTUAL_ENV_PROMPT=(test_env) /usr/bin/python3 -W ignore:setup.py install is deprecated -W ignore:easy_install command is deprecated setup.py egg_info --egg-base ../../../../build/joy_teleop build --build-base /home/sdc6/f1tenth_ws/build/joy_teleop/build install --record /home/sdc6/f1tenth_ws/build/joy_teleop/install.log --single-version-externally-managed install_data
[4.215s] Level 1:colcon.colcon_core.environment:checking '/home/sdc6/f1tenth_ws/install/mouse_teleop' for CMake module files
[4.216s] DEBUG:colcon.colcon_core.event_handler.log_command:Invoked command in '/home/sdc6/f1tenth_ws/src/f1tenth_system/teleop_tools/mouse_teleop' returned '0': PS1=(test_env) \[\e]0;\u@\h: \w\a\]${debian_chroot:+($debian_chroot)}\[\033[01;32m\]\u@\h\[\033[00m\]:\[\033[01;34m\]\w\[\033[00m\]\$ PYTHONPATH=/home/sdc6/f1tenth_ws/build/mouse_teleop/prefix_override:/usr/lib/python3/dist-packages/colcon_core/task/python/colcon_distutils_commands:/home/sdc6/f1tenth_ws/install/mouse_teleop/lib/python3.10/site-packages:${PYTHONPATH} VIRTUAL_ENV_PROMPT=(test_env) /usr/bin/python3 -W ignore:setup.py install is deprecated -W ignore:easy_install command is deprecated setup.py egg_info --egg-base ../../../../build/mouse_teleop build --build-base /home/sdc6/f1tenth_ws/build/mouse_teleop/build install --record /home/sdc6/f1tenth_ws/build/mouse_teleop/install.log --single-version-externally-managed install_data
[4.217s] Level 1:colcon.colcon_core.environment:checking '/home/sdc6/f1tenth_ws/install/mouse_teleop' for CMake config files
[4.218s] Level 1:colcon.colcon_core.environment:checking '/home/sdc6/f1tenth_ws/install/mouse_teleop/lib'
[4.218s] Level 1:colcon.colcon_core.environment:checking '/home/sdc6/f1tenth_ws/install/mouse_teleop/bin'
[4.218s] Level 1:colcon.colcon_core.environment:checking '/home/sdc6/f1tenth_ws/install/mouse_teleop/lib/pkgconfig/mouse_teleop.pc'
[4.219s] Level 1:colcon.colcon_core.environment:checking '/home/sdc6/f1tenth_ws/install/mouse_teleop/lib/python3.10/site-packages'
[4.219s] Level 1:colcon.colcon_core.shell:create_environment_hook('mouse_teleop', 'pythonpath')
[4.219s] INFO:colcon.colcon_core.shell:Creating environment hook '/home/sdc6/f1tenth_ws/install/mouse_teleop/share/mouse_teleop/hook/pythonpath.ps1'
[4.221s] INFO:colcon.colcon_core.shell:Creating environment descriptor '/home/sdc6/f1tenth_ws/install/mouse_teleop/share/mouse_teleop/hook/pythonpath.dsv'
[4.221s] INFO:colcon.colcon_core.shell:Creating environment hook '/home/sdc6/f1tenth_ws/install/mouse_teleop/share/mouse_teleop/hook/pythonpath.sh'
[4.222s] Level 1:colcon.colcon_core.environment:checking '/home/sdc6/f1tenth_ws/install/mouse_teleop/bin'
[4.223s] Level 1:colcon.colcon_core.environment:create_environment_scripts_only(mouse_teleop)
[4.223s] INFO:colcon.colcon_core.shell:Creating package script '/home/sdc6/f1tenth_ws/install/mouse_teleop/share/mouse_teleop/package.ps1'
[4.226s] INFO:colcon.colcon_core.shell:Creating package descriptor '/home/sdc6/f1tenth_ws/install/mouse_teleop/share/mouse_teleop/package.dsv'
[4.228s] INFO:colcon.colcon_core.shell:Creating package script '/home/sdc6/f1tenth_ws/install/mouse_teleop/share/mouse_teleop/package.sh'
[4.229s] INFO:colcon.colcon_core.shell:Creating package script '/home/sdc6/f1tenth_ws/install/mouse_teleop/share/mouse_teleop/package.bash'
[4.231s] INFO:colcon.colcon_core.shell:Creating package script '/home/sdc6/f1tenth_ws/install/mouse_teleop/share/mouse_teleop/package.zsh'
[4.233s] Level 1:colcon.colcon_core.environment:create_file_with_runtime_dependencies(/home/sdc6/f1tenth_ws/install/mouse_teleop/share/colcon-core/packages/mouse_teleop)
[4.235s] Level 1:colcon.colcon_core.environment:create_environment_scripts_only(f1tenth_mppi)
[4.236s] Level 1:colcon.colcon_core.environment:checking '/home/sdc6/f1tenth_ws/install/f1tenth_mppi' for CMake module files
[4.238s] DEBUG:colcon.colcon_core.event_handler.log_command:Invoked command in '/home/sdc6/f1tenth_ws/build/f1tenth_mppi' returned '0': CMAKE_PREFIX_PATH=${CMAKE_PREFIX_PATH}:/home/sdc6/f1tenth_ws/install/f1tenth_stack:/home/sdc6/f1tenth_ws/install/joy_teleop:/home/sdc6/f1tenth_ws/install/mouse_teleop:/home/sdc6/f1tenth_ws/install/kinematic_mpc:/home/sdc6/f1tenth_ws/install/key_teleop:/opt/ros/humble PS1=(test_env) \[\e]0;\u@\h: \w\a\]${debian_chroot:+($debian_chroot)}\[\033[01;32m\]\u@\h\[\033[00m\]:\[\033[01;34m\]\w\[\033[00m\]\$ VIRTUAL_ENV_PROMPT=(test_env) /usr/bin/cmake --install /home/sdc6/f1tenth_ws/build/f1tenth_mppi
[4.239s] Level 1:colcon.colcon_core.environment:checking '/home/sdc6/f1tenth_ws/install/f1tenth_mppi' for CMake config files
[4.240s] Level 1:colcon.colcon_core.shell:create_environment_hook('f1tenth_mppi', 'cmake_prefix_path')
[4.241s] INFO:colcon.colcon_core.shell:Creating environment hook '/home/sdc6/f1tenth_ws/install/f1tenth_mppi/share/f1tenth_mppi/hook/cmake_prefix_path.ps1'
[4.243s] INFO:colcon.colcon_core.shell:Creating environment descriptor '/home/sdc6/f1tenth_ws/install/f1tenth_mppi/share/f1tenth_mppi/hook/cmake_prefix_path.dsv'
[4.244s] INFO:colcon.colcon_core.shell:Creating environment hook '/home/sdc6/f1tenth_ws/install/f1tenth_mppi/share/f1tenth_mppi/hook/cmake_prefix_path.sh'
[4.246s] Level 1:colcon.colcon_core.environment:checking '/home/sdc6/f1tenth_ws/install/f1tenth_mppi/lib'
[4.246s] Level 1:colcon.colcon_core.environment:checking '/home/sdc6/f1tenth_ws/install/f1tenth_mppi/bin'
[4.246s] Level 1:colcon.colcon_core.environment:checking '/home/sdc6/f1tenth_ws/install/f1tenth_mppi/lib/pkgconfig/f1tenth_mppi.pc'
[4.247s] Level 1:colcon.colcon_core.environment:checking '/home/sdc6/f1tenth_ws/install/f1tenth_mppi/lib/python3.10/site-packages'
[4.247s] Level 1:colcon.colcon_core.shell:create_environment_hook('f1tenth_mppi', 'pythonpath')
[4.248s] INFO:colcon.colcon_core.shell:Creating environment hook '/home/sdc6/f1tenth_ws/install/f1tenth_mppi/share/f1tenth_mppi/hook/pythonpath.ps1'
[4.250s] INFO:colcon.colcon_core.shell:Creating environment descriptor '/home/sdc6/f1tenth_ws/install/f1tenth_mppi/share/f1tenth_mppi/hook/pythonpath.dsv'
[4.251s] INFO:colcon.colcon_core.shell:Creating environment hook '/home/sdc6/f1tenth_ws/install/f1tenth_mppi/share/f1tenth_mppi/hook/pythonpath.sh'
[4.253s] Level 1:colcon.colcon_core.environment:checking '/home/sdc6/f1tenth_ws/install/f1tenth_mppi/bin'
[4.254s] INFO:colcon.colcon_core.shell:Creating package script '/home/sdc6/f1tenth_ws/install/f1tenth_mppi/share/f1tenth_mppi/package.ps1'
[4.256s] INFO:colcon.colcon_core.shell:Creating package descriptor '/home/sdc6/f1tenth_ws/install/f1tenth_mppi/share/f1tenth_mppi/package.dsv'
[4.256s] INFO:colcon.colcon_core.shell:Creating package script '/home/sdc6/f1tenth_ws/install/f1tenth_mppi/share/f1tenth_mppi/package.sh'
[4.257s] INFO:colcon.colcon_core.shell:Creating package script '/home/sdc6/f1tenth_ws/install/f1tenth_mppi/share/f1tenth_mppi/package.bash'
[4.258s] INFO:colcon.colcon_core.shell:Creating package script '/home/sdc6/f1tenth_ws/install/f1tenth_mppi/share/f1tenth_mppi/package.zsh'
[4.259s] Level 1:colcon.colcon_core.environment:create_file_with_runtime_dependencies(/home/sdc6/f1tenth_ws/install/f1tenth_mppi/share/colcon-core/packages/f1tenth_mppi)
[4.260s] Level 1:colcon.colcon_core.environment:create_environment_scripts_only(f1tenth_mppi)
[4.261s] Level 1:colcon.colcon_core.environment:checking '/home/sdc6/f1tenth_ws/install/f1tenth_mppi' for CMake module files
[4.263s] Level 1:colcon.colcon_core.environment:checking '/home/sdc6/f1tenth_ws/install/f1tenth_mppi' for CMake config files
[4.263s] Level 1:colcon.colcon_core.shell:create_environment_hook('f1tenth_mppi', 'cmake_prefix_path')
[4.264s] INFO:colcon.colcon_core.shell:Creating environment hook '/home/sdc6/f1tenth_ws/install/f1tenth_mppi/share/f1tenth_mppi/hook/cmake_prefix_path.ps1'
[4.265s] INFO:colcon.colcon_core.shell:Creating environment descriptor '/home/sdc6/f1tenth_ws/install/f1tenth_mppi/share/f1tenth_mppi/hook/cmake_prefix_path.dsv'
[4.266s] INFO:colcon.colcon_core.shell:Creating environment hook '/home/sdc6/f1tenth_ws/install/f1tenth_mppi/share/f1tenth_mppi/hook/cmake_prefix_path.sh'
[4.267s] Level 1:colcon.colcon_core.environment:checking '/home/sdc6/f1tenth_ws/install/f1tenth_mppi/lib'
[4.267s] Level 1:colcon.colcon_core.environment:checking '/home/sdc6/f1tenth_ws/install/f1tenth_mppi/bin'
[4.267s] Level 1:colcon.colcon_core.environment:checking '/home/sdc6/f1tenth_ws/install/f1tenth_mppi/lib/pkgconfig/f1tenth_mppi.pc'
[4.268s] Level 1:colcon.colcon_core.environment:checking '/home/sdc6/f1tenth_ws/install/f1tenth_mppi/lib/python3.10/site-packages'
[4.268s] Level 1:colcon.colcon_core.shell:create_environment_hook('f1tenth_mppi', 'pythonpath')
[4.268s] INFO:colcon.colcon_core.shell:Creating environment hook '/home/sdc6/f1tenth_ws/install/f1tenth_mppi/share/f1tenth_mppi/hook/pythonpath.ps1'
[4.269s] INFO:colcon.colcon_core.shell:Creating environment descriptor '/home/sdc6/f1tenth_ws/install/f1tenth_mppi/share/f1tenth_mppi/hook/pythonpath.dsv'
[4.270s] INFO:colcon.colcon_core.shell:Creating environment hook '/home/sdc6/f1tenth_ws/install/f1tenth_mppi/share/f1tenth_mppi/hook/pythonpath.sh'
[4.271s] Level 1:colcon.colcon_core.environment:checking '/home/sdc6/f1tenth_ws/install/f1tenth_mppi/bin'
[4.272s] INFO:colcon.colcon_core.shell:Creating package script '/home/sdc6/f1tenth_ws/install/f1tenth_mppi/share/f1tenth_mppi/package.ps1'
[4.274s] INFO:colcon.colcon_core.shell:Creating package descriptor '/home/sdc6/f1tenth_ws/install/f1tenth_mppi/share/f1tenth_mppi/package.dsv'
[4.275s] INFO:colcon.colcon_core.shell:Creating package script '/home/sdc6/f1tenth_ws/install/f1tenth_mppi/share/f1tenth_mppi/package.sh'
[4.275s] INFO:colcon.colcon_core.shell:Creating package script '/home/sdc6/f1tenth_ws/install/f1tenth_mppi/share/f1tenth_mppi/package.bash'
[4.276s] INFO:colcon.colcon_core.shell:Creating package script '/home/sdc6/f1tenth_ws/install/f1tenth_mppi/share/f1tenth_mppi/package.zsh'
[4.277s] Level 1:colcon.colcon_core.environment:create_file_with_runtime_dependencies(/home/sdc6/f1tenth_ws/install/f1tenth_mppi/share/colcon-core/packages/f1tenth_mppi)
[4.765s] Level 1:colcon.colcon_core.environment:checking '/home/sdc6/f1tenth_ws/install/joy_teleop' for CMake module files
[4.767s] DEBUG:colcon.colcon_core.event_handler.log_command:Invoked command in '/home/sdc6/f1tenth_ws/src/f1tenth_system/teleop_tools/joy_teleop' returned '0': CMAKE_PREFIX_PATH=/home/sdc6/f1tenth_ws/install/teleop_tools_msgs:/home/sdc6/f1tenth_ws/install/vesc:/home/sdc6/f1tenth_ws/install/vesc_driver:/home/sdc6/f1tenth_ws/install/vesc_ackermann:/home/sdc6/f1tenth_ws/install/vesc_msgs:/home/sdc6/f1tenth_ws/install/teleop_tools:/home/sdc6/f1tenth_ws/install/ackermann_mux LD_LIBRARY_PATH=/home/sdc6/f1tenth_ws/install/teleop_tools_msgs/lib:/home/sdc6/f1tenth_ws/install/vesc_driver/lib:/home/sdc6/f1tenth_ws/install/vesc_ackermann/lib:/home/sdc6/f1tenth_ws/install/vesc_msgs/lib:/usr/local/cuda/lib64:/opt/ros/humble/opt/rviz_ogre_vendor/lib:/opt/ros/humble/lib/aarch64-linux-gnu:/opt/ros/humble/lib:/usr/local/cuda-12.6/lib64 PS1=(test_env) \[\e]0;\u@\h: \w\a\]${debian_chroot:+($debian_chroot)}\[\033[01;32m\]\u@\h\[\033[00m\]:\[\033[01;34m\]\w\[\033[00m\]\$ PYTHONPATH=/home/sdc6/f1tenth_ws/build/joy_teleop/prefix_override:/usr/lib/python3/dist-packages/colcon_core/task/python/colcon_distutils_commands:/home/sdc6/f1tenth_ws/install/joy_teleop/lib/python3.10/site-packages:${PYTHONPATH} VIRTUAL_ENV_PROMPT=(test_env) /usr/bin/python3 -W ignore:setup.py install is deprecated -W ignore:easy_install command is deprecated setup.py egg_info --egg-base ../../../../build/joy_teleop build --build-base /home/sdc6/f1tenth_ws/build/joy_teleop/build install --record /home/sdc6/f1tenth_ws/build/joy_teleop/install.log --single-version-externally-managed install_data
[4.768s] Level 1:colcon.colcon_core.environment:checking '/home/sdc6/f1tenth_ws/install/joy_teleop' for CMake config files
[4.770s] Level 1:colcon.colcon_core.environment:checking '/home/sdc6/f1tenth_ws/install/joy_teleop/lib'
[4.770s] Level 1:colcon.colcon_core.environment:checking '/home/sdc6/f1tenth_ws/install/joy_teleop/bin'
[4.770s] Level 1:colcon.colcon_core.environment:checking '/home/sdc6/f1tenth_ws/install/joy_teleop/lib/pkgconfig/joy_teleop.pc'
[4.771s] Level 1:colcon.colcon_core.environment:checking '/home/sdc6/f1tenth_ws/install/joy_teleop/lib/python3.10/site-packages'
[4.771s] Level 1:colcon.colcon_core.shell:create_environment_hook('joy_teleop', 'pythonpath')
[4.772s] INFO:colcon.colcon_core.shell:Creating environment hook '/home/sdc6/f1tenth_ws/install/joy_teleop/share/joy_teleop/hook/pythonpath.ps1'
[4.774s] INFO:colcon.colcon_core.shell:Creating environment descriptor '/home/sdc6/f1tenth_ws/install/joy_teleop/share/joy_teleop/hook/pythonpath.dsv'
[4.775s] INFO:colcon.colcon_core.shell:Creating environment hook '/home/sdc6/f1tenth_ws/install/joy_teleop/share/joy_teleop/hook/pythonpath.sh'
[4.777s] Level 1:colcon.colcon_core.environment:checking '/home/sdc6/f1tenth_ws/install/joy_teleop/bin'
[4.777s] Level 1:colcon.colcon_core.environment:create_environment_scripts_only(joy_teleop)
[4.778s] INFO:colcon.colcon_core.shell:Creating package script '/home/sdc6/f1tenth_ws/install/joy_teleop/share/joy_teleop/package.ps1'
[4.779s] INFO:colcon.colcon_core.shell:Creating package descriptor '/home/sdc6/f1tenth_ws/install/joy_teleop/share/joy_teleop/package.dsv'
[4.780s] INFO:colcon.colcon_core.shell:Creating package script '/home/sdc6/f1tenth_ws/install/joy_teleop/share/joy_teleop/package.sh'
[4.782s] INFO:colcon.colcon_core.shell:Creating package script '/home/sdc6/f1tenth_ws/install/joy_teleop/share/joy_teleop/package.bash'
[4.783s] INFO:colcon.colcon_core.shell:Creating package script '/home/sdc6/f1tenth_ws/install/joy_teleop/share/joy_teleop/package.zsh'
[4.783s] Level 1:colcon.colcon_core.environment:create_file_with_runtime_dependencies(/home/sdc6/f1tenth_ws/install/joy_teleop/share/colcon-core/packages/joy_teleop)
[4.784s] INFO:colcon.colcon_ros.task.ament_cmake.build:Building ROS package in '/home/sdc6/f1tenth_ws/src/f1tenth_system/teleop_tools/teleop_tools' with build type 'ament_cmake'
[4.784s] INFO:colcon.colcon_cmake.task.cmake.build:Building CMake package in '/home/sdc6/f1tenth_ws/src/f1tenth_system/teleop_tools/teleop_tools'
[4.785s] INFO:colcon.colcon_core.shell:Skip shell extension 'powershell' for command environment: Not usable outside of PowerShell
[4.785s] DEBUG:colcon.colcon_core.shell:Skip shell extension 'dsv' for command environment
[4.795s] INFO:colcon.colcon_ros.task.ament_python.build:Building ROS package in '/home/sdc6/f1tenth_ws/src/f1tenth_system/f1tenth_stack' with build type 'ament_python'
[4.795s] Level 1:colcon.colcon_core.shell:create_environment_hook('f1tenth_stack', 'ament_prefix_path')
[4.795s] INFO:colcon.colcon_core.shell:Creating environment hook '/home/sdc6/f1tenth_ws/install/f1tenth_stack/share/f1tenth_stack/hook/ament_prefix_path.ps1'
[4.797s] INFO:colcon.colcon_core.shell:Creating environment descriptor '/home/sdc6/f1tenth_ws/install/f1tenth_stack/share/f1tenth_stack/hook/ament_prefix_path.dsv'
[4.798s] INFO:colcon.colcon_core.shell:Creating environment hook '/home/sdc6/f1tenth_ws/install/f1tenth_stack/share/f1tenth_stack/hook/ament_prefix_path.sh'
[4.799s] INFO:colcon.colcon_core.shell:Skip shell extension 'powershell' for command environment: Not usable outside of PowerShell
[4.799s] DEBUG:colcon.colcon_core.shell:Skip shell extension 'dsv' for command environment
[4.815s] DEBUG:colcon.colcon_core.event_handler.log_command:Invoking command in '/home/sdc6/f1tenth_ws/build/teleop_tools': AMENT_PREFIX_PATH=/home/sdc6/f1tenth_ws/install/joy_teleop:/home/sdc6/f1tenth_ws/install/key_teleop:/home/sdc6/f1tenth_ws/install/f1tenth_stack:/home/sdc6/f1tenth_ws/install/vesc:/home/sdc6/f1tenth_ws/install/vesc_driver:/home/sdc6/f1tenth_ws/install/vesc_ackermann:/home/sdc6/f1tenth_ws/install/vesc_msgs:/home/sdc6/f1tenth_ws/install/teleop_tools:/home/sdc6/f1tenth_ws/install/teleop_tools_msgs:/home/sdc6/f1tenth_ws/install/mouse_teleop:/home/sdc6/f1tenth_ws/install/kinematic_mpc:/home/sdc6/f1tenth_ws/install/ackermann_mux:/opt/ros/humble CMAKE_PREFIX_PATH=/home/sdc6/f1tenth_ws/install/teleop_tools_msgs:/home/sdc6/f1tenth_ws/install/vesc:/home/sdc6/f1tenth_ws/install/vesc_driver:/home/sdc6/f1tenth_ws/install/vesc_ackermann:/home/sdc6/f1tenth_ws/install/vesc_msgs:/home/sdc6/f1tenth_ws/install/teleop_tools:/home/sdc6/f1tenth_ws/install/ackermann_mux:/home/sdc6/f1tenth_ws/install/f1tenth_stack:/home/sdc6/f1tenth_ws/install/joy_teleop:/home/sdc6/f1tenth_ws/install/mouse_teleop:/home/sdc6/f1tenth_ws/install/kinematic_mpc:/home/sdc6/f1tenth_ws/install/key_teleop:/opt/ros/humble LD_LIBRARY_PATH=/home/sdc6/f1tenth_ws/install/teleop_tools_msgs/lib:/home/sdc6/f1tenth_ws/install/vesc_driver/lib:/home/sdc6/f1tenth_ws/install/vesc_ackermann/lib:/home/sdc6/f1tenth_ws/install/vesc_msgs/lib:/usr/local/cuda/lib64:/opt/ros/humble/opt/rviz_ogre_vendor/lib:/opt/ros/humble/lib/aarch64-linux-gnu:/opt/ros/humble/lib:/usr/local/cuda-12.6/lib64 PS1=(test_env) \[\e]0;\u@\h: \w\a\]${debian_chroot:+($debian_chroot)}\[\033[01;32m\]\u@\h\[\033[00m\]:\[\033[01;34m\]\w\[\033[00m\]\$ PYTHONPATH=/home/sdc6/f1tenth_ws/install/joy_teleop/lib/python3.10/site-packages:/home/sdc6/f1tenth_ws/install/key_teleop/lib/python3.10/site-packages:/home/sdc6/f1tenth_ws/install/f1tenth_stack/lib/python3.10/site-packages:/home/sdc6/f1tenth_ws/install/vesc_msgs/local/lib/python3.10/dist-packages:/home/sdc6/f1tenth_ws/install/teleop_tools_msgs/local/lib/python3.10/dist-packages:/home/sdc6/f1tenth_ws/install/mouse_teleop/lib/python3.10/site-packages:/home/sdc6/f1tenth_ws/install/kinematic_mpc/lib/python3.10/site-packages:/opt/ros/humble/lib/python3.10/site-packages:/opt/ros/humble/local/lib/python3.10/dist-packages VIRTUAL_ENV_PROMPT=(test_env) /usr/bin/cmake --build /home/sdc6/f1tenth_ws/build/teleop_tools -- -j6 -l6
[5.351s] INFO:colcon.colcon_core.task.python.build:Building Python package in '/home/sdc6/f1tenth_ws/src/f1tenth_system/f1tenth_stack'
[5.352s] INFO:colcon.colcon_core.shell:Skip shell extension 'powershell' for command environment: Not usable outside of PowerShell
[5.352s] DEBUG:colcon.colcon_core.shell:Skip shell extension 'dsv' for command environment
[5.370s] DEBUG:colcon.colcon_core.event_handler.log_command:Invoked command in '/home/sdc6/f1tenth_ws/build/teleop_tools' returned '0': AMENT_PREFIX_PATH=/home/sdc6/f1tenth_ws/install/joy_teleop:/home/sdc6/f1tenth_ws/install/key_teleop:/home/sdc6/f1tenth_ws/install/f1tenth_stack:/home/sdc6/f1tenth_ws/install/vesc:/home/sdc6/f1tenth_ws/install/vesc_driver:/home/sdc6/f1tenth_ws/install/vesc_ackermann:/home/sdc6/f1tenth_ws/install/vesc_msgs:/home/sdc6/f1tenth_ws/install/teleop_tools:/home/sdc6/f1tenth_ws/install/teleop_tools_msgs:/home/sdc6/f1tenth_ws/install/mouse_teleop:/home/sdc6/f1tenth_ws/install/kinematic_mpc:/home/sdc6/f1tenth_ws/install/ackermann_mux:/opt/ros/humble CMAKE_PREFIX_PATH=/home/sdc6/f1tenth_ws/install/teleop_tools_msgs:/home/sdc6/f1tenth_ws/install/vesc:/home/sdc6/f1tenth_ws/install/vesc_driver:/home/sdc6/f1tenth_ws/install/vesc_ackermann:/home/sdc6/f1tenth_ws/install/vesc_msgs:/home/sdc6/f1tenth_ws/install/teleop_tools:/home/sdc6/f1tenth_ws/install/ackermann_mux:/home/sdc6/f1tenth_ws/install/f1tenth_stack:/home/sdc6/f1tenth_ws/install/joy_teleop:/home/sdc6/f1tenth_ws/install/mouse_teleop:/home/sdc6/f1tenth_ws/install/kinematic_mpc:/home/sdc6/f1tenth_ws/install/key_teleop:/opt/ros/humble LD_LIBRARY_PATH=/home/sdc6/f1tenth_ws/install/teleop_tools_msgs/lib:/home/sdc6/f1tenth_ws/install/vesc_driver/lib:/home/sdc6/f1tenth_ws/install/vesc_ackermann/lib:/home/sdc6/f1tenth_ws/install/vesc_msgs/lib:/usr/local/cuda/lib64:/opt/ros/humble/opt/rviz_ogre_vendor/lib:/opt/ros/humble/lib/aarch64-linux-gnu:/opt/ros/humble/lib:/usr/local/cuda-12.6/lib64 PS1=(test_env) \[\e]0;\u@\h: \w\a\]${debian_chroot:+($debian_chroot)}\[\033[01;32m\]\u@\h\[\033[00m\]:\[\033[01;34m\]\w\[\033[00m\]\$ PYTHONPATH=/home/sdc6/f1tenth_ws/install/joy_teleop/lib/python3.10/site-packages:/home/sdc6/f1tenth_ws/install/key_teleop/lib/python3.10/site-packages:/home/sdc6/f1tenth_ws/install/f1tenth_stack/lib/python3.10/site-packages:/home/sdc6/f1tenth_ws/install/vesc_msgs/local/lib/python3.10/dist-packages:/home/sdc6/f1tenth_ws/install/teleop_tools_msgs/local/lib/python3.10/dist-packages:/home/sdc6/f1tenth_ws/install/mouse_teleop/lib/python3.10/site-packages:/home/sdc6/f1tenth_ws/install/kinematic_mpc/lib/python3.10/site-packages:/opt/ros/humble/lib/python3.10/site-packages:/opt/ros/humble/local/lib/python3.10/dist-packages VIRTUAL_ENV_PROMPT=(test_env) /usr/bin/cmake --build /home/sdc6/f1tenth_ws/build/teleop_tools -- -j6 -l6
[5.373s] DEBUG:colcon.colcon_core.event_handler.log_command:Invoking command in '/home/sdc6/f1tenth_ws/build/teleop_tools': AMENT_PREFIX_PATH=/home/sdc6/f1tenth_ws/install/joy_teleop:/home/sdc6/f1tenth_ws/install/key_teleop:/home/sdc6/f1tenth_ws/install/f1tenth_stack:/home/sdc6/f1tenth_ws/install/vesc:/home/sdc6/f1tenth_ws/install/vesc_driver:/home/sdc6/f1tenth_ws/install/vesc_ackermann:/home/sdc6/f1tenth_ws/install/vesc_msgs:/home/sdc6/f1tenth_ws/install/teleop_tools:/home/sdc6/f1tenth_ws/install/teleop_tools_msgs:/home/sdc6/f1tenth_ws/install/mouse_teleop:/home/sdc6/f1tenth_ws/install/kinematic_mpc:/home/sdc6/f1tenth_ws/install/ackermann_mux:/opt/ros/humble CMAKE_PREFIX_PATH=/home/sdc6/f1tenth_ws/install/teleop_tools_msgs:/home/sdc6/f1tenth_ws/install/vesc:/home/sdc6/f1tenth_ws/install/vesc_driver:/home/sdc6/f1tenth_ws/install/vesc_ackermann:/home/sdc6/f1tenth_ws/install/vesc_msgs:/home/sdc6/f1tenth_ws/install/teleop_tools:/home/sdc6/f1tenth_ws/install/ackermann_mux:/home/sdc6/f1tenth_ws/install/f1tenth_stack:/home/sdc6/f1tenth_ws/install/joy_teleop:/home/sdc6/f1tenth_ws/install/mouse_teleop:/home/sdc6/f1tenth_ws/install/kinematic_mpc:/home/sdc6/f1tenth_ws/install/key_teleop:/opt/ros/humble LD_LIBRARY_PATH=/home/sdc6/f1tenth_ws/install/teleop_tools_msgs/lib:/home/sdc6/f1tenth_ws/install/vesc_driver/lib:/home/sdc6/f1tenth_ws/install/vesc_ackermann/lib:/home/sdc6/f1tenth_ws/install/vesc_msgs/lib:/usr/local/cuda/lib64:/opt/ros/humble/opt/rviz_ogre_vendor/lib:/opt/ros/humble/lib/aarch64-linux-gnu:/opt/ros/humble/lib:/usr/local/cuda-12.6/lib64 PS1=(test_env) \[\e]0;\u@\h: \w\a\]${debian_chroot:+($debian_chroot)}\[\033[01;32m\]\u@\h\[\033[00m\]:\[\033[01;34m\]\w\[\033[00m\]\$ PYTHONPATH=/home/sdc6/f1tenth_ws/install/joy_teleop/lib/python3.10/site-packages:/home/sdc6/f1tenth_ws/install/key_teleop/lib/python3.10/site-packages:/home/sdc6/f1tenth_ws/install/f1tenth_stack/lib/python3.10/site-packages:/home/sdc6/f1tenth_ws/install/vesc_msgs/local/lib/python3.10/dist-packages:/home/sdc6/f1tenth_ws/install/teleop_tools_msgs/local/lib/python3.10/dist-packages:/home/sdc6/f1tenth_ws/install/mouse_teleop/lib/python3.10/site-packages:/home/sdc6/f1tenth_ws/install/kinematic_mpc/lib/python3.10/site-packages:/opt/ros/humble/lib/python3.10/site-packages:/opt/ros/humble/local/lib/python3.10/dist-packages VIRTUAL_ENV_PROMPT=(test_env) /usr/bin/cmake --install /home/sdc6/f1tenth_ws/build/teleop_tools
[5.394s] Level 1:colcon.colcon_core.environment:create_environment_scripts_only(teleop_tools)
[5.395s] Level 1:colcon.colcon_core.environment:checking '/home/sdc6/f1tenth_ws/install/teleop_tools' for CMake module files
[5.398s] Level 1:colcon.colcon_core.environment:checking '/home/sdc6/f1tenth_ws/install/teleop_tools' for CMake config files
[5.399s] DEBUG:colcon.colcon_core.event_handler.log_command:Invoked command in '/home/sdc6/f1tenth_ws/build/teleop_tools' returned '0': AMENT_PREFIX_PATH=/home/sdc6/f1tenth_ws/install/joy_teleop:/home/sdc6/f1tenth_ws/install/key_teleop:/home/sdc6/f1tenth_ws/install/f1tenth_stack:/home/sdc6/f1tenth_ws/install/vesc:/home/sdc6/f1tenth_ws/install/vesc_driver:/home/sdc6/f1tenth_ws/install/vesc_ackermann:/home/sdc6/f1tenth_ws/install/vesc_msgs:/home/sdc6/f1tenth_ws/install/teleop_tools:/home/sdc6/f1tenth_ws/install/teleop_tools_msgs:/home/sdc6/f1tenth_ws/install/mouse_teleop:/home/sdc6/f1tenth_ws/install/kinematic_mpc:/home/sdc6/f1tenth_ws/install/ackermann_mux:/opt/ros/humble CMAKE_PREFIX_PATH=/home/sdc6/f1tenth_ws/install/teleop_tools_msgs:/home/sdc6/f1tenth_ws/install/vesc:/home/sdc6/f1tenth_ws/install/vesc_driver:/home/sdc6/f1tenth_ws/install/vesc_ackermann:/home/sdc6/f1tenth_ws/install/vesc_msgs:/home/sdc6/f1tenth_ws/install/teleop_tools:/home/sdc6/f1tenth_ws/install/ackermann_mux:/home/sdc6/f1tenth_ws/install/f1tenth_stack:/home/sdc6/f1tenth_ws/install/joy_teleop:/home/sdc6/f1tenth_ws/install/mouse_teleop:/home/sdc6/f1tenth_ws/install/kinematic_mpc:/home/sdc6/f1tenth_ws/install/key_teleop:/opt/ros/humble LD_LIBRARY_PATH=/home/sdc6/f1tenth_ws/install/teleop_tools_msgs/lib:/home/sdc6/f1tenth_ws/install/vesc_driver/lib:/home/sdc6/f1tenth_ws/install/vesc_ackermann/lib:/home/sdc6/f1tenth_ws/install/vesc_msgs/lib:/usr/local/cuda/lib64:/opt/ros/humble/opt/rviz_ogre_vendor/lib:/opt/ros/humble/lib/aarch64-linux-gnu:/opt/ros/humble/lib:/usr/local/cuda-12.6/lib64 PS1=(test_env) \[\e]0;\u@\h: \w\a\]${debian_chroot:+($debian_chroot)}\[\033[01;32m\]\u@\h\[\033[00m\]:\[\033[01;34m\]\w\[\033[00m\]\$ PYTHONPATH=/home/sdc6/f1tenth_ws/install/joy_teleop/lib/python3.10/site-packages:/home/sdc6/f1tenth_ws/install/key_teleop/lib/python3.10/site-packages:/home/sdc6/f1tenth_ws/install/f1tenth_stack/lib/python3.10/site-packages:/home/sdc6/f1tenth_ws/install/vesc_msgs/local/lib/python3.10/dist-packages:/home/sdc6/f1tenth_ws/install/teleop_tools_msgs/local/lib/python3.10/dist-packages:/home/sdc6/f1tenth_ws/install/mouse_teleop/lib/python3.10/site-packages:/home/sdc6/f1tenth_ws/install/kinematic_mpc/lib/python3.10/site-packages:/opt/ros/humble/lib/python3.10/site-packages:/opt/ros/humble/local/lib/python3.10/dist-packages VIRTUAL_ENV_PROMPT=(test_env) /usr/bin/cmake --install /home/sdc6/f1tenth_ws/build/teleop_tools
[5.400s] Level 1:colcon.colcon_core.shell:create_environment_hook('teleop_tools', 'cmake_prefix_path')
[5.400s] INFO:colcon.colcon_core.shell:Creating environment hook '/home/sdc6/f1tenth_ws/install/teleop_tools/share/teleop_tools/hook/cmake_prefix_path.ps1'
[5.402s] INFO:colcon.colcon_core.shell:Creating environment descriptor '/home/sdc6/f1tenth_ws/install/teleop_tools/share/teleop_tools/hook/cmake_prefix_path.dsv'
[5.403s] INFO:colcon.colcon_core.shell:Creating environment hook '/home/sdc6/f1tenth_ws/install/teleop_tools/share/teleop_tools/hook/cmake_prefix_path.sh'
[5.404s] Level 1:colcon.colcon_core.environment:checking '/home/sdc6/f1tenth_ws/install/teleop_tools/bin'
[5.404s] Level 1:colcon.colcon_core.environment:checking '/home/sdc6/f1tenth_ws/install/teleop_tools/lib/pkgconfig/teleop_tools.pc'
[5.404s] Level 1:colcon.colcon_core.environment:checking '/home/sdc6/f1tenth_ws/install/teleop_tools/lib/python3.10/site-packages'
[5.405s] Level 1:colcon.colcon_core.environment:checking '/home/sdc6/f1tenth_ws/install/teleop_tools/bin'
[5.405s] INFO:colcon.colcon_core.shell:Creating package script '/home/sdc6/f1tenth_ws/install/teleop_tools/share/teleop_tools/package.ps1'
[5.407s] INFO:colcon.colcon_core.shell:Creating package descriptor '/home/sdc6/f1tenth_ws/install/teleop_tools/share/teleop_tools/package.dsv'
[5.408s] INFO:colcon.colcon_core.shell:Creating package script '/home/sdc6/f1tenth_ws/install/teleop_tools/share/teleop_tools/package.sh'
[5.409s] INFO:colcon.colcon_core.shell:Creating package script '/home/sdc6/f1tenth_ws/install/teleop_tools/share/teleop_tools/package.bash'
[5.409s] INFO:colcon.colcon_core.shell:Creating package script '/home/sdc6/f1tenth_ws/install/teleop_tools/share/teleop_tools/package.zsh'
[5.410s] Level 1:colcon.colcon_core.environment:create_file_with_runtime_dependencies(/home/sdc6/f1tenth_ws/install/teleop_tools/share/colcon-core/packages/teleop_tools)
[5.411s] Level 1:colcon.colcon_core.environment:create_environment_scripts_only(teleop_tools)
[5.412s] Level 1:colcon.colcon_core.environment:checking '/home/sdc6/f1tenth_ws/install/teleop_tools' for CMake module files
[5.413s] Level 1:colcon.colcon_core.environment:checking '/home/sdc6/f1tenth_ws/install/teleop_tools' for CMake config files
[5.413s] Level 1:colcon.colcon_core.shell:create_environment_hook('teleop_tools', 'cmake_prefix_path')
[5.414s] INFO:colcon.colcon_core.shell:Creating environment hook '/home/sdc6/f1tenth_ws/install/teleop_tools/share/teleop_tools/hook/cmake_prefix_path.ps1'
[5.415s] INFO:colcon.colcon_core.shell:Creating environment descriptor '/home/sdc6/f1tenth_ws/install/teleop_tools/share/teleop_tools/hook/cmake_prefix_path.dsv'
[5.416s] INFO:colcon.colcon_core.shell:Creating environment hook '/home/sdc6/f1tenth_ws/install/teleop_tools/share/teleop_tools/hook/cmake_prefix_path.sh'
[5.417s] Level 1:colcon.colcon_core.environment:checking '/home/sdc6/f1tenth_ws/install/teleop_tools/bin'
[5.417s] Level 1:colcon.colcon_core.environment:checking '/home/sdc6/f1tenth_ws/install/teleop_tools/lib/pkgconfig/teleop_tools.pc'
[5.417s] Level 1:colcon.colcon_core.environment:checking '/home/sdc6/f1tenth_ws/install/teleop_tools/lib/python3.10/site-packages'
[5.418s] Level 1:colcon.colcon_core.environment:checking '/home/sdc6/f1tenth_ws/install/teleop_tools/bin'
[5.419s] INFO:colcon.colcon_core.shell:Creating package script '/home/sdc6/f1tenth_ws/install/teleop_tools/share/teleop_tools/package.ps1'
[5.420s] INFO:colcon.colcon_core.shell:Creating package descriptor '/home/sdc6/f1tenth_ws/install/teleop_tools/share/teleop_tools/package.dsv'
[5.421s] INFO:colcon.colcon_core.shell:Creating package script '/home/sdc6/f1tenth_ws/install/teleop_tools/share/teleop_tools/package.sh'
[5.422s] INFO:colcon.colcon_core.shell:Creating package script '/home/sdc6/f1tenth_ws/install/teleop_tools/share/teleop_tools/package.bash'
[5.423s] INFO:colcon.colcon_core.shell:Creating package script '/home/sdc6/f1tenth_ws/install/teleop_tools/share/teleop_tools/package.zsh'
[5.424s] Level 1:colcon.colcon_core.environment:create_file_with_runtime_dependencies(/home/sdc6/f1tenth_ws/install/teleop_tools/share/colcon-core/packages/teleop_tools)
[6.045s] DEBUG:colcon.colcon_core.event_handler.log_command:Invoking command in '/home/sdc6/f1tenth_ws/src/f1tenth_system/f1tenth_stack': AMENT_PREFIX_PATH=/home/sdc6/f1tenth_ws/install/joy_teleop:/home/sdc6/f1tenth_ws/install/f1tenth_stack:/home/sdc6/f1tenth_ws/install/vesc:/home/sdc6/f1tenth_ws/install/vesc_driver:/home/sdc6/f1tenth_ws/install/vesc_ackermann:/home/sdc6/f1tenth_ws/install/vesc_msgs:/home/sdc6/f1tenth_ws/install/teleop_tools:/home/sdc6/f1tenth_ws/install/teleop_tools_msgs:/home/sdc6/f1tenth_ws/install/mouse_teleop:/home/sdc6/f1tenth_ws/install/kinematic_mpc:/home/sdc6/f1tenth_ws/install/key_teleop:/home/sdc6/f1tenth_ws/install/ackermann_mux:/opt/ros/humble CMAKE_PREFIX_PATH=/home/sdc6/f1tenth_ws/install/vesc:/home/sdc6/f1tenth_ws/install/vesc_driver:/home/sdc6/f1tenth_ws/install/vesc_ackermann:/home/sdc6/f1tenth_ws/install/vesc_msgs:/home/sdc6/f1tenth_ws/install/teleop_tools_msgs:/home/sdc6/f1tenth_ws/install/ackermann_mux:/home/sdc6/f1tenth_ws/install/teleop_tools LD_LIBRARY_PATH=/home/sdc6/f1tenth_ws/install/vesc_driver/lib:/home/sdc6/f1tenth_ws/install/vesc_ackermann/lib:/home/sdc6/f1tenth_ws/install/vesc_msgs/lib:/home/sdc6/f1tenth_ws/install/teleop_tools_msgs/lib:/usr/local/cuda/lib64:/opt/ros/humble/opt/rviz_ogre_vendor/lib:/opt/ros/humble/lib/aarch64-linux-gnu:/opt/ros/humble/lib:/usr/local/cuda-12.6/lib64 PS1=(test_env) \[\e]0;\u@\h: \w\a\]${debian_chroot:+($debian_chroot)}\[\033[01;32m\]\u@\h\[\033[00m\]:\[\033[01;34m\]\w\[\033[00m\]\$ PYTHONPATH=/home/sdc6/f1tenth_ws/build/f1tenth_stack/prefix_override:/usr/lib/python3/dist-packages/colcon_core/task/python/colcon_distutils_commands:/home/sdc6/f1tenth_ws/install/f1tenth_stack/lib/python3.10/site-packages:/home/sdc6/f1tenth_ws/install/joy_teleop/lib/python3.10/site-packages:/home/sdc6/f1tenth_ws/install/f1tenth_stack/lib/python3.10/site-packages:/home/sdc6/f1tenth_ws/install/vesc_msgs/local/lib/python3.10/dist-packages:/home/sdc6/f1tenth_ws/install/teleop_tools_msgs/local/lib/python3.10/dist-packages:/home/sdc6/f1tenth_ws/install/mouse_teleop/lib/python3.10/site-packages:/home/sdc6/f1tenth_ws/install/kinematic_mpc/lib/python3.10/site-packages:/home/sdc6/f1tenth_ws/install/key_teleop/lib/python3.10/site-packages:/opt/ros/humble/lib/python3.10/site-packages:/opt/ros/humble/local/lib/python3.10/dist-packages VIRTUAL_ENV_PROMPT=(test_env) /usr/bin/python3 -W ignore:setup.py install is deprecated -W ignore:easy_install command is deprecated setup.py egg_info --egg-base ../../../build/f1tenth_stack build --build-base /home/sdc6/f1tenth_ws/build/f1tenth_stack/build install --record /home/sdc6/f1tenth_ws/build/f1tenth_stack/install.log --single-version-externally-managed install_data
[6.643s] Level 1:colcon.colcon_core.environment:checking '/home/sdc6/f1tenth_ws/install/f1tenth_stack' for CMake module files
[6.644s] DEBUG:colcon.colcon_core.event_handler.log_command:Invoked command in '/home/sdc6/f1tenth_ws/src/f1tenth_system/f1tenth_stack' returned '0': AMENT_PREFIX_PATH=/home/sdc6/f1tenth_ws/install/joy_teleop:/home/sdc6/f1tenth_ws/install/f1tenth_stack:/home/sdc6/f1tenth_ws/install/vesc:/home/sdc6/f1tenth_ws/install/vesc_driver:/home/sdc6/f1tenth_ws/install/vesc_ackermann:/home/sdc6/f1tenth_ws/install/vesc_msgs:/home/sdc6/f1tenth_ws/install/teleop_tools:/home/sdc6/f1tenth_ws/install/teleop_tools_msgs:/home/sdc6/f1tenth_ws/install/mouse_teleop:/home/sdc6/f1tenth_ws/install/kinematic_mpc:/home/sdc6/f1tenth_ws/install/key_teleop:/home/sdc6/f1tenth_ws/install/ackermann_mux:/opt/ros/humble CMAKE_PREFIX_PATH=/home/sdc6/f1tenth_ws/install/vesc:/home/sdc6/f1tenth_ws/install/vesc_driver:/home/sdc6/f1tenth_ws/install/vesc_ackermann:/home/sdc6/f1tenth_ws/install/vesc_msgs:/home/sdc6/f1tenth_ws/install/teleop_tools_msgs:/home/sdc6/f1tenth_ws/install/ackermann_mux:/home/sdc6/f1tenth_ws/install/teleop_tools LD_LIBRARY_PATH=/home/sdc6/f1tenth_ws/install/vesc_driver/lib:/home/sdc6/f1tenth_ws/install/vesc_ackermann/lib:/home/sdc6/f1tenth_ws/install/vesc_msgs/lib:/home/sdc6/f1tenth_ws/install/teleop_tools_msgs/lib:/usr/local/cuda/lib64:/opt/ros/humble/opt/rviz_ogre_vendor/lib:/opt/ros/humble/lib/aarch64-linux-gnu:/opt/ros/humble/lib:/usr/local/cuda-12.6/lib64 PS1=(test_env) \[\e]0;\u@\h: \w\a\]${debian_chroot:+($debian_chroot)}\[\033[01;32m\]\u@\h\[\033[00m\]:\[\033[01;34m\]\w\[\033[00m\]\$ PYTHONPATH=/home/sdc6/f1tenth_ws/build/f1tenth_stack/prefix_override:/usr/lib/python3/dist-packages/colcon_core/task/python/colcon_distutils_commands:/home/sdc6/f1tenth_ws/install/f1tenth_stack/lib/python3.10/site-packages:/home/sdc6/f1tenth_ws/install/joy_teleop/lib/python3.10/site-packages:/home/sdc6/f1tenth_ws/install/f1tenth_stack/lib/python3.10/site-packages:/home/sdc6/f1tenth_ws/install/vesc_msgs/local/lib/python3.10/dist-packages:/home/sdc6/f1tenth_ws/install/teleop_tools_msgs/local/lib/python3.10/dist-packages:/home/sdc6/f1tenth_ws/install/mouse_teleop/lib/python3.10/site-packages:/home/sdc6/f1tenth_ws/install/kinematic_mpc/lib/python3.10/site-packages:/home/sdc6/f1tenth_ws/install/key_teleop/lib/python3.10/site-packages:/opt/ros/humble/lib/python3.10/site-packages:/opt/ros/humble/local/lib/python3.10/dist-packages VIRTUAL_ENV_PROMPT=(test_env) /usr/bin/python3 -W ignore:setup.py install is deprecated -W ignore:easy_install command is deprecated setup.py egg_info --egg-base ../../../build/f1tenth_stack build --build-base /home/sdc6/f1tenth_ws/build/f1tenth_stack/build install --record /home/sdc6/f1tenth_ws/build/f1tenth_stack/install.log --single-version-externally-managed install_data
[6.645s] Level 1:colcon.colcon_core.environment:checking '/home/sdc6/f1tenth_ws/install/f1tenth_stack' for CMake config files
[6.650s] Level 1:colcon.colcon_core.environment:checking '/home/sdc6/f1tenth_ws/install/f1tenth_stack/lib'
[6.650s] Level 1:colcon.colcon_core.environment:checking '/home/sdc6/f1tenth_ws/install/f1tenth_stack/bin'
[6.650s] Level 1:colcon.colcon_core.environment:checking '/home/sdc6/f1tenth_ws/install/f1tenth_stack/lib/pkgconfig/f1tenth_stack.pc'
[6.651s] Level 1:colcon.colcon_core.environment:checking '/home/sdc6/f1tenth_ws/install/f1tenth_stack/lib/python3.10/site-packages'
[6.651s] Level 1:colcon.colcon_core.shell:create_environment_hook('f1tenth_stack', 'pythonpath')
[6.651s] INFO:colcon.colcon_core.shell:Creating environment hook '/home/sdc6/f1tenth_ws/install/f1tenth_stack/share/f1tenth_stack/hook/pythonpath.ps1'
[6.653s] INFO:colcon.colcon_core.shell:Creating environment descriptor '/home/sdc6/f1tenth_ws/install/f1tenth_stack/share/f1tenth_stack/hook/pythonpath.dsv'
[6.654s] INFO:colcon.colcon_core.shell:Creating environment hook '/home/sdc6/f1tenth_ws/install/f1tenth_stack/share/f1tenth_stack/hook/pythonpath.sh'
[6.655s] Level 1:colcon.colcon_core.environment:checking '/home/sdc6/f1tenth_ws/install/f1tenth_stack/bin'
[6.655s] Level 1:colcon.colcon_core.environment:create_environment_scripts_only(f1tenth_stack)
[6.656s] INFO:colcon.colcon_core.shell:Creating package script '/home/sdc6/f1tenth_ws/install/f1tenth_stack/share/f1tenth_stack/package.ps1'
[6.658s] INFO:colcon.colcon_core.shell:Creating package descriptor '/home/sdc6/f1tenth_ws/install/f1tenth_stack/share/f1tenth_stack/package.dsv'
[6.659s] INFO:colcon.colcon_core.shell:Creating package script '/home/sdc6/f1tenth_ws/install/f1tenth_stack/share/f1tenth_stack/package.sh'
[6.660s] INFO:colcon.colcon_core.shell:Creating package script '/home/sdc6/f1tenth_ws/install/f1tenth_stack/share/f1tenth_stack/package.bash'
[6.661s] INFO:colcon.colcon_core.shell:Creating package script '/home/sdc6/f1tenth_ws/install/f1tenth_stack/share/f1tenth_stack/package.zsh'
[6.661s] Level 1:colcon.colcon_core.environment:create_file_with_runtime_dependencies(/home/sdc6/f1tenth_ws/install/f1tenth_stack/share/colcon-core/packages/f1tenth_stack)
[6.662s] DEBUG:colcon.colcon_parallel_executor.executor.parallel:closing loop
[6.663s] DEBUG:colcon.colcon_parallel_executor.executor.parallel:loop closed
[6.664s] DEBUG:colcon.colcon_parallel_executor.executor.parallel:run_until_complete finished with '0'
[6.664s] DEBUG:colcon.colcon_core.event_reactor:joining thread
[6.666s] DEBUG:colcon.colcon_core.event_reactor:joined thread
[6.667s] INFO:colcon.colcon_core.shell:Creating prefix script '/home/sdc6/f1tenth_ws/install/local_setup.ps1'
[6.669s] INFO:colcon.colcon_core.shell:Creating prefix util module '/home/sdc6/f1tenth_ws/install/_local_setup_util_ps1.py'
[6.674s] INFO:colcon.colcon_core.shell:Creating prefix chain script '/home/sdc6/f1tenth_ws/install/setup.ps1'
[6.677s] INFO:colcon.colcon_core.shell:Creating prefix script '/home/sdc6/f1tenth_ws/install/local_setup.sh'
[6.679s] INFO:colcon.colcon_core.shell:Creating prefix util module '/home/sdc6/f1tenth_ws/install/_local_setup_util_sh.py'
[6.680s] INFO:colcon.colcon_core.shell:Creating prefix chain script '/home/sdc6/f1tenth_ws/install/setup.sh'
[6.683s] INFO:colcon.colcon_core.shell:Creating prefix script '/home/sdc6/f1tenth_ws/install/local_setup.bash'
[6.685s] INFO:colcon.colcon_core.shell:Creating prefix chain script '/home/sdc6/f1tenth_ws/install/setup.bash'
[6.689s] INFO:colcon.colcon_core.shell:Creating prefix script '/home/sdc6/f1tenth_ws/install/local_setup.zsh'
[6.691s] INFO:colcon.colcon_core.shell:Creating prefix chain script '/home/sdc6/f1tenth_ws/install/setup.zsh'
